[2025-07-21 15:45:55,649] INFO - Adding job tentatively -- it will be properly scheduled when the scheduler starts
[2025-07-21 15:45:55,650] INFO - Added job "create_app.<locals>.<lambda>" to job store "default"
[2025-07-21 15:45:55,650] INFO - Scheduler started
[2025-07-21 15:45:56,333] INFO - [31m[1mWARNING: This is a development server. Do not use it in a production deployment. Use a production WSGI server instead.[0m
 * Running on http://127.0.0.1:5000
[2025-07-21 15:45:56,333] INFO - [33mPress CTRL+C to quit[0m
[2025-07-21 15:46:08,213] INFO - 127.0.0.1 - - [21/Jul/2025 15:46:08] "GET /login?username=admin&password=admin HTTP/1.1" 200 -
[2025-07-21 15:46:08,468] INFO - 127.0.0.1 - - [21/Jul/2025 15:46:08] "GET /static/styles.css HTTP/1.1" 200 -
[2025-07-21 15:46:11,535] INFO - 127.0.0.1 - - [21/Jul/2025 15:46:11] "GET /static/manifest.json HTTP/1.1" 200 -
[2025-07-21 15:46:55,666] INFO - Running job "create_app.<locals>.<lambda> (trigger: interval[0:01:00], next run at: 2025-07-21 15:46:55 CEST)" (scheduled at 2025-07-21 15:46:55.649145+02:00)
[2025-07-21 15:46:59,790] ERROR - Job "create_app.<locals>.<lambda> (trigger: interval[0:01:00], next run at: 2025-07-21 15:47:55 CEST)" raised an exception
Traceback (most recent call last):
  File "C:\Users\norbe\AppData\Local\Programs\Python\Python313\Lib\site-packages\redis\connection.py", line 385, in connect_check_health
    sock = self.retry.call_with_retry(
        lambda: self._connect(), lambda error: self.disconnect(error)
    )
  File "C:\Users\norbe\AppData\Local\Programs\Python\Python313\Lib\site-packages\redis\retry.py", line 87, in call_with_retry
    return do()
  File "C:\Users\norbe\AppData\Local\Programs\Python\Python313\Lib\site-packages\redis\connection.py", line 386, in <lambda>
    lambda: self._connect(), lambda error: self.disconnect(error)
            ~~~~~~~~~~~~~^^
  File "C:\Users\norbe\AppData\Local\Programs\Python\Python313\Lib\site-packages\redis\connection.py", line 797, in _connect
    raise err
  File "C:\Users\norbe\AppData\Local\Programs\Python\Python313\Lib\site-packages\redis\connection.py", line 781, in _connect
    sock.connect(socket_address)
    ~~~~~~~~~~~~^^^^^^^^^^^^^^^^
ConnectionRefusedError: [WinError 10061] Nie mo¿na nawi¹zaæ po³¹czenia, poniewa¿ komputer docelowy aktywnie go odmawia

During handling of the above exception, another exception occurred:

Traceback (most recent call last):
  File "C:\Users\norbe\AppData\Local\Programs\Python\Python313\Lib\site-packages\apscheduler\executors\base.py", line 125, in run_job
    retval = job.func(*job.args, **job.kwargs)
  File "F:\kick-multibot-panel\backend\app.py", line 210, in <lambda>
    lambda: queue.enqueue(process_unsent_events),
            ~~~~~~~~~~~~~^^^^^^^^^^^^^^^^^^^^^^^
  File "C:\Users\norbe\AppData\Local\Programs\Python\Python313\Lib\site-packages\rq\queue.py", line 1011, in enqueue
    return self.enqueue_call(
           ~~~~~~~~~~~~~~~~~^
        func=f,
        ^^^^^^^
    ...<16 lines>...
        pipeline=pipeline,
        ^^^^^^^^^^^^^^^^^^
    )
    ^
  File "C:\Users\norbe\AppData\Local\Programs\Python\Python313\Lib\site-packages\rq\queue.py", line 743, in enqueue_call
    return self.enqueue_job(job, pipeline=pipeline, at_front=at_front)
           ~~~~~~~~~~~~~~~~^^^^^^^^^^^^^^^^^^^^^^^^^^^^^^^^^^^^^^^^^^^
  File "C:\Users\norbe\AppData\Local\Programs\Python\Python313\Lib\site-packages\rq\queue.py", line 1139, in enqueue_job
    pipe.execute()
    ~~~~~~~~~~~~^^
  File "C:\Users\norbe\AppData\Local\Programs\Python\Python313\Lib\site-packages\redis\client.py", line 1607, in execute
    conn = self.connection_pool.get_connection()
  File "C:\Users\norbe\AppData\Local\Programs\Python\Python313\Lib\site-packages\redis\utils.py", line 191, in wrapper
    return func(*args, **kwargs)
  File "C:\Users\norbe\AppData\Local\Programs\Python\Python313\Lib\site-packages\redis\connection.py", line 1530, in get_connection
    connection.connect()
    ~~~~~~~~~~~~~~~~~~^^
  File "C:\Users\norbe\AppData\Local\Programs\Python\Python313\Lib\site-packages\redis\connection.py", line 379, in connect
    self.connect_check_health(check_health=True)
    ~~~~~~~~~~~~~~~~~~~~~~~~~^^^^^^^^^^^^^^^^^^^
  File "C:\Users\norbe\AppData\Local\Programs\Python\Python313\Lib\site-packages\redis\connection.py", line 391, in connect_check_health
    raise ConnectionError(self._error_message(e))
redis.exceptions.ConnectionError: Error 10061 connecting to localhost:6379. Nie mo¿na nawi¹zaæ po³¹czenia, poniewa¿ komputer docelowy aktywnie go odmawia.
[2025-07-21 15:47:55,660] INFO - Running job "create_app.<locals>.<lambda> (trigger: interval[0:01:00], next run at: 2025-07-21 15:48:55 CEST)" (scheduled at 2025-07-21 15:47:55.649145+02:00)
[2025-07-21 16:12:10,953] INFO - Adding job tentatively -- it will be properly scheduled when the scheduler starts
[2025-07-21 16:12:10,953] INFO - Added job "create_app.<locals>.enqueue_sync" to job store "default"
[2025-07-21 16:12:10,953] INFO - Scheduler started
[2025-07-21 16:12:11,003] INFO - [31m[1mWARNING: This is a development server. Do not use it in a production deployment. Use a production WSGI server instead.[0m
 * Running on http://127.0.0.1:5000
[2025-07-21 16:12:11,004] INFO - [33mPress CTRL+C to quit[0m
[2025-07-21 16:12:17,948] INFO - 127.0.0.1 - - [21/Jul/2025 16:12:17] "[32mGET / HTTP/1.1[0m" 302 -
[2025-07-21 16:12:17,975] INFO - 127.0.0.1 - - [21/Jul/2025 16:12:17] "GET /login HTTP/1.1" 200 -
[2025-07-21 16:12:19,324] INFO - 127.0.0.1 - - [21/Jul/2025 16:12:19] "[36mGET /static/styles.css HTTP/1.1[0m" 304 -
[2025-07-21 16:12:23,188] INFO - 127.0.0.1 - - [21/Jul/2025 16:12:23] "[36mGET /static/manifest.json HTTP/1.1[0m" 304 -
[2025-07-21 16:12:30,473] INFO - 127.0.0.1 - - [21/Jul/2025 16:12:30] "GET /login?username=admin&password=admin HTTP/1.1" 200 -
[2025-07-21 16:12:30,520] INFO - 127.0.0.1 - - [21/Jul/2025 16:12:30] "[36mGET /static/styles.css HTTP/1.1[0m" 304 -
[2025-07-21 16:12:32,553] INFO - 127.0.0.1 - - [21/Jul/2025 16:12:32] "[36mGET /static/manifest.json HTTP/1.1[0m" 304 -
[2025-07-21 16:13:10,968] INFO - Running job "create_app.<locals>.enqueue_sync (trigger: interval[0:01:00], next run at: 2025-07-21 16:13:10 CEST)" (scheduled at 2025-07-21 16:13:10.953086+02:00)
[2025-07-21 16:13:15,035] WARNING - Redis unavailable, skipping sync enqueue
[2025-07-21 16:13:15,036] INFO - Job "create_app.<locals>.enqueue_sync (trigger: interval[0:01:00], next run at: 2025-07-21 16:14:10 CEST)" executed successfully
[2025-07-21 16:14:10,956] INFO - Running job "create_app.<locals>.enqueue_sync (trigger: interval[0:01:00], next run at: 2025-07-21 16:15:10 CEST)" (scheduled at 2025-07-21 16:14:10.953086+02:00)
[2025-07-21 16:14:15,031] WARNING - Redis unavailable, skipping sync enqueue
[2025-07-21 16:14:15,031] INFO - Job "create_app.<locals>.enqueue_sync (trigger: interval[0:01:00], next run at: 2025-07-21 16:15:10 CEST)" executed successfully
[2025-07-21 16:15:10,956] INFO - Running job "create_app.<locals>.enqueue_sync (trigger: interval[0:01:00], next run at: 2025-07-21 16:16:10 CEST)" (scheduled at 2025-07-21 16:15:10.953086+02:00)
[2025-07-21 16:15:15,002] WARNING - Redis unavailable, skipping sync enqueue
[2025-07-21 16:15:15,003] INFO - Job "create_app.<locals>.enqueue_sync (trigger: interval[0:01:00], next run at: 2025-07-21 16:16:10 CEST)" executed successfully
[2025-07-21 16:15:33,292] INFO - 127.0.0.1 - - [21/Jul/2025 16:15:33] "GET /login?username=admin&password=admin HTTP/1.1" 200 -
[2025-07-21 16:15:33,388] INFO - 127.0.0.1 - - [21/Jul/2025 16:15:33] "[36mGET /static/styles.css HTTP/1.1[0m" 304 -
[2025-07-21 16:15:36,579] INFO - 127.0.0.1 - - [21/Jul/2025 16:15:36] "[36mGET /static/manifest.json HTTP/1.1[0m" 304 -
[2025-07-21 16:16:10,990] INFO - Running job "create_app.<locals>.enqueue_sync (trigger: interval[0:01:00], next run at: 2025-07-21 16:17:10 CEST)" (scheduled at 2025-07-21 16:16:10.953086+02:00)
[2025-07-21 16:16:15,114] WARNING - Redis unavailable, skipping sync enqueue
[2025-07-21 16:16:15,116] INFO - Job "create_app.<locals>.enqueue_sync (trigger: interval[0:01:00], next run at: 2025-07-21 16:17:10 CEST)" executed successfully
[2025-07-21 16:17:10,988] INFO - Running job "create_app.<locals>.enqueue_sync (trigger: interval[0:01:00], next run at: 2025-07-21 16:18:10 CEST)" (scheduled at 2025-07-21 16:17:10.953086+02:00)
[2025-07-21 16:17:15,053] WARNING - Redis unavailable, skipping sync enqueue
[2025-07-21 16:17:15,053] INFO - Job "create_app.<locals>.enqueue_sync (trigger: interval[0:01:00], next run at: 2025-07-21 16:18:10 CEST)" executed successfully
[2025-07-21 16:18:10,986] INFO - Running job "create_app.<locals>.enqueue_sync (trigger: interval[0:01:00], next run at: 2025-07-21 16:19:10 CEST)" (scheduled at 2025-07-21 16:18:10.953086+02:00)
[2025-07-21 16:18:15,682] WARNING - Redis unavailable, skipping sync enqueue
[2025-07-21 16:18:15,682] INFO - Job "create_app.<locals>.enqueue_sync (trigger: interval[0:01:00], next run at: 2025-07-21 16:19:10 CEST)" executed successfully
[2025-07-21 16:19:10,967] INFO - Running job "create_app.<locals>.enqueue_sync (trigger: interval[0:01:00], next run at: 2025-07-21 16:20:10 CEST)" (scheduled at 2025-07-21 16:19:10.953086+02:00)
[2025-07-21 16:19:15,045] WARNING - Redis unavailable, skipping sync enqueue
[2025-07-21 16:19:15,046] INFO - Job "create_app.<locals>.enqueue_sync (trigger: interval[0:01:00], next run at: 2025-07-21 16:20:10 CEST)" executed successfully
[2025-07-21 16:20:10,968] INFO - Running job "create_app.<locals>.enqueue_sync (trigger: interval[0:01:00], next run at: 2025-07-21 16:21:10 CEST)" (scheduled at 2025-07-21 16:20:10.953086+02:00)
[2025-07-21 16:20:15,055] WARNING - Redis unavailable, skipping sync enqueue
[2025-07-21 16:20:15,055] INFO - Job "create_app.<locals>.enqueue_sync (trigger: interval[0:01:00], next run at: 2025-07-21 16:21:10 CEST)" executed successfully
[2025-07-21 16:21:10,969] INFO - Running job "create_app.<locals>.enqueue_sync (trigger: interval[0:01:00], next run at: 2025-07-21 16:22:10 CEST)" (scheduled at 2025-07-21 16:21:10.953086+02:00)
[2025-07-21 16:21:15,500] WARNING - Redis unavailable, skipping sync enqueue
[2025-07-21 16:21:15,500] INFO - Job "create_app.<locals>.enqueue_sync (trigger: interval[0:01:00], next run at: 2025-07-21 16:22:10 CEST)" executed successfully
[2025-07-21 16:22:10,956] INFO - Running job "create_app.<locals>.enqueue_sync (trigger: interval[0:01:00], next run at: 2025-07-21 16:23:10 CEST)" (scheduled at 2025-07-21 16:22:10.953086+02:00)
[2025-07-21 16:22:15,009] WARNING - Redis unavailable, skipping sync enqueue
[2025-07-21 16:22:15,010] INFO - Job "create_app.<locals>.enqueue_sync (trigger: interval[0:01:00], next run at: 2025-07-21 16:23:10 CEST)" executed successfully
[2025-07-21 16:23:10,968] INFO - Running job "create_app.<locals>.enqueue_sync (trigger: interval[0:01:00], next run at: 2025-07-21 16:24:10 CEST)" (scheduled at 2025-07-21 16:23:10.953086+02:00)
[2025-07-21 16:23:15,061] WARNING - Redis unavailable, skipping sync enqueue
[2025-07-21 16:23:15,067] INFO - Job "create_app.<locals>.enqueue_sync (trigger: interval[0:01:00], next run at: 2025-07-21 16:24:10 CEST)" executed successfully
[2025-07-21 16:24:10,969] INFO - Running job "create_app.<locals>.enqueue_sync (trigger: interval[0:01:00], next run at: 2025-07-21 16:25:10 CEST)" (scheduled at 2025-07-21 16:24:10.953086+02:00)
[2025-07-21 16:24:15,078] WARNING - Redis unavailable, skipping sync enqueue
[2025-07-21 16:24:15,084] INFO - Job "create_app.<locals>.enqueue_sync (trigger: interval[0:01:00], next run at: 2025-07-21 16:25:10 CEST)" executed successfully
[2025-07-21 16:25:10,972] INFO - Running job "create_app.<locals>.enqueue_sync (trigger: interval[0:01:00], next run at: 2025-07-21 16:26:10 CEST)" (scheduled at 2025-07-21 16:25:10.953086+02:00)
[2025-07-21 16:25:16,262] WARNING - Redis unavailable, skipping sync enqueue
[2025-07-21 16:25:16,279] INFO - Job "create_app.<locals>.enqueue_sync (trigger: interval[0:01:00], next run at: 2025-07-21 16:26:10 CEST)" executed successfully
[2025-07-21 16:26:11,018] INFO - Running job "create_app.<locals>.enqueue_sync (trigger: interval[0:01:00], next run at: 2025-07-21 16:27:10 CEST)" (scheduled at 2025-07-21 16:26:10.953086+02:00)
[2025-07-21 16:26:15,849] WARNING - Redis unavailable, skipping sync enqueue
[2025-07-21 16:26:15,850] INFO - Job "create_app.<locals>.enqueue_sync (trigger: interval[0:01:00], next run at: 2025-07-21 16:27:10 CEST)" executed successfully
[2025-07-21 16:26:45,248] WARNING - Redis unavailable, tasks will run inline
[2025-07-21 16:26:46,113] INFO - Adding job tentatively -- it will be properly scheduled when the scheduler starts
[2025-07-21 16:26:46,113] INFO - Added job "create_app.<locals>.enqueue_sync" to job store "default"
[2025-07-21 16:26:46,113] INFO - Scheduler started
[2025-07-21 16:26:46,275] INFO - [31m[1mWARNING: This is a development server. Do not use it in a production deployment. Use a production WSGI server instead.[0m
 * Running on http://127.0.0.1:5000
[2025-07-21 16:26:46,275] INFO - [33mPress CTRL+C to quit[0m
[2025-07-21 16:27:32,369] WARNING - Redis unavailable, tasks will run inline
[2025-07-21 16:27:32,454] INFO - Adding job tentatively -- it will be properly scheduled when the scheduler starts
[2025-07-21 16:27:32,657] INFO - Added job "create_app.<locals>.enqueue_sync" to job store "default"
[2025-07-21 16:27:32,661] INFO - Scheduler started
[2025-07-21 16:27:32,696] INFO - [31m[1mWARNING: This is a development server. Do not use it in a production deployment. Use a production WSGI server instead.[0m
 * Running on http://127.0.0.1:5000
[2025-07-21 16:27:32,697] INFO - [33mPress CTRL+C to quit[0m
[2025-07-21 16:27:34,743] INFO - 127.0.0.1 - - [21/Jul/2025 16:27:34] "[36mGET /static/manifest.json HTTP/1.1[0m" 304 -
[2025-07-21 16:27:40,716] INFO - 127.0.0.1 - - [21/Jul/2025 16:27:40] "GET /login?username=admin&password=admin HTTP/1.1" 200 -
[2025-07-21 16:27:40,893] INFO - 127.0.0.1 - - [21/Jul/2025 16:27:40] "[36mGET /static/styles.css HTTP/1.1[0m" 304 -
[2025-07-21 16:27:41,750] INFO - 127.0.0.1 - - [21/Jul/2025 16:27:41] "[36mGET /static/manifest.json HTTP/1.1[0m" 304 -
[2025-07-21 16:28:32,457] INFO - Running job "create_app.<locals>.enqueue_sync (trigger: interval[0:01:00], next run at: 2025-07-21 16:28:32 CEST)" (scheduled at 2025-07-21 16:28:32.453921+02:00)
[2025-07-21 16:28:36,541] WARNING - Redis unavailable, skipping sync enqueue
[2025-07-21 16:28:36,541] INFO - Job "create_app.<locals>.enqueue_sync (trigger: interval[0:01:00], next run at: 2025-07-21 16:29:32 CEST)" executed successfully
[2025-07-21 16:29:32,476] INFO - Running job "create_app.<locals>.enqueue_sync (trigger: interval[0:01:00], next run at: 2025-07-21 16:30:32 CEST)" (scheduled at 2025-07-21 16:29:32.453921+02:00)
[2025-07-21 16:29:36,798] WARNING - Redis unavailable, skipping sync enqueue
[2025-07-21 16:29:36,818] INFO - Job "create_app.<locals>.enqueue_sync (trigger: interval[0:01:00], next run at: 2025-07-21 16:30:32 CEST)" executed successfully
[2025-07-21 16:30:32,461] INFO - Running job "create_app.<locals>.enqueue_sync (trigger: interval[0:01:00], next run at: 2025-07-21 16:31:32 CEST)" (scheduled at 2025-07-21 16:30:32.453921+02:00)
[2025-07-21 16:30:36,540] WARNING - Redis unavailable, skipping sync enqueue
[2025-07-21 16:30:36,545] INFO - Job "create_app.<locals>.enqueue_sync (trigger: interval[0:01:00], next run at: 2025-07-21 16:31:32 CEST)" executed successfully
[2025-07-21 18:06:43,478] WARNING - Redis unavailable, tasks will run inline
[2025-07-21 18:06:44,336] INFO - Adding job tentatively -- it will be properly scheduled when the scheduler starts
[2025-07-21 18:06:44,336] INFO - Added job "create_app.<locals>.enqueue_sync" to job store "default"
[2025-07-21 18:06:44,336] INFO - Scheduler started
[2025-07-21 18:06:45,731] INFO - [31m[1mWARNING: This is a development server. Do not use it in a production deployment. Use a production WSGI server instead.[0m
 * Running on http://127.0.0.1:5000
[2025-07-21 18:06:45,732] INFO - [33mPress CTRL+C to quit[0m
[2025-07-21 18:06:48,005] INFO - 127.0.0.1 - - [21/Jul/2025 18:06:48] "GET /login?username=admin&password=admin HTTP/1.1" 200 -
[2025-07-21 18:06:48,361] INFO - 127.0.0.1 - - [21/Jul/2025 18:06:48] "[36mGET /static/styles.css HTTP/1.1[0m" 304 -
[2025-07-21 18:06:56,664] INFO - 127.0.0.1 - - [21/Jul/2025 18:06:56] "[36mGET /static/manifest.json HTTP/1.1[0m" 304 -
[2025-07-21 18:07:14,074] INFO - 127.0.0.1 - - [21/Jul/2025 18:07:14] "GET /login?username=admin&password=admin HTTP/1.1" 200 -
[2025-07-21 18:07:14,109] INFO - 127.0.0.1 - - [21/Jul/2025 18:07:14] "[36mGET /static/styles.css HTTP/1.1[0m" 304 -
[2025-07-21 18:07:15,298] INFO - 127.0.0.1 - - [21/Jul/2025 18:07:15] "[36mGET /static/manifest.json HTTP/1.1[0m" 304 -
[2025-07-21 18:07:44,347] INFO - Running job "create_app.<locals>.enqueue_sync (trigger: interval[0:01:00], next run at: 2025-07-21 18:07:44 CEST)" (scheduled at 2025-07-21 18:07:44.336178+02:00)
[2025-07-21 18:07:48,422] WARNING - Redis unavailable, skipping sync enqueue
[2025-07-21 18:07:48,422] INFO - Job "create_app.<locals>.enqueue_sync (trigger: interval[0:01:00], next run at: 2025-07-21 18:08:44 CEST)" executed successfully
[2025-07-21 18:08:44,340] INFO - Running job "create_app.<locals>.enqueue_sync (trigger: interval[0:01:00], next run at: 2025-07-21 18:09:44 CEST)" (scheduled at 2025-07-21 18:08:44.336178+02:00)
[2025-07-21 18:08:48,397] WARNING - Redis unavailable, skipping sync enqueue
[2025-07-21 18:08:48,397] INFO - Job "create_app.<locals>.enqueue_sync (trigger: interval[0:01:00], next run at: 2025-07-21 18:09:44 CEST)" executed successfully
[2025-07-21 18:09:44,339] INFO - Running job "create_app.<locals>.enqueue_sync (trigger: interval[0:01:00], next run at: 2025-07-21 18:10:44 CEST)" (scheduled at 2025-07-21 18:09:44.336178+02:00)
[2025-07-21 18:09:48,410] WARNING - Redis unavailable, skipping sync enqueue
[2025-07-21 18:09:48,410] INFO - Job "create_app.<locals>.enqueue_sync (trigger: interval[0:01:00], next run at: 2025-07-21 18:10:44 CEST)" executed successfully
[2025-07-21 18:10:38,930] INFO - 127.0.0.1 - - [21/Jul/2025 18:10:38] "GET /login?username=admin&password=admin HTTP/1.1" 200 -
[2025-07-21 18:10:39,065] INFO - 127.0.0.1 - - [21/Jul/2025 18:10:39] "[36mGET /static/styles.css HTTP/1.1[0m" 304 -
[2025-07-21 18:10:40,507] INFO - 127.0.0.1 - - [21/Jul/2025 18:10:40] "[36mGET /static/manifest.json HTTP/1.1[0m" 304 -
[2025-07-21 18:10:44,346] INFO - Running job "create_app.<locals>.enqueue_sync (trigger: interval[0:01:00], next run at: 2025-07-21 18:11:44 CEST)" (scheduled at 2025-07-21 18:10:44.336178+02:00)
[2025-07-21 18:10:48,427] WARNING - Redis unavailable, skipping sync enqueue
[2025-07-21 18:10:48,427] INFO - Job "create_app.<locals>.enqueue_sync (trigger: interval[0:01:00], next run at: 2025-07-21 18:11:44 CEST)" executed successfully
[2025-07-21 18:11:44,341] INFO - Running job "create_app.<locals>.enqueue_sync (trigger: interval[0:01:00], next run at: 2025-07-21 18:12:44 CEST)" (scheduled at 2025-07-21 18:11:44.336178+02:00)
[2025-07-21 18:11:48,441] WARNING - Redis unavailable, skipping sync enqueue
[2025-07-21 18:11:48,441] INFO - Job "create_app.<locals>.enqueue_sync (trigger: interval[0:01:00], next run at: 2025-07-21 18:12:44 CEST)" executed successfully
[2025-07-21 18:12:44,344] INFO - Running job "create_app.<locals>.enqueue_sync (trigger: interval[0:01:00], next run at: 2025-07-21 18:13:44 CEST)" (scheduled at 2025-07-21 18:12:44.336178+02:00)
[2025-07-21 18:12:48,467] WARNING - Redis unavailable, skipping sync enqueue
[2025-07-21 18:12:48,468] INFO - Job "create_app.<locals>.enqueue_sync (trigger: interval[0:01:00], next run at: 2025-07-21 18:13:44 CEST)" executed successfully
[2025-07-21 18:13:44,344] INFO - Running job "create_app.<locals>.enqueue_sync (trigger: interval[0:01:00], next run at: 2025-07-21 18:14:44 CEST)" (scheduled at 2025-07-21 18:13:44.336178+02:00)
[2025-07-21 18:13:48,419] WARNING - Redis unavailable, skipping sync enqueue
[2025-07-21 18:13:48,419] INFO - Job "create_app.<locals>.enqueue_sync (trigger: interval[0:01:00], next run at: 2025-07-21 18:14:44 CEST)" executed successfully
[2025-07-21 18:14:44,356] INFO - Running job "create_app.<locals>.enqueue_sync (trigger: interval[0:01:00], next run at: 2025-07-21 18:15:44 CEST)" (scheduled at 2025-07-21 18:14:44.336178+02:00)
[2025-07-21 18:14:48,448] WARNING - Redis unavailable, skipping sync enqueue
[2025-07-21 18:14:48,448] INFO - Job "create_app.<locals>.enqueue_sync (trigger: interval[0:01:00], next run at: 2025-07-21 18:15:44 CEST)" executed successfully
[2025-07-21 18:15:44,513] INFO - Running job "create_app.<locals>.enqueue_sync (trigger: interval[0:01:00], next run at: 2025-07-21 18:16:44 CEST)" (scheduled at 2025-07-21 18:15:44.336178+02:00)
[2025-07-21 18:15:49,219] WARNING - Redis unavailable, skipping sync enqueue
[2025-07-21 18:15:49,219] INFO - Job "create_app.<locals>.enqueue_sync (trigger: interval[0:01:00], next run at: 2025-07-21 18:16:44 CEST)" executed successfully
[2025-07-21 18:16:44,382] INFO - Running job "create_app.<locals>.enqueue_sync (trigger: interval[0:01:00], next run at: 2025-07-21 18:17:44 CEST)" (scheduled at 2025-07-21 18:16:44.336178+02:00)
[2025-07-21 18:16:48,949] WARNING - Redis unavailable, skipping sync enqueue
[2025-07-21 18:16:48,949] INFO - Job "create_app.<locals>.enqueue_sync (trigger: interval[0:01:00], next run at: 2025-07-21 18:17:44 CEST)" executed successfully
[2025-07-21 18:17:44,344] INFO - Running job "create_app.<locals>.enqueue_sync (trigger: interval[0:01:00], next run at: 2025-07-21 18:18:44 CEST)" (scheduled at 2025-07-21 18:17:44.336178+02:00)
[2025-07-21 18:17:49,051] WARNING - Redis unavailable, skipping sync enqueue
[2025-07-21 18:17:49,051] INFO - Job "create_app.<locals>.enqueue_sync (trigger: interval[0:01:00], next run at: 2025-07-21 18:18:44 CEST)" executed successfully
[2025-07-21 18:18:44,371] INFO - Running job "create_app.<locals>.enqueue_sync (trigger: interval[0:01:00], next run at: 2025-07-21 18:19:44 CEST)" (scheduled at 2025-07-21 18:18:44.336178+02:00)
[2025-07-21 18:18:48,456] WARNING - Redis unavailable, skipping sync enqueue
[2025-07-21 18:18:48,459] INFO - Job "create_app.<locals>.enqueue_sync (trigger: interval[0:01:00], next run at: 2025-07-21 18:19:44 CEST)" executed successfully
[2025-07-21 18:19:44,406] INFO - Running job "create_app.<locals>.enqueue_sync (trigger: interval[0:01:00], next run at: 2025-07-21 18:20:44 CEST)" (scheduled at 2025-07-21 18:19:44.336178+02:00)
[2025-07-21 18:19:48,525] WARNING - Redis unavailable, skipping sync enqueue
[2025-07-21 18:19:48,525] INFO - Job "create_app.<locals>.enqueue_sync (trigger: interval[0:01:00], next run at: 2025-07-21 18:20:44 CEST)" executed successfully
[2025-07-21 18:20:44,377] INFO - Running job "create_app.<locals>.enqueue_sync (trigger: interval[0:01:00], next run at: 2025-07-21 18:21:44 CEST)" (scheduled at 2025-07-21 18:20:44.336178+02:00)
[2025-07-21 18:20:48,472] WARNING - Redis unavailable, skipping sync enqueue
[2025-07-21 18:20:48,472] INFO - Job "create_app.<locals>.enqueue_sync (trigger: interval[0:01:00], next run at: 2025-07-21 18:21:44 CEST)" executed successfully
[2025-07-21 18:21:44,356] INFO - Running job "create_app.<locals>.enqueue_sync (trigger: interval[0:01:00], next run at: 2025-07-21 18:22:44 CEST)" (scheduled at 2025-07-21 18:21:44.336178+02:00)
[2025-07-21 18:21:48,469] WARNING - Redis unavailable, skipping sync enqueue
[2025-07-21 18:21:48,469] INFO - Job "create_app.<locals>.enqueue_sync (trigger: interval[0:01:00], next run at: 2025-07-21 18:22:44 CEST)" executed successfully
[2025-07-21 18:22:44,352] INFO - Running job "create_app.<locals>.enqueue_sync (trigger: interval[0:01:00], next run at: 2025-07-21 18:23:44 CEST)" (scheduled at 2025-07-21 18:22:44.336178+02:00)
[2025-07-21 18:22:48,442] WARNING - Redis unavailable, skipping sync enqueue
[2025-07-21 18:22:48,442] INFO - Job "create_app.<locals>.enqueue_sync (trigger: interval[0:01:00], next run at: 2025-07-21 18:23:44 CEST)" executed successfully
[2025-07-21 18:23:44,387] INFO - Running job "create_app.<locals>.enqueue_sync (trigger: interval[0:01:00], next run at: 2025-07-21 18:23:44 CEST)" (scheduled at 2025-07-21 18:23:44.336178+02:00)
[2025-07-21 18:23:48,524] WARNING - Redis unavailable, skipping sync enqueue
[2025-07-21 18:23:48,544] INFO - Job "create_app.<locals>.enqueue_sync (trigger: interval[0:01:00], next run at: 2025-07-21 18:24:44 CEST)" executed successfully
[2025-07-21 18:24:44,367] INFO - Running job "create_app.<locals>.enqueue_sync (trigger: interval[0:01:00], next run at: 2025-07-21 18:25:44 CEST)" (scheduled at 2025-07-21 18:24:44.336178+02:00)
[2025-07-21 18:24:48,476] WARNING - Redis unavailable, skipping sync enqueue
[2025-07-21 18:24:48,476] INFO - Job "create_app.<locals>.enqueue_sync (trigger: interval[0:01:00], next run at: 2025-07-21 18:25:44 CEST)" executed successfully
[2025-07-21 18:25:44,363] INFO - Running job "create_app.<locals>.enqueue_sync (trigger: interval[0:01:00], next run at: 2025-07-21 18:26:44 CEST)" (scheduled at 2025-07-21 18:25:44.336178+02:00)
[2025-07-21 18:25:48,442] WARNING - Redis unavailable, skipping sync enqueue
[2025-07-21 18:25:48,443] INFO - Job "create_app.<locals>.enqueue_sync (trigger: interval[0:01:00], next run at: 2025-07-21 18:26:44 CEST)" executed successfully
[2025-07-21 18:26:44,364] INFO - Running job "create_app.<locals>.enqueue_sync (trigger: interval[0:01:00], next run at: 2025-07-21 18:27:44 CEST)" (scheduled at 2025-07-21 18:26:44.336178+02:00)
[2025-07-21 18:26:48,451] WARNING - Redis unavailable, skipping sync enqueue
[2025-07-21 18:26:48,451] INFO - Job "create_app.<locals>.enqueue_sync (trigger: interval[0:01:00], next run at: 2025-07-21 18:27:44 CEST)" executed successfully
[2025-07-21 18:27:44,357] INFO - Running job "create_app.<locals>.enqueue_sync (trigger: interval[0:01:00], next run at: 2025-07-21 18:28:44 CEST)" (scheduled at 2025-07-21 18:27:44.336178+02:00)
[2025-07-21 18:27:48,457] WARNING - Redis unavailable, skipping sync enqueue
[2025-07-21 18:27:48,457] INFO - Job "create_app.<locals>.enqueue_sync (trigger: interval[0:01:00], next run at: 2025-07-21 18:28:44 CEST)" executed successfully
[2025-07-21 18:28:44,360] INFO - Running job "create_app.<locals>.enqueue_sync (trigger: interval[0:01:00], next run at: 2025-07-21 18:29:44 CEST)" (scheduled at 2025-07-21 18:28:44.336178+02:00)
[2025-07-21 18:28:48,437] WARNING - Redis unavailable, skipping sync enqueue
[2025-07-21 18:28:48,437] INFO - Job "create_app.<locals>.enqueue_sync (trigger: interval[0:01:00], next run at: 2025-07-21 18:29:44 CEST)" executed successfully
[2025-07-21 18:29:44,340] INFO - Running job "create_app.<locals>.enqueue_sync (trigger: interval[0:01:00], next run at: 2025-07-21 18:30:44 CEST)" (scheduled at 2025-07-21 18:29:44.336178+02:00)
[2025-07-21 18:29:48,427] WARNING - Redis unavailable, skipping sync enqueue
[2025-07-21 18:29:48,428] INFO - Job "create_app.<locals>.enqueue_sync (trigger: interval[0:01:00], next run at: 2025-07-21 18:30:44 CEST)" executed successfully
[2025-07-22 23:13:34,149] WARNING - Redis unavailable, tasks will run inline
[2025-07-22 23:13:34,507] INFO - Adding job tentatively -- it will be properly scheduled when the scheduler starts
[2025-07-22 23:13:34,507] INFO - Added job "create_app.<locals>.enqueue_sync" to job store "default"
[2025-07-22 23:13:34,508] INFO - Scheduler started
[2025-07-22 23:13:34,591] INFO - [31m[1mWARNING: This is a development server. Do not use it in a production deployment. Use a production WSGI server instead.[0m
 * Running on http://127.0.0.1:5000
[2025-07-22 23:13:34,591] INFO - [33mPress CTRL+C to quit[0m
[2025-07-22 23:13:45,730] INFO - 127.0.0.1 - - [22/Jul/2025 23:13:45] "GET /login HTTP/1.1" 200 -
[2025-07-22 23:13:49,294] INFO - 127.0.0.1 - - [22/Jul/2025 23:13:49] "[33mGET /favicon.ico HTTP/1.1[0m" 404 -
[2025-07-22 23:13:49,406] INFO - 127.0.0.1 - - [22/Jul/2025 23:13:49] "[36mGET /static/manifest.json HTTP/1.1[0m" 304 -
[2025-07-22 23:13:54,681] INFO - 127.0.0.1 - - [22/Jul/2025 23:13:54] "[32mPOST /login HTTP/1.1[0m" 302 -
[2025-07-22 23:13:54,706] INFO - 127.0.0.1 - - [22/Jul/2025 23:13:54] "GET /dashboard HTTP/1.1" 200 -
[2025-07-22 23:13:54,777] INFO - 127.0.0.1 - - [22/Jul/2025 23:13:54] "GET /static/main.js HTTP/1.1" 200 -
[2025-07-22 23:13:54,777] INFO - 127.0.0.1 - - [22/Jul/2025 23:13:54] "[36mGET /static/styles.css HTTP/1.1[0m" 304 -
[2025-07-22 23:13:56,582] INFO - 127.0.0.1 - - [22/Jul/2025 23:13:56] "[36mGET /static/manifest.json HTTP/1.1[0m" 304 -
[2025-07-22 23:14:04,601] INFO - 127.0.0.1 - - [22/Jul/2025 23:14:04] "[35m[1mPOST /dashboard/api/accounts HTTP/1.1[0m" 201 -
[2025-07-22 23:14:04,613] INFO - 127.0.0.1 - - [22/Jul/2025 23:14:04] "[31m[1mGET /dashboard/api/accounts?search= HTTP/1.1[0m" 422 -
[2025-07-22 23:14:11,868] INFO - 127.0.0.1 - - [22/Jul/2025 23:14:11] "[35m[1mPOST /dashboard/api/groups HTTP/1.1[0m" 201 -
[2025-07-22 23:14:11,916] INFO - 127.0.0.1 - - [22/Jul/2025 23:14:11] "[31m[1mGET /dashboard/api/groups?search= HTTP/1.1[0m" 422 -
[2025-07-22 23:14:17,058] INFO - 127.0.0.1 - - [22/Jul/2025 23:14:17] "[31m[1mGET /dashboard/api/bots?search=1 HTTP/1.1[0m" 422 -
[2025-07-22 23:14:17,871] INFO - 127.0.0.1 - - [22/Jul/2025 23:14:17] "[31m[1mGET /dashboard/api/bots?search=12 HTTP/1.1[0m" 422 -
[2025-07-22 23:14:18,538] INFO - 127.0.0.1 - - [22/Jul/2025 23:14:18] "[31m[1mGET /dashboard/api/bots?search=121 HTTP/1.1[0m" 422 -
[2025-07-22 23:14:18,720] INFO - 127.0.0.1 - - [22/Jul/2025 23:14:18] "[31m[1mGET /dashboard/api/bots?search=1212 HTTP/1.1[0m" 422 -
[2025-07-22 23:14:18,919] INFO - 127.0.0.1 - - [22/Jul/2025 23:14:18] "[31m[1mGET /dashboard/api/bots?search=12121 HTTP/1.1[0m" 422 -
[2025-07-22 23:14:19,038] INFO - 127.0.0.1 - - [22/Jul/2025 23:14:19] "[31m[1mGET /dashboard/api/bots?search=121212 HTTP/1.1[0m" 422 -
[2025-07-22 23:14:19,281] INFO - 127.0.0.1 - - [22/Jul/2025 23:14:19] "[31m[1mGET /dashboard/api/bots?search=1212121 HTTP/1.1[0m" 422 -
[2025-07-22 23:14:20,273] INFO - 127.0.0.1 - - [22/Jul/2025 23:14:20] "[31m[1mGET /dashboard/api/bots?search= HTTP/1.1[0m" 422 -
[2025-07-22 23:14:21,577] INFO - 127.0.0.1 - - [22/Jul/2025 23:14:21] "[31m[1mGET /dashboard/api/bots?search=1 HTTP/1.1[0m" 422 -
[2025-07-22 23:14:22,062] INFO - 127.0.0.1 - - [22/Jul/2025 23:14:22] "[31m[1mGET /dashboard/api/bots?search=12 HTTP/1.1[0m" 422 -
[2025-07-22 23:14:23,244] INFO - 127.0.0.1 - - [22/Jul/2025 23:14:23] "[31m[1mGET /dashboard/api/bots?search=1 HTTP/1.1[0m" 422 -
[2025-07-22 23:14:23,756] INFO - 127.0.0.1 - - [22/Jul/2025 23:14:23] "[31m[1mGET /dashboard/api/bots?search= HTTP/1.1[0m" 422 -
[2025-07-22 23:14:25,466] INFO - 127.0.0.1 - - [22/Jul/2025 23:14:25] "[31m[1mGET /dashboard/api/accounts?search=1 HTTP/1.1[0m" 422 -
[2025-07-22 23:14:25,843] INFO - 127.0.0.1 - - [22/Jul/2025 23:14:25] "[31m[1mGET /dashboard/api/accounts?search=12 HTTP/1.1[0m" 422 -
[2025-07-22 23:14:26,974] INFO - 127.0.0.1 - - [22/Jul/2025 23:14:26] "[31m[1mGET /dashboard/api/accounts?search=1 HTTP/1.1[0m" 422 -
[2025-07-22 23:14:27,481] INFO - 127.0.0.1 - - [22/Jul/2025 23:14:27] "[31m[1mGET /dashboard/api/accounts?search= HTTP/1.1[0m" 422 -
[2025-07-22 23:14:30,541] INFO - 127.0.0.1 - - [22/Jul/2025 23:14:30] "[35m[1mPOST /dashboard/api/accounts HTTP/1.1[0m" 201 -
[2025-07-22 23:14:30,573] INFO - 127.0.0.1 - - [22/Jul/2025 23:14:30] "[31m[1mGET /dashboard/api/accounts?search= HTTP/1.1[0m" 422 -
[2025-07-22 23:14:34,524] INFO - Running job "create_app.<locals>.enqueue_sync (trigger: interval[0:01:00], next run at: 2025-07-22 23:14:34 CEST)" (scheduled at 2025-07-22 23:14:34.507488+02:00)
[2025-07-22 23:14:35,550] INFO - 127.0.0.1 - - [22/Jul/2025 23:14:35] "[35m[1mPOST /dashboard/api/accounts HTTP/1.1[0m" 201 -
[2025-07-22 23:14:35,559] INFO - 127.0.0.1 - - [22/Jul/2025 23:14:35] "[31m[1mGET /dashboard/api/accounts?search= HTTP/1.1[0m" 422 -
[2025-07-22 23:14:38,615] WARNING - Redis unavailable, deferring sync
[2025-07-22 23:14:38,658] ERROR - Job "create_app.<locals>.enqueue_sync (trigger: interval[0:01:00], next run at: 2025-07-22 23:15:34 CEST)" raised an exception
Traceback (most recent call last):
  File "C:\Users\norbe\AppData\Local\Programs\Python\Python313\Lib\site-packages\apscheduler\executors\base.py", line 125, in run_job
    retval = job.func(*job.args, **job.kwargs)
  File "F:\kick-multibot-panel\backend\app.py", line 268, in enqueue_sync
    events = SyncEvent.query.filter_by(synced=False).all()
             ^^^^^^^^^^^^^^^
  File "C:\Users\norbe\AppData\Local\Programs\Python\Python313\Lib\site-packages\flask_sqlalchemy\model.py", line 23, in __get__
    cls, session=cls.__fsa__.session()  # type: ignore[arg-type]
                 ~~~~~~~~~~~~~~~~~~~^^
  File "C:\Users\norbe\AppData\Local\Programs\Python\Python313\Lib\site-packages\sqlalchemy\orm\scoping.py", line 220, in __call__
    sess = self.registry()
  File "C:\Users\norbe\AppData\Local\Programs\Python\Python313\Lib\site-packages\sqlalchemy\util\_collections.py", line 634, in __call__
    key = self.scopefunc()
  File "C:\Users\norbe\AppData\Local\Programs\Python\Python313\Lib\site-packages\flask_sqlalchemy\session.py", line 111, in _app_ctx_id
    return id(app_ctx._get_current_object())  # type: ignore[attr-defined]
              ~~~~~~~~~~~~~~~~~~~~~~~~~~~^^
  File "C:\Users\norbe\AppData\Local\Programs\Python\Python313\Lib\site-packages\werkzeug\local.py", line 519, in _get_current_object
    raise RuntimeError(unbound_message) from None
RuntimeError: Working outside of application context.

This typically means that you attempted to use functionality that needed
the current application. To solve this, set up an application context
with app.app_context(). See the documentation for more information.
[2025-07-22 23:14:39,458] WARNING - group creation failed: (sqlite3.IntegrityError) UNIQUE constraint failed: groups.name
[SQL: INSERT INTO groups (name, target, interval) VALUES (?, ?, ?)]
[parameters: ('12', '12', 600)]
(Background on this error at: https://sqlalche.me/e/20/gkpj)
[2025-07-22 23:14:39,459] INFO - 127.0.0.1 - - [22/Jul/2025 23:14:39] "[31m[1mPOST /dashboard/api/groups HTTP/1.1[0m" 400 -
[2025-07-22 23:14:44,767] WARNING - group creation failed: (sqlite3.IntegrityError) UNIQUE constraint failed: groups.name
[SQL: INSERT INTO groups (name, target, interval) VALUES (?, ?, ?)]
[parameters: ('12', '12', 600)]
(Background on this error at: https://sqlalche.me/e/20/gkpj)
[2025-07-22 23:14:44,767] INFO - 127.0.0.1 - - [22/Jul/2025 23:14:44] "[31m[1mPOST /dashboard/api/groups HTTP/1.1[0m" 400 -
[2025-07-22 23:14:49,600] INFO - 127.0.0.1 - - [22/Jul/2025 23:14:49] "[31m[1mGET /dashboard/api/groups?search=1 HTTP/1.1[0m" 422 -
[2025-07-22 23:15:34,519] INFO - Running job "create_app.<locals>.enqueue_sync (trigger: interval[0:01:00], next run at: 2025-07-22 23:16:34 CEST)" (scheduled at 2025-07-22 23:15:34.507488+02:00)
[2025-07-22 23:15:38,610] WARNING - Redis unavailable, deferring sync
[2025-07-22 23:15:38,613] ERROR - Job "create_app.<locals>.enqueue_sync (trigger: interval[0:01:00], next run at: 2025-07-22 23:16:34 CEST)" raised an exception
Traceback (most recent call last):
  File "C:\Users\norbe\AppData\Local\Programs\Python\Python313\Lib\site-packages\apscheduler\executors\base.py", line 125, in run_job
    retval = job.func(*job.args, **job.kwargs)
  File "F:\kick-multibot-panel\backend\app.py", line 268, in enqueue_sync
    events = SyncEvent.query.filter_by(synced=False).all()
             ^^^^^^^^^^^^^^^
  File "C:\Users\norbe\AppData\Local\Programs\Python\Python313\Lib\site-packages\flask_sqlalchemy\model.py", line 23, in __get__
    cls, session=cls.__fsa__.session()  # type: ignore[arg-type]
                 ~~~~~~~~~~~~~~~~~~~^^
  File "C:\Users\norbe\AppData\Local\Programs\Python\Python313\Lib\site-packages\sqlalchemy\orm\scoping.py", line 220, in __call__
    sess = self.registry()
  File "C:\Users\norbe\AppData\Local\Programs\Python\Python313\Lib\site-packages\sqlalchemy\util\_collections.py", line 634, in __call__
    key = self.scopefunc()
  File "C:\Users\norbe\AppData\Local\Programs\Python\Python313\Lib\site-packages\flask_sqlalchemy\session.py", line 111, in _app_ctx_id
    return id(app_ctx._get_current_object())  # type: ignore[attr-defined]
              ~~~~~~~~~~~~~~~~~~~~~~~~~~~^^
  File "C:\Users\norbe\AppData\Local\Programs\Python\Python313\Lib\site-packages\werkzeug\local.py", line 519, in _get_current_object
    raise RuntimeError(unbound_message) from None
RuntimeError: Working outside of application context.

This typically means that you attempted to use functionality that needed
the current application. To solve this, set up an application context
with app.app_context(). See the documentation for more information.
[2025-07-22 23:16:34,513] INFO - Running job "create_app.<locals>.enqueue_sync (trigger: interval[0:01:00], next run at: 2025-07-22 23:17:34 CEST)" (scheduled at 2025-07-22 23:16:34.507488+02:00)
[2025-07-22 23:16:38,592] WARNING - Redis unavailable, deferring sync
[2025-07-22 23:16:38,594] ERROR - Job "create_app.<locals>.enqueue_sync (trigger: interval[0:01:00], next run at: 2025-07-22 23:17:34 CEST)" raised an exception
Traceback (most recent call last):
  File "C:\Users\norbe\AppData\Local\Programs\Python\Python313\Lib\site-packages\apscheduler\executors\base.py", line 125, in run_job
    retval = job.func(*job.args, **job.kwargs)
  File "F:\kick-multibot-panel\backend\app.py", line 268, in enqueue_sync
    events = SyncEvent.query.filter_by(synced=False).all()
             ^^^^^^^^^^^^^^^
  File "C:\Users\norbe\AppData\Local\Programs\Python\Python313\Lib\site-packages\flask_sqlalchemy\model.py", line 23, in __get__
    cls, session=cls.__fsa__.session()  # type: ignore[arg-type]
                 ~~~~~~~~~~~~~~~~~~~^^
  File "C:\Users\norbe\AppData\Local\Programs\Python\Python313\Lib\site-packages\sqlalchemy\orm\scoping.py", line 220, in __call__
    sess = self.registry()
  File "C:\Users\norbe\AppData\Local\Programs\Python\Python313\Lib\site-packages\sqlalchemy\util\_collections.py", line 634, in __call__
    key = self.scopefunc()
  File "C:\Users\norbe\AppData\Local\Programs\Python\Python313\Lib\site-packages\flask_sqlalchemy\session.py", line 111, in _app_ctx_id
    return id(app_ctx._get_current_object())  # type: ignore[attr-defined]
              ~~~~~~~~~~~~~~~~~~~~~~~~~~~^^
  File "C:\Users\norbe\AppData\Local\Programs\Python\Python313\Lib\site-packages\werkzeug\local.py", line 519, in _get_current_object
    raise RuntimeError(unbound_message) from None
RuntimeError: Working outside of application context.

This typically means that you attempted to use functionality that needed
the current application. To solve this, set up an application context
with app.app_context(). See the documentation for more information.
[2025-07-22 23:17:34,516] INFO - Running job "create_app.<locals>.enqueue_sync (trigger: interval[0:01:00], next run at: 2025-07-22 23:18:34 CEST)" (scheduled at 2025-07-22 23:17:34.507488+02:00)
[2025-07-22 23:17:38,587] WARNING - Redis unavailable, deferring sync
[2025-07-22 23:17:38,591] ERROR - Job "create_app.<locals>.enqueue_sync (trigger: interval[0:01:00], next run at: 2025-07-22 23:18:34 CEST)" raised an exception
Traceback (most recent call last):
  File "C:\Users\norbe\AppData\Local\Programs\Python\Python313\Lib\site-packages\apscheduler\executors\base.py", line 125, in run_job
    retval = job.func(*job.args, **job.kwargs)
  File "F:\kick-multibot-panel\backend\app.py", line 268, in enqueue_sync
    events = SyncEvent.query.filter_by(synced=False).all()
             ^^^^^^^^^^^^^^^
  File "C:\Users\norbe\AppData\Local\Programs\Python\Python313\Lib\site-packages\flask_sqlalchemy\model.py", line 23, in __get__
    cls, session=cls.__fsa__.session()  # type: ignore[arg-type]
                 ~~~~~~~~~~~~~~~~~~~^^
  File "C:\Users\norbe\AppData\Local\Programs\Python\Python313\Lib\site-packages\sqlalchemy\orm\scoping.py", line 220, in __call__
    sess = self.registry()
  File "C:\Users\norbe\AppData\Local\Programs\Python\Python313\Lib\site-packages\sqlalchemy\util\_collections.py", line 634, in __call__
    key = self.scopefunc()
  File "C:\Users\norbe\AppData\Local\Programs\Python\Python313\Lib\site-packages\flask_sqlalchemy\session.py", line 111, in _app_ctx_id
    return id(app_ctx._get_current_object())  # type: ignore[attr-defined]
              ~~~~~~~~~~~~~~~~~~~~~~~~~~~^^
  File "C:\Users\norbe\AppData\Local\Programs\Python\Python313\Lib\site-packages\werkzeug\local.py", line 519, in _get_current_object
    raise RuntimeError(unbound_message) from None
RuntimeError: Working outside of application context.

This typically means that you attempted to use functionality that needed
the current application. To solve this, set up an application context
with app.app_context(). See the documentation for more information.
[2025-07-22 23:18:34,509] INFO - Running job "create_app.<locals>.enqueue_sync (trigger: interval[0:01:00], next run at: 2025-07-22 23:19:34 CEST)" (scheduled at 2025-07-22 23:18:34.507488+02:00)
[2025-07-22 23:18:38,604] WARNING - Redis unavailable, deferring sync
[2025-07-22 23:18:38,607] ERROR - Job "create_app.<locals>.enqueue_sync (trigger: interval[0:01:00], next run at: 2025-07-22 23:19:34 CEST)" raised an exception
Traceback (most recent call last):
  File "C:\Users\norbe\AppData\Local\Programs\Python\Python313\Lib\site-packages\apscheduler\executors\base.py", line 125, in run_job
    retval = job.func(*job.args, **job.kwargs)
  File "F:\kick-multibot-panel\backend\app.py", line 268, in enqueue_sync
    events = SyncEvent.query.filter_by(synced=False).all()
             ^^^^^^^^^^^^^^^
  File "C:\Users\norbe\AppData\Local\Programs\Python\Python313\Lib\site-packages\flask_sqlalchemy\model.py", line 23, in __get__
    cls, session=cls.__fsa__.session()  # type: ignore[arg-type]
                 ~~~~~~~~~~~~~~~~~~~^^
  File "C:\Users\norbe\AppData\Local\Programs\Python\Python313\Lib\site-packages\sqlalchemy\orm\scoping.py", line 220, in __call__
    sess = self.registry()
  File "C:\Users\norbe\AppData\Local\Programs\Python\Python313\Lib\site-packages\sqlalchemy\util\_collections.py", line 634, in __call__
    key = self.scopefunc()
  File "C:\Users\norbe\AppData\Local\Programs\Python\Python313\Lib\site-packages\flask_sqlalchemy\session.py", line 111, in _app_ctx_id
    return id(app_ctx._get_current_object())  # type: ignore[attr-defined]
              ~~~~~~~~~~~~~~~~~~~~~~~~~~~^^
  File "C:\Users\norbe\AppData\Local\Programs\Python\Python313\Lib\site-packages\werkzeug\local.py", line 519, in _get_current_object
    raise RuntimeError(unbound_message) from None
RuntimeError: Working outside of application context.

This typically means that you attempted to use functionality that needed
the current application. To solve this, set up an application context
with app.app_context(). See the documentation for more information.
[2025-07-22 23:19:34,515] INFO - Running job "create_app.<locals>.enqueue_sync (trigger: interval[0:01:00], next run at: 2025-07-22 23:20:34 CEST)" (scheduled at 2025-07-22 23:19:34.507488+02:00)
[2025-07-22 23:19:38,597] WARNING - Redis unavailable, deferring sync
[2025-07-22 23:19:38,603] ERROR - Job "create_app.<locals>.enqueue_sync (trigger: interval[0:01:00], next run at: 2025-07-22 23:20:34 CEST)" raised an exception
Traceback (most recent call last):
  File "C:\Users\norbe\AppData\Local\Programs\Python\Python313\Lib\site-packages\apscheduler\executors\base.py", line 125, in run_job
    retval = job.func(*job.args, **job.kwargs)
  File "F:\kick-multibot-panel\backend\app.py", line 268, in enqueue_sync
    events = SyncEvent.query.filter_by(synced=False).all()
             ^^^^^^^^^^^^^^^
  File "C:\Users\norbe\AppData\Local\Programs\Python\Python313\Lib\site-packages\flask_sqlalchemy\model.py", line 23, in __get__
    cls, session=cls.__fsa__.session()  # type: ignore[arg-type]
                 ~~~~~~~~~~~~~~~~~~~^^
  File "C:\Users\norbe\AppData\Local\Programs\Python\Python313\Lib\site-packages\sqlalchemy\orm\scoping.py", line 220, in __call__
    sess = self.registry()
  File "C:\Users\norbe\AppData\Local\Programs\Python\Python313\Lib\site-packages\sqlalchemy\util\_collections.py", line 634, in __call__
    key = self.scopefunc()
  File "C:\Users\norbe\AppData\Local\Programs\Python\Python313\Lib\site-packages\flask_sqlalchemy\session.py", line 111, in _app_ctx_id
    return id(app_ctx._get_current_object())  # type: ignore[attr-defined]
              ~~~~~~~~~~~~~~~~~~~~~~~~~~~^^
  File "C:\Users\norbe\AppData\Local\Programs\Python\Python313\Lib\site-packages\werkzeug\local.py", line 519, in _get_current_object
    raise RuntimeError(unbound_message) from None
RuntimeError: Working outside of application context.

This typically means that you attempted to use functionality that needed
the current application. To solve this, set up an application context
with app.app_context(). See the documentation for more information.
[2025-07-22 23:20:34,517] INFO - Running job "create_app.<locals>.enqueue_sync (trigger: interval[0:01:00], next run at: 2025-07-22 23:21:34 CEST)" (scheduled at 2025-07-22 23:20:34.507488+02:00)
[2025-07-22 23:20:38,597] WARNING - Redis unavailable, deferring sync
[2025-07-22 23:20:38,606] ERROR - Job "create_app.<locals>.enqueue_sync (trigger: interval[0:01:00], next run at: 2025-07-22 23:21:34 CEST)" raised an exception
Traceback (most recent call last):
  File "C:\Users\norbe\AppData\Local\Programs\Python\Python313\Lib\site-packages\apscheduler\executors\base.py", line 125, in run_job
    retval = job.func(*job.args, **job.kwargs)
  File "F:\kick-multibot-panel\backend\app.py", line 268, in enqueue_sync
    events = SyncEvent.query.filter_by(synced=False).all()
             ^^^^^^^^^^^^^^^
  File "C:\Users\norbe\AppData\Local\Programs\Python\Python313\Lib\site-packages\flask_sqlalchemy\model.py", line 23, in __get__
    cls, session=cls.__fsa__.session()  # type: ignore[arg-type]
                 ~~~~~~~~~~~~~~~~~~~^^
  File "C:\Users\norbe\AppData\Local\Programs\Python\Python313\Lib\site-packages\sqlalchemy\orm\scoping.py", line 220, in __call__
    sess = self.registry()
  File "C:\Users\norbe\AppData\Local\Programs\Python\Python313\Lib\site-packages\sqlalchemy\util\_collections.py", line 634, in __call__
    key = self.scopefunc()
  File "C:\Users\norbe\AppData\Local\Programs\Python\Python313\Lib\site-packages\flask_sqlalchemy\session.py", line 111, in _app_ctx_id
    return id(app_ctx._get_current_object())  # type: ignore[attr-defined]
              ~~~~~~~~~~~~~~~~~~~~~~~~~~~^^
  File "C:\Users\norbe\AppData\Local\Programs\Python\Python313\Lib\site-packages\werkzeug\local.py", line 519, in _get_current_object
    raise RuntimeError(unbound_message) from None
RuntimeError: Working outside of application context.

This typically means that you attempted to use functionality that needed
the current application. To solve this, set up an application context
with app.app_context(). See the documentation for more information.
[2025-07-22 23:21:34,509] INFO - Running job "create_app.<locals>.enqueue_sync (trigger: interval[0:01:00], next run at: 2025-07-22 23:22:34 CEST)" (scheduled at 2025-07-22 23:21:34.507488+02:00)
[2025-07-22 23:21:38,569] WARNING - Redis unavailable, deferring sync
[2025-07-22 23:21:38,572] ERROR - Job "create_app.<locals>.enqueue_sync (trigger: interval[0:01:00], next run at: 2025-07-22 23:22:34 CEST)" raised an exception
Traceback (most recent call last):
  File "C:\Users\norbe\AppData\Local\Programs\Python\Python313\Lib\site-packages\apscheduler\executors\base.py", line 125, in run_job
    retval = job.func(*job.args, **job.kwargs)
  File "F:\kick-multibot-panel\backend\app.py", line 268, in enqueue_sync
    events = SyncEvent.query.filter_by(synced=False).all()
             ^^^^^^^^^^^^^^^
  File "C:\Users\norbe\AppData\Local\Programs\Python\Python313\Lib\site-packages\flask_sqlalchemy\model.py", line 23, in __get__
    cls, session=cls.__fsa__.session()  # type: ignore[arg-type]
                 ~~~~~~~~~~~~~~~~~~~^^
  File "C:\Users\norbe\AppData\Local\Programs\Python\Python313\Lib\site-packages\sqlalchemy\orm\scoping.py", line 220, in __call__
    sess = self.registry()
  File "C:\Users\norbe\AppData\Local\Programs\Python\Python313\Lib\site-packages\sqlalchemy\util\_collections.py", line 634, in __call__
    key = self.scopefunc()
  File "C:\Users\norbe\AppData\Local\Programs\Python\Python313\Lib\site-packages\flask_sqlalchemy\session.py", line 111, in _app_ctx_id
    return id(app_ctx._get_current_object())  # type: ignore[attr-defined]
              ~~~~~~~~~~~~~~~~~~~~~~~~~~~^^
  File "C:\Users\norbe\AppData\Local\Programs\Python\Python313\Lib\site-packages\werkzeug\local.py", line 519, in _get_current_object
    raise RuntimeError(unbound_message) from None
RuntimeError: Working outside of application context.

This typically means that you attempted to use functionality that needed
the current application. To solve this, set up an application context
with app.app_context(). See the documentation for more information.
[2025-07-22 23:22:34,521] INFO - Running job "create_app.<locals>.enqueue_sync (trigger: interval[0:01:00], next run at: 2025-07-22 23:23:34 CEST)" (scheduled at 2025-07-22 23:22:34.507488+02:00)
[2025-07-22 23:22:38,613] WARNING - Redis unavailable, deferring sync
[2025-07-22 23:22:38,620] ERROR - Job "create_app.<locals>.enqueue_sync (trigger: interval[0:01:00], next run at: 2025-07-22 23:23:34 CEST)" raised an exception
Traceback (most recent call last):
  File "C:\Users\norbe\AppData\Local\Programs\Python\Python313\Lib\site-packages\apscheduler\executors\base.py", line 125, in run_job
    retval = job.func(*job.args, **job.kwargs)
  File "F:\kick-multibot-panel\backend\app.py", line 268, in enqueue_sync
    events = SyncEvent.query.filter_by(synced=False).all()
             ^^^^^^^^^^^^^^^
  File "C:\Users\norbe\AppData\Local\Programs\Python\Python313\Lib\site-packages\flask_sqlalchemy\model.py", line 23, in __get__
    cls, session=cls.__fsa__.session()  # type: ignore[arg-type]
                 ~~~~~~~~~~~~~~~~~~~^^
  File "C:\Users\norbe\AppData\Local\Programs\Python\Python313\Lib\site-packages\sqlalchemy\orm\scoping.py", line 220, in __call__
    sess = self.registry()
  File "C:\Users\norbe\AppData\Local\Programs\Python\Python313\Lib\site-packages\sqlalchemy\util\_collections.py", line 634, in __call__
    key = self.scopefunc()
  File "C:\Users\norbe\AppData\Local\Programs\Python\Python313\Lib\site-packages\flask_sqlalchemy\session.py", line 111, in _app_ctx_id
    return id(app_ctx._get_current_object())  # type: ignore[attr-defined]
              ~~~~~~~~~~~~~~~~~~~~~~~~~~~^^
  File "C:\Users\norbe\AppData\Local\Programs\Python\Python313\Lib\site-packages\werkzeug\local.py", line 519, in _get_current_object
    raise RuntimeError(unbound_message) from None
RuntimeError: Working outside of application context.

This typically means that you attempted to use functionality that needed
the current application. To solve this, set up an application context
with app.app_context(). See the documentation for more information.
[2025-07-22 23:23:34,519] INFO - Running job "create_app.<locals>.enqueue_sync (trigger: interval[0:01:00], next run at: 2025-07-22 23:24:34 CEST)" (scheduled at 2025-07-22 23:23:34.507488+02:00)
[2025-07-22 23:23:38,620] WARNING - Redis unavailable, deferring sync
[2025-07-22 23:23:38,623] ERROR - Job "create_app.<locals>.enqueue_sync (trigger: interval[0:01:00], next run at: 2025-07-22 23:24:34 CEST)" raised an exception
Traceback (most recent call last):
  File "C:\Users\norbe\AppData\Local\Programs\Python\Python313\Lib\site-packages\apscheduler\executors\base.py", line 125, in run_job
    retval = job.func(*job.args, **job.kwargs)
  File "F:\kick-multibot-panel\backend\app.py", line 268, in enqueue_sync
    events = SyncEvent.query.filter_by(synced=False).all()
             ^^^^^^^^^^^^^^^
  File "C:\Users\norbe\AppData\Local\Programs\Python\Python313\Lib\site-packages\flask_sqlalchemy\model.py", line 23, in __get__
    cls, session=cls.__fsa__.session()  # type: ignore[arg-type]
                 ~~~~~~~~~~~~~~~~~~~^^
  File "C:\Users\norbe\AppData\Local\Programs\Python\Python313\Lib\site-packages\sqlalchemy\orm\scoping.py", line 220, in __call__
    sess = self.registry()
  File "C:\Users\norbe\AppData\Local\Programs\Python\Python313\Lib\site-packages\sqlalchemy\util\_collections.py", line 634, in __call__
    key = self.scopefunc()
  File "C:\Users\norbe\AppData\Local\Programs\Python\Python313\Lib\site-packages\flask_sqlalchemy\session.py", line 111, in _app_ctx_id
    return id(app_ctx._get_current_object())  # type: ignore[attr-defined]
              ~~~~~~~~~~~~~~~~~~~~~~~~~~~^^
  File "C:\Users\norbe\AppData\Local\Programs\Python\Python313\Lib\site-packages\werkzeug\local.py", line 519, in _get_current_object
    raise RuntimeError(unbound_message) from None
RuntimeError: Working outside of application context.

This typically means that you attempted to use functionality that needed
the current application. To solve this, set up an application context
with app.app_context(). See the documentation for more information.
[2025-07-22 23:24:34,643] INFO - Running job "create_app.<locals>.enqueue_sync (trigger: interval[0:01:00], next run at: 2025-07-22 23:25:34 CEST)" (scheduled at 2025-07-22 23:24:34.507488+02:00)
[2025-07-22 23:24:39,263] WARNING - Redis unavailable, deferring sync
[2025-07-22 23:24:39,266] ERROR - Job "create_app.<locals>.enqueue_sync (trigger: interval[0:01:00], next run at: 2025-07-22 23:25:34 CEST)" raised an exception
Traceback (most recent call last):
  File "C:\Users\norbe\AppData\Local\Programs\Python\Python313\Lib\site-packages\apscheduler\executors\base.py", line 125, in run_job
    retval = job.func(*job.args, **job.kwargs)
  File "F:\kick-multibot-panel\backend\app.py", line 268, in enqueue_sync
    events = SyncEvent.query.filter_by(synced=False).all()
             ^^^^^^^^^^^^^^^
  File "C:\Users\norbe\AppData\Local\Programs\Python\Python313\Lib\site-packages\flask_sqlalchemy\model.py", line 23, in __get__
    cls, session=cls.__fsa__.session()  # type: ignore[arg-type]
                 ~~~~~~~~~~~~~~~~~~~^^
  File "C:\Users\norbe\AppData\Local\Programs\Python\Python313\Lib\site-packages\sqlalchemy\orm\scoping.py", line 220, in __call__
    sess = self.registry()
  File "C:\Users\norbe\AppData\Local\Programs\Python\Python313\Lib\site-packages\sqlalchemy\util\_collections.py", line 634, in __call__
    key = self.scopefunc()
  File "C:\Users\norbe\AppData\Local\Programs\Python\Python313\Lib\site-packages\flask_sqlalchemy\session.py", line 111, in _app_ctx_id
    return id(app_ctx._get_current_object())  # type: ignore[attr-defined]
              ~~~~~~~~~~~~~~~~~~~~~~~~~~~^^
  File "C:\Users\norbe\AppData\Local\Programs\Python\Python313\Lib\site-packages\werkzeug\local.py", line 519, in _get_current_object
    raise RuntimeError(unbound_message) from None
RuntimeError: Working outside of application context.

This typically means that you attempted to use functionality that needed
the current application. To solve this, set up an application context
with app.app_context(). See the documentation for more information.
[2025-07-22 23:25:34,508] INFO - Running job "create_app.<locals>.enqueue_sync (trigger: interval[0:01:00], next run at: 2025-07-22 23:26:34 CEST)" (scheduled at 2025-07-22 23:25:34.507488+02:00)
[2025-07-22 23:25:39,085] WARNING - Redis unavailable, deferring sync
[2025-07-22 23:25:39,090] ERROR - Job "create_app.<locals>.enqueue_sync (trigger: interval[0:01:00], next run at: 2025-07-22 23:26:34 CEST)" raised an exception
Traceback (most recent call last):
  File "C:\Users\norbe\AppData\Local\Programs\Python\Python313\Lib\site-packages\apscheduler\executors\base.py", line 125, in run_job
    retval = job.func(*job.args, **job.kwargs)
  File "F:\kick-multibot-panel\backend\app.py", line 268, in enqueue_sync
    events = SyncEvent.query.filter_by(synced=False).all()
             ^^^^^^^^^^^^^^^
  File "C:\Users\norbe\AppData\Local\Programs\Python\Python313\Lib\site-packages\flask_sqlalchemy\model.py", line 23, in __get__
    cls, session=cls.__fsa__.session()  # type: ignore[arg-type]
                 ~~~~~~~~~~~~~~~~~~~^^
  File "C:\Users\norbe\AppData\Local\Programs\Python\Python313\Lib\site-packages\sqlalchemy\orm\scoping.py", line 220, in __call__
    sess = self.registry()
  File "C:\Users\norbe\AppData\Local\Programs\Python\Python313\Lib\site-packages\sqlalchemy\util\_collections.py", line 634, in __call__
    key = self.scopefunc()
  File "C:\Users\norbe\AppData\Local\Programs\Python\Python313\Lib\site-packages\flask_sqlalchemy\session.py", line 111, in _app_ctx_id
    return id(app_ctx._get_current_object())  # type: ignore[attr-defined]
              ~~~~~~~~~~~~~~~~~~~~~~~~~~~^^
  File "C:\Users\norbe\AppData\Local\Programs\Python\Python313\Lib\site-packages\werkzeug\local.py", line 519, in _get_current_object
    raise RuntimeError(unbound_message) from None
RuntimeError: Working outside of application context.

This typically means that you attempted to use functionality that needed
the current application. To solve this, set up an application context
with app.app_context(). See the documentation for more information.
[2025-07-22 23:26:34,515] INFO - Running job "create_app.<locals>.enqueue_sync (trigger: interval[0:01:00], next run at: 2025-07-22 23:27:34 CEST)" (scheduled at 2025-07-22 23:26:34.507488+02:00)
[2025-07-22 23:26:38,665] WARNING - Redis unavailable, deferring sync
[2025-07-22 23:26:38,698] ERROR - Job "create_app.<locals>.enqueue_sync (trigger: interval[0:01:00], next run at: 2025-07-22 23:27:34 CEST)" raised an exception
Traceback (most recent call last):
  File "C:\Users\norbe\AppData\Local\Programs\Python\Python313\Lib\site-packages\apscheduler\executors\base.py", line 125, in run_job
    retval = job.func(*job.args, **job.kwargs)
  File "F:\kick-multibot-panel\backend\app.py", line 268, in enqueue_sync
    events = SyncEvent.query.filter_by(synced=False).all()
             ^^^^^^^^^^^^^^^
  File "C:\Users\norbe\AppData\Local\Programs\Python\Python313\Lib\site-packages\flask_sqlalchemy\model.py", line 23, in __get__
    cls, session=cls.__fsa__.session()  # type: ignore[arg-type]
                 ~~~~~~~~~~~~~~~~~~~^^
  File "C:\Users\norbe\AppData\Local\Programs\Python\Python313\Lib\site-packages\sqlalchemy\orm\scoping.py", line 220, in __call__
    sess = self.registry()
  File "C:\Users\norbe\AppData\Local\Programs\Python\Python313\Lib\site-packages\sqlalchemy\util\_collections.py", line 634, in __call__
    key = self.scopefunc()
  File "C:\Users\norbe\AppData\Local\Programs\Python\Python313\Lib\site-packages\flask_sqlalchemy\session.py", line 111, in _app_ctx_id
    return id(app_ctx._get_current_object())  # type: ignore[attr-defined]
              ~~~~~~~~~~~~~~~~~~~~~~~~~~~^^
  File "C:\Users\norbe\AppData\Local\Programs\Python\Python313\Lib\site-packages\werkzeug\local.py", line 519, in _get_current_object
    raise RuntimeError(unbound_message) from None
RuntimeError: Working outside of application context.

This typically means that you attempted to use functionality that needed
the current application. To solve this, set up an application context
with app.app_context(). See the documentation for more information.
[2025-07-22 23:27:34,539] INFO - Running job "create_app.<locals>.enqueue_sync (trigger: interval[0:01:00], next run at: 2025-07-22 23:28:34 CEST)" (scheduled at 2025-07-22 23:27:34.507488+02:00)
[2025-07-22 23:27:38,629] WARNING - Redis unavailable, deferring sync
[2025-07-22 23:27:38,633] ERROR - Job "create_app.<locals>.enqueue_sync (trigger: interval[0:01:00], next run at: 2025-07-22 23:28:34 CEST)" raised an exception
Traceback (most recent call last):
  File "C:\Users\norbe\AppData\Local\Programs\Python\Python313\Lib\site-packages\apscheduler\executors\base.py", line 125, in run_job
    retval = job.func(*job.args, **job.kwargs)
  File "F:\kick-multibot-panel\backend\app.py", line 268, in enqueue_sync
    events = SyncEvent.query.filter_by(synced=False).all()
             ^^^^^^^^^^^^^^^
  File "C:\Users\norbe\AppData\Local\Programs\Python\Python313\Lib\site-packages\flask_sqlalchemy\model.py", line 23, in __get__
    cls, session=cls.__fsa__.session()  # type: ignore[arg-type]
                 ~~~~~~~~~~~~~~~~~~~^^
  File "C:\Users\norbe\AppData\Local\Programs\Python\Python313\Lib\site-packages\sqlalchemy\orm\scoping.py", line 220, in __call__
    sess = self.registry()
  File "C:\Users\norbe\AppData\Local\Programs\Python\Python313\Lib\site-packages\sqlalchemy\util\_collections.py", line 634, in __call__
    key = self.scopefunc()
  File "C:\Users\norbe\AppData\Local\Programs\Python\Python313\Lib\site-packages\flask_sqlalchemy\session.py", line 111, in _app_ctx_id
    return id(app_ctx._get_current_object())  # type: ignore[attr-defined]
              ~~~~~~~~~~~~~~~~~~~~~~~~~~~^^
  File "C:\Users\norbe\AppData\Local\Programs\Python\Python313\Lib\site-packages\werkzeug\local.py", line 519, in _get_current_object
    raise RuntimeError(unbound_message) from None
RuntimeError: Working outside of application context.

This typically means that you attempted to use functionality that needed
the current application. To solve this, set up an application context
with app.app_context(). See the documentation for more information.
[2025-07-22 23:28:34,525] INFO - Running job "create_app.<locals>.enqueue_sync (trigger: interval[0:01:00], next run at: 2025-07-22 23:29:34 CEST)" (scheduled at 2025-07-22 23:28:34.507488+02:00)
[2025-07-22 23:28:38,638] WARNING - Redis unavailable, deferring sync
[2025-07-22 23:28:38,655] ERROR - Job "create_app.<locals>.enqueue_sync (trigger: interval[0:01:00], next run at: 2025-07-22 23:29:34 CEST)" raised an exception
Traceback (most recent call last):
  File "C:\Users\norbe\AppData\Local\Programs\Python\Python313\Lib\site-packages\apscheduler\executors\base.py", line 125, in run_job
    retval = job.func(*job.args, **job.kwargs)
  File "F:\kick-multibot-panel\backend\app.py", line 268, in enqueue_sync
    events = SyncEvent.query.filter_by(synced=False).all()
             ^^^^^^^^^^^^^^^
  File "C:\Users\norbe\AppData\Local\Programs\Python\Python313\Lib\site-packages\flask_sqlalchemy\model.py", line 23, in __get__
    cls, session=cls.__fsa__.session()  # type: ignore[arg-type]
                 ~~~~~~~~~~~~~~~~~~~^^
  File "C:\Users\norbe\AppData\Local\Programs\Python\Python313\Lib\site-packages\sqlalchemy\orm\scoping.py", line 220, in __call__
    sess = self.registry()
  File "C:\Users\norbe\AppData\Local\Programs\Python\Python313\Lib\site-packages\sqlalchemy\util\_collections.py", line 634, in __call__
    key = self.scopefunc()
  File "C:\Users\norbe\AppData\Local\Programs\Python\Python313\Lib\site-packages\flask_sqlalchemy\session.py", line 111, in _app_ctx_id
    return id(app_ctx._get_current_object())  # type: ignore[attr-defined]
              ~~~~~~~~~~~~~~~~~~~~~~~~~~~^^
  File "C:\Users\norbe\AppData\Local\Programs\Python\Python313\Lib\site-packages\werkzeug\local.py", line 519, in _get_current_object
    raise RuntimeError(unbound_message) from None
RuntimeError: Working outside of application context.

This typically means that you attempted to use functionality that needed
the current application. To solve this, set up an application context
with app.app_context(). See the documentation for more information.
[2025-07-22 23:28:49,616] INFO - 127.0.0.1 - - [22/Jul/2025 23:28:49] "[31m[1mGET /dashboard/api/groups?search= HTTP/1.1[0m" 422 -
[2025-07-22 23:29:34,523] INFO - Running job "create_app.<locals>.enqueue_sync (trigger: interval[0:01:00], next run at: 2025-07-22 23:30:34 CEST)" (scheduled at 2025-07-22 23:29:34.507488+02:00)
[2025-07-22 23:29:38,611] WARNING - Redis unavailable, deferring sync
[2025-07-22 23:29:38,614] ERROR - Job "create_app.<locals>.enqueue_sync (trigger: interval[0:01:00], next run at: 2025-07-22 23:30:34 CEST)" raised an exception
Traceback (most recent call last):
  File "C:\Users\norbe\AppData\Local\Programs\Python\Python313\Lib\site-packages\apscheduler\executors\base.py", line 125, in run_job
    retval = job.func(*job.args, **job.kwargs)
  File "F:\kick-multibot-panel\backend\app.py", line 268, in enqueue_sync
    events = SyncEvent.query.filter_by(synced=False).all()
             ^^^^^^^^^^^^^^^
  File "C:\Users\norbe\AppData\Local\Programs\Python\Python313\Lib\site-packages\flask_sqlalchemy\model.py", line 23, in __get__
    cls, session=cls.__fsa__.session()  # type: ignore[arg-type]
                 ~~~~~~~~~~~~~~~~~~~^^
  File "C:\Users\norbe\AppData\Local\Programs\Python\Python313\Lib\site-packages\sqlalchemy\orm\scoping.py", line 220, in __call__
    sess = self.registry()
  File "C:\Users\norbe\AppData\Local\Programs\Python\Python313\Lib\site-packages\sqlalchemy\util\_collections.py", line 634, in __call__
    key = self.scopefunc()
  File "C:\Users\norbe\AppData\Local\Programs\Python\Python313\Lib\site-packages\flask_sqlalchemy\session.py", line 111, in _app_ctx_id
    return id(app_ctx._get_current_object())  # type: ignore[attr-defined]
              ~~~~~~~~~~~~~~~~~~~~~~~~~~~^^
  File "C:\Users\norbe\AppData\Local\Programs\Python\Python313\Lib\site-packages\werkzeug\local.py", line 519, in _get_current_object
    raise RuntimeError(unbound_message) from None
RuntimeError: Working outside of application context.

This typically means that you attempted to use functionality that needed
the current application. To solve this, set up an application context
with app.app_context(). See the documentation for more information.
[2025-07-22 23:30:34,528] INFO - Running job "create_app.<locals>.enqueue_sync (trigger: interval[0:01:00], next run at: 2025-07-22 23:31:34 CEST)" (scheduled at 2025-07-22 23:30:34.507488+02:00)
[2025-07-22 23:30:38,600] WARNING - Redis unavailable, deferring sync
[2025-07-22 23:30:38,604] ERROR - Job "create_app.<locals>.enqueue_sync (trigger: interval[0:01:00], next run at: 2025-07-22 23:31:34 CEST)" raised an exception
Traceback (most recent call last):
  File "C:\Users\norbe\AppData\Local\Programs\Python\Python313\Lib\site-packages\apscheduler\executors\base.py", line 125, in run_job
    retval = job.func(*job.args, **job.kwargs)
  File "F:\kick-multibot-panel\backend\app.py", line 268, in enqueue_sync
    events = SyncEvent.query.filter_by(synced=False).all()
             ^^^^^^^^^^^^^^^
  File "C:\Users\norbe\AppData\Local\Programs\Python\Python313\Lib\site-packages\flask_sqlalchemy\model.py", line 23, in __get__
    cls, session=cls.__fsa__.session()  # type: ignore[arg-type]
                 ~~~~~~~~~~~~~~~~~~~^^
  File "C:\Users\norbe\AppData\Local\Programs\Python\Python313\Lib\site-packages\sqlalchemy\orm\scoping.py", line 220, in __call__
    sess = self.registry()
  File "C:\Users\norbe\AppData\Local\Programs\Python\Python313\Lib\site-packages\sqlalchemy\util\_collections.py", line 634, in __call__
    key = self.scopefunc()
  File "C:\Users\norbe\AppData\Local\Programs\Python\Python313\Lib\site-packages\flask_sqlalchemy\session.py", line 111, in _app_ctx_id
    return id(app_ctx._get_current_object())  # type: ignore[attr-defined]
              ~~~~~~~~~~~~~~~~~~~~~~~~~~~^^
  File "C:\Users\norbe\AppData\Local\Programs\Python\Python313\Lib\site-packages\werkzeug\local.py", line 519, in _get_current_object
    raise RuntimeError(unbound_message) from None
RuntimeError: Working outside of application context.

This typically means that you attempted to use functionality that needed
the current application. To solve this, set up an application context
with app.app_context(). See the documentation for more information.
[2025-07-22 23:31:34,518] INFO - Running job "create_app.<locals>.enqueue_sync (trigger: interval[0:01:00], next run at: 2025-07-22 23:32:34 CEST)" (scheduled at 2025-07-22 23:31:34.507488+02:00)
[2025-07-22 23:31:38,599] WARNING - Redis unavailable, deferring sync
[2025-07-22 23:31:38,601] ERROR - Job "create_app.<locals>.enqueue_sync (trigger: interval[0:01:00], next run at: 2025-07-22 23:32:34 CEST)" raised an exception
Traceback (most recent call last):
  File "C:\Users\norbe\AppData\Local\Programs\Python\Python313\Lib\site-packages\apscheduler\executors\base.py", line 125, in run_job
    retval = job.func(*job.args, **job.kwargs)
  File "F:\kick-multibot-panel\backend\app.py", line 268, in enqueue_sync
    events = SyncEvent.query.filter_by(synced=False).all()
             ^^^^^^^^^^^^^^^
  File "C:\Users\norbe\AppData\Local\Programs\Python\Python313\Lib\site-packages\flask_sqlalchemy\model.py", line 23, in __get__
    cls, session=cls.__fsa__.session()  # type: ignore[arg-type]
                 ~~~~~~~~~~~~~~~~~~~^^
  File "C:\Users\norbe\AppData\Local\Programs\Python\Python313\Lib\site-packages\sqlalchemy\orm\scoping.py", line 220, in __call__
    sess = self.registry()
  File "C:\Users\norbe\AppData\Local\Programs\Python\Python313\Lib\site-packages\sqlalchemy\util\_collections.py", line 634, in __call__
    key = self.scopefunc()
  File "C:\Users\norbe\AppData\Local\Programs\Python\Python313\Lib\site-packages\flask_sqlalchemy\session.py", line 111, in _app_ctx_id
    return id(app_ctx._get_current_object())  # type: ignore[attr-defined]
              ~~~~~~~~~~~~~~~~~~~~~~~~~~~^^
  File "C:\Users\norbe\AppData\Local\Programs\Python\Python313\Lib\site-packages\werkzeug\local.py", line 519, in _get_current_object
    raise RuntimeError(unbound_message) from None
RuntimeError: Working outside of application context.

This typically means that you attempted to use functionality that needed
the current application. To solve this, set up an application context
with app.app_context(). See the documentation for more information.
[2025-07-22 23:32:34,517] INFO - Running job "create_app.<locals>.enqueue_sync (trigger: interval[0:01:00], next run at: 2025-07-22 23:33:34 CEST)" (scheduled at 2025-07-22 23:32:34.507488+02:00)
[2025-07-22 23:32:38,609] WARNING - Redis unavailable, deferring sync
[2025-07-22 23:32:38,611] ERROR - Job "create_app.<locals>.enqueue_sync (trigger: interval[0:01:00], next run at: 2025-07-22 23:33:34 CEST)" raised an exception
Traceback (most recent call last):
  File "C:\Users\norbe\AppData\Local\Programs\Python\Python313\Lib\site-packages\apscheduler\executors\base.py", line 125, in run_job
    retval = job.func(*job.args, **job.kwargs)
  File "F:\kick-multibot-panel\backend\app.py", line 268, in enqueue_sync
    events = SyncEvent.query.filter_by(synced=False).all()
             ^^^^^^^^^^^^^^^
  File "C:\Users\norbe\AppData\Local\Programs\Python\Python313\Lib\site-packages\flask_sqlalchemy\model.py", line 23, in __get__
    cls, session=cls.__fsa__.session()  # type: ignore[arg-type]
                 ~~~~~~~~~~~~~~~~~~~^^
  File "C:\Users\norbe\AppData\Local\Programs\Python\Python313\Lib\site-packages\sqlalchemy\orm\scoping.py", line 220, in __call__
    sess = self.registry()
  File "C:\Users\norbe\AppData\Local\Programs\Python\Python313\Lib\site-packages\sqlalchemy\util\_collections.py", line 634, in __call__
    key = self.scopefunc()
  File "C:\Users\norbe\AppData\Local\Programs\Python\Python313\Lib\site-packages\flask_sqlalchemy\session.py", line 111, in _app_ctx_id
    return id(app_ctx._get_current_object())  # type: ignore[attr-defined]
              ~~~~~~~~~~~~~~~~~~~~~~~~~~~^^
  File "C:\Users\norbe\AppData\Local\Programs\Python\Python313\Lib\site-packages\werkzeug\local.py", line 519, in _get_current_object
    raise RuntimeError(unbound_message) from None
RuntimeError: Working outside of application context.

This typically means that you attempted to use functionality that needed
the current application. To solve this, set up an application context
with app.app_context(). See the documentation for more information.
[2025-07-22 23:33:34,520] INFO - Running job "create_app.<locals>.enqueue_sync (trigger: interval[0:01:00], next run at: 2025-07-22 23:34:34 CEST)" (scheduled at 2025-07-22 23:33:34.507488+02:00)
[2025-07-22 23:33:38,598] WARNING - Redis unavailable, deferring sync
[2025-07-22 23:33:38,601] ERROR - Job "create_app.<locals>.enqueue_sync (trigger: interval[0:01:00], next run at: 2025-07-22 23:34:34 CEST)" raised an exception
Traceback (most recent call last):
  File "C:\Users\norbe\AppData\Local\Programs\Python\Python313\Lib\site-packages\apscheduler\executors\base.py", line 125, in run_job
    retval = job.func(*job.args, **job.kwargs)
  File "F:\kick-multibot-panel\backend\app.py", line 268, in enqueue_sync
    events = SyncEvent.query.filter_by(synced=False).all()
             ^^^^^^^^^^^^^^^
  File "C:\Users\norbe\AppData\Local\Programs\Python\Python313\Lib\site-packages\flask_sqlalchemy\model.py", line 23, in __get__
    cls, session=cls.__fsa__.session()  # type: ignore[arg-type]
                 ~~~~~~~~~~~~~~~~~~~^^
  File "C:\Users\norbe\AppData\Local\Programs\Python\Python313\Lib\site-packages\sqlalchemy\orm\scoping.py", line 220, in __call__
    sess = self.registry()
  File "C:\Users\norbe\AppData\Local\Programs\Python\Python313\Lib\site-packages\sqlalchemy\util\_collections.py", line 634, in __call__
    key = self.scopefunc()
  File "C:\Users\norbe\AppData\Local\Programs\Python\Python313\Lib\site-packages\flask_sqlalchemy\session.py", line 111, in _app_ctx_id
    return id(app_ctx._get_current_object())  # type: ignore[attr-defined]
              ~~~~~~~~~~~~~~~~~~~~~~~~~~~^^
  File "C:\Users\norbe\AppData\Local\Programs\Python\Python313\Lib\site-packages\werkzeug\local.py", line 519, in _get_current_object
    raise RuntimeError(unbound_message) from None
RuntimeError: Working outside of application context.

This typically means that you attempted to use functionality that needed
the current application. To solve this, set up an application context
with app.app_context(). See the documentation for more information.
[2025-07-22 23:34:34,519] INFO - Running job "create_app.<locals>.enqueue_sync (trigger: interval[0:01:00], next run at: 2025-07-22 23:35:34 CEST)" (scheduled at 2025-07-22 23:34:34.507488+02:00)
[2025-07-22 23:34:38,630] WARNING - Redis unavailable, deferring sync
[2025-07-22 23:34:38,847] ERROR - Job "create_app.<locals>.enqueue_sync (trigger: interval[0:01:00], next run at: 2025-07-22 23:35:34 CEST)" raised an exception
Traceback (most recent call last):
  File "C:\Users\norbe\AppData\Local\Programs\Python\Python313\Lib\site-packages\apscheduler\executors\base.py", line 125, in run_job
    retval = job.func(*job.args, **job.kwargs)
  File "F:\kick-multibot-panel\backend\app.py", line 268, in enqueue_sync
    events = SyncEvent.query.filter_by(synced=False).all()
             ^^^^^^^^^^^^^^^
  File "C:\Users\norbe\AppData\Local\Programs\Python\Python313\Lib\site-packages\flask_sqlalchemy\model.py", line 23, in __get__
    cls, session=cls.__fsa__.session()  # type: ignore[arg-type]
                 ~~~~~~~~~~~~~~~~~~~^^
  File "C:\Users\norbe\AppData\Local\Programs\Python\Python313\Lib\site-packages\sqlalchemy\orm\scoping.py", line 220, in __call__
    sess = self.registry()
  File "C:\Users\norbe\AppData\Local\Programs\Python\Python313\Lib\site-packages\sqlalchemy\util\_collections.py", line 634, in __call__
    key = self.scopefunc()
  File "C:\Users\norbe\AppData\Local\Programs\Python\Python313\Lib\site-packages\flask_sqlalchemy\session.py", line 111, in _app_ctx_id
    return id(app_ctx._get_current_object())  # type: ignore[attr-defined]
              ~~~~~~~~~~~~~~~~~~~~~~~~~~~^^
  File "C:\Users\norbe\AppData\Local\Programs\Python\Python313\Lib\site-packages\werkzeug\local.py", line 519, in _get_current_object
    raise RuntimeError(unbound_message) from None
RuntimeError: Working outside of application context.

This typically means that you attempted to use functionality that needed
the current application. To solve this, set up an application context
with app.app_context(). See the documentation for more information.
[2025-07-22 23:34:48,158] WARNING - Redis unavailable, tasks will run inline
[2025-07-22 23:34:48,300] INFO - Adding job tentatively -- it will be properly scheduled when the scheduler starts
[2025-07-22 23:34:48,301] INFO - Added job "create_app.<locals>.enqueue_sync" to job store "default"
[2025-07-22 23:34:48,301] INFO - Scheduler started
[2025-07-22 23:34:48,365] INFO - [31m[1mWARNING: This is a development server. Do not use it in a production deployment. Use a production WSGI server instead.[0m
 * Running on http://127.0.0.1:5000
[2025-07-22 23:34:48,366] INFO - [33mPress CTRL+C to quit[0m
[2025-07-22 23:34:50,875] INFO - 127.0.0.1 - - [22/Jul/2025 23:34:50] "GET /dashboard HTTP/1.1" 200 -
[2025-07-22 23:34:51,243] INFO - 127.0.0.1 - - [22/Jul/2025 23:34:51] "[36mGET /static/styles.css HTTP/1.1[0m" 304 -
[2025-07-22 23:34:51,257] INFO - 127.0.0.1 - - [22/Jul/2025 23:34:51] "[36mGET /static/main.js HTTP/1.1[0m" 304 -
[2025-07-22 23:34:53,959] INFO - 127.0.0.1 - - [22/Jul/2025 23:34:53] "[36mGET /static/manifest.json HTTP/1.1[0m" 304 -
[2025-07-22 23:34:59,084] INFO - 127.0.0.1 - - [22/Jul/2025 23:34:59] "[35m[1mPOST /dashboard/api/groups HTTP/1.1[0m" 201 -
[2025-07-22 23:34:59,117] INFO - 127.0.0.1 - - [22/Jul/2025 23:34:59] "[31m[1mGET /dashboard/api/groups?search= HTTP/1.1[0m" 422 -
[2025-07-22 23:35:04,811] INFO - 127.0.0.1 - - [22/Jul/2025 23:35:04] "[35m[1mPOST /dashboard/api/accounts HTTP/1.1[0m" 201 -
[2025-07-22 23:35:04,821] INFO - 127.0.0.1 - - [22/Jul/2025 23:35:04] "[31m[1mGET /dashboard/api/accounts?search= HTTP/1.1[0m" 422 -
[2025-07-22 23:35:48,313] INFO - Running job "create_app.<locals>.enqueue_sync (trigger: interval[0:01:00], next run at: 2025-07-22 23:35:48 CEST)" (scheduled at 2025-07-22 23:35:48.300622+02:00)
[2025-07-22 23:35:52,393] WARNING - Redis unavailable, deferring sync
[2025-07-22 23:35:52,405] ERROR - Job "create_app.<locals>.enqueue_sync (trigger: interval[0:01:00], next run at: 2025-07-22 23:36:48 CEST)" raised an exception
Traceback (most recent call last):
  File "C:\Users\norbe\AppData\Local\Programs\Python\Python313\Lib\site-packages\apscheduler\executors\base.py", line 125, in run_job
    retval = job.func(*job.args, **job.kwargs)
  File "F:\kick-multibot-panel\backend\app.py", line 268, in enqueue_sync
    events = SyncEvent.query.filter_by(synced=False).all()
             ^^^^^^^^^^^^^^^
  File "C:\Users\norbe\AppData\Local\Programs\Python\Python313\Lib\site-packages\flask_sqlalchemy\model.py", line 23, in __get__
    cls, session=cls.__fsa__.session()  # type: ignore[arg-type]
                 ~~~~~~~~~~~~~~~~~~~^^
  File "C:\Users\norbe\AppData\Local\Programs\Python\Python313\Lib\site-packages\sqlalchemy\orm\scoping.py", line 220, in __call__
    sess = self.registry()
  File "C:\Users\norbe\AppData\Local\Programs\Python\Python313\Lib\site-packages\sqlalchemy\util\_collections.py", line 634, in __call__
    key = self.scopefunc()
  File "C:\Users\norbe\AppData\Local\Programs\Python\Python313\Lib\site-packages\flask_sqlalchemy\session.py", line 111, in _app_ctx_id
    return id(app_ctx._get_current_object())  # type: ignore[attr-defined]
              ~~~~~~~~~~~~~~~~~~~~~~~~~~~^^
  File "C:\Users\norbe\AppData\Local\Programs\Python\Python313\Lib\site-packages\werkzeug\local.py", line 519, in _get_current_object
    raise RuntimeError(unbound_message) from None
RuntimeError: Working outside of application context.

This typically means that you attempted to use functionality that needed
the current application. To solve this, set up an application context
with app.app_context(). See the documentation for more information.
[2025-07-22 23:36:48,313] INFO - Running job "create_app.<locals>.enqueue_sync (trigger: interval[0:01:00], next run at: 2025-07-22 23:37:48 CEST)" (scheduled at 2025-07-22 23:36:48.300622+02:00)
[2025-07-22 23:36:52,396] WARNING - Redis unavailable, deferring sync
[2025-07-22 23:36:52,399] ERROR - Job "create_app.<locals>.enqueue_sync (trigger: interval[0:01:00], next run at: 2025-07-22 23:37:48 CEST)" raised an exception
Traceback (most recent call last):
  File "C:\Users\norbe\AppData\Local\Programs\Python\Python313\Lib\site-packages\apscheduler\executors\base.py", line 125, in run_job
    retval = job.func(*job.args, **job.kwargs)
  File "F:\kick-multibot-panel\backend\app.py", line 268, in enqueue_sync
    events = SyncEvent.query.filter_by(synced=False).all()
             ^^^^^^^^^^^^^^^
  File "C:\Users\norbe\AppData\Local\Programs\Python\Python313\Lib\site-packages\flask_sqlalchemy\model.py", line 23, in __get__
    cls, session=cls.__fsa__.session()  # type: ignore[arg-type]
                 ~~~~~~~~~~~~~~~~~~~^^
  File "C:\Users\norbe\AppData\Local\Programs\Python\Python313\Lib\site-packages\sqlalchemy\orm\scoping.py", line 220, in __call__
    sess = self.registry()
  File "C:\Users\norbe\AppData\Local\Programs\Python\Python313\Lib\site-packages\sqlalchemy\util\_collections.py", line 634, in __call__
    key = self.scopefunc()
  File "C:\Users\norbe\AppData\Local\Programs\Python\Python313\Lib\site-packages\flask_sqlalchemy\session.py", line 111, in _app_ctx_id
    return id(app_ctx._get_current_object())  # type: ignore[attr-defined]
              ~~~~~~~~~~~~~~~~~~~~~~~~~~~^^
  File "C:\Users\norbe\AppData\Local\Programs\Python\Python313\Lib\site-packages\werkzeug\local.py", line 519, in _get_current_object
    raise RuntimeError(unbound_message) from None
RuntimeError: Working outside of application context.

This typically means that you attempted to use functionality that needed
the current application. To solve this, set up an application context
with app.app_context(). See the documentation for more information.
[2025-07-22 23:37:48,315] INFO - Running job "create_app.<locals>.enqueue_sync (trigger: interval[0:01:00], next run at: 2025-07-22 23:38:48 CEST)" (scheduled at 2025-07-22 23:37:48.300622+02:00)
[2025-07-22 23:37:52,389] WARNING - Redis unavailable, deferring sync
[2025-07-22 23:37:52,401] ERROR - Job "create_app.<locals>.enqueue_sync (trigger: interval[0:01:00], next run at: 2025-07-22 23:38:48 CEST)" raised an exception
Traceback (most recent call last):
  File "C:\Users\norbe\AppData\Local\Programs\Python\Python313\Lib\site-packages\apscheduler\executors\base.py", line 125, in run_job
    retval = job.func(*job.args, **job.kwargs)
  File "F:\kick-multibot-panel\backend\app.py", line 268, in enqueue_sync
    events = SyncEvent.query.filter_by(synced=False).all()
             ^^^^^^^^^^^^^^^
  File "C:\Users\norbe\AppData\Local\Programs\Python\Python313\Lib\site-packages\flask_sqlalchemy\model.py", line 23, in __get__
    cls, session=cls.__fsa__.session()  # type: ignore[arg-type]
                 ~~~~~~~~~~~~~~~~~~~^^
  File "C:\Users\norbe\AppData\Local\Programs\Python\Python313\Lib\site-packages\sqlalchemy\orm\scoping.py", line 220, in __call__
    sess = self.registry()
  File "C:\Users\norbe\AppData\Local\Programs\Python\Python313\Lib\site-packages\sqlalchemy\util\_collections.py", line 634, in __call__
    key = self.scopefunc()
  File "C:\Users\norbe\AppData\Local\Programs\Python\Python313\Lib\site-packages\flask_sqlalchemy\session.py", line 111, in _app_ctx_id
    return id(app_ctx._get_current_object())  # type: ignore[attr-defined]
              ~~~~~~~~~~~~~~~~~~~~~~~~~~~^^
  File "C:\Users\norbe\AppData\Local\Programs\Python\Python313\Lib\site-packages\werkzeug\local.py", line 519, in _get_current_object
    raise RuntimeError(unbound_message) from None
RuntimeError: Working outside of application context.

This typically means that you attempted to use functionality that needed
the current application. To solve this, set up an application context
with app.app_context(). See the documentation for more information.
[2025-07-22 23:38:48,301] INFO - Running job "create_app.<locals>.enqueue_sync (trigger: interval[0:01:00], next run at: 2025-07-22 23:39:48 CEST)" (scheduled at 2025-07-22 23:38:48.300622+02:00)
[2025-07-22 23:38:52,380] WARNING - Redis unavailable, deferring sync
[2025-07-22 23:38:52,385] ERROR - Job "create_app.<locals>.enqueue_sync (trigger: interval[0:01:00], next run at: 2025-07-22 23:39:48 CEST)" raised an exception
Traceback (most recent call last):
  File "C:\Users\norbe\AppData\Local\Programs\Python\Python313\Lib\site-packages\apscheduler\executors\base.py", line 125, in run_job
    retval = job.func(*job.args, **job.kwargs)
  File "F:\kick-multibot-panel\backend\app.py", line 268, in enqueue_sync
    events = SyncEvent.query.filter_by(synced=False).all()
             ^^^^^^^^^^^^^^^
  File "C:\Users\norbe\AppData\Local\Programs\Python\Python313\Lib\site-packages\flask_sqlalchemy\model.py", line 23, in __get__
    cls, session=cls.__fsa__.session()  # type: ignore[arg-type]
                 ~~~~~~~~~~~~~~~~~~~^^
  File "C:\Users\norbe\AppData\Local\Programs\Python\Python313\Lib\site-packages\sqlalchemy\orm\scoping.py", line 220, in __call__
    sess = self.registry()
  File "C:\Users\norbe\AppData\Local\Programs\Python\Python313\Lib\site-packages\sqlalchemy\util\_collections.py", line 634, in __call__
    key = self.scopefunc()
  File "C:\Users\norbe\AppData\Local\Programs\Python\Python313\Lib\site-packages\flask_sqlalchemy\session.py", line 111, in _app_ctx_id
    return id(app_ctx._get_current_object())  # type: ignore[attr-defined]
              ~~~~~~~~~~~~~~~~~~~~~~~~~~~^^
  File "C:\Users\norbe\AppData\Local\Programs\Python\Python313\Lib\site-packages\werkzeug\local.py", line 519, in _get_current_object
    raise RuntimeError(unbound_message) from None
RuntimeError: Working outside of application context.

This typically means that you attempted to use functionality that needed
the current application. To solve this, set up an application context
with app.app_context(). See the documentation for more information.
[2025-07-22 23:39:48,315] INFO - Running job "create_app.<locals>.enqueue_sync (trigger: interval[0:01:00], next run at: 2025-07-22 23:40:48 CEST)" (scheduled at 2025-07-22 23:39:48.300622+02:00)
[2025-07-22 23:39:52,421] WARNING - Redis unavailable, deferring sync
[2025-07-22 23:39:52,424] ERROR - Job "create_app.<locals>.enqueue_sync (trigger: interval[0:01:00], next run at: 2025-07-22 23:40:48 CEST)" raised an exception
Traceback (most recent call last):
  File "C:\Users\norbe\AppData\Local\Programs\Python\Python313\Lib\site-packages\apscheduler\executors\base.py", line 125, in run_job
    retval = job.func(*job.args, **job.kwargs)
  File "F:\kick-multibot-panel\backend\app.py", line 268, in enqueue_sync
    events = SyncEvent.query.filter_by(synced=False).all()
             ^^^^^^^^^^^^^^^
  File "C:\Users\norbe\AppData\Local\Programs\Python\Python313\Lib\site-packages\flask_sqlalchemy\model.py", line 23, in __get__
    cls, session=cls.__fsa__.session()  # type: ignore[arg-type]
                 ~~~~~~~~~~~~~~~~~~~^^
  File "C:\Users\norbe\AppData\Local\Programs\Python\Python313\Lib\site-packages\sqlalchemy\orm\scoping.py", line 220, in __call__
    sess = self.registry()
  File "C:\Users\norbe\AppData\Local\Programs\Python\Python313\Lib\site-packages\sqlalchemy\util\_collections.py", line 634, in __call__
    key = self.scopefunc()
  File "C:\Users\norbe\AppData\Local\Programs\Python\Python313\Lib\site-packages\flask_sqlalchemy\session.py", line 111, in _app_ctx_id
    return id(app_ctx._get_current_object())  # type: ignore[attr-defined]
              ~~~~~~~~~~~~~~~~~~~~~~~~~~~^^
  File "C:\Users\norbe\AppData\Local\Programs\Python\Python313\Lib\site-packages\werkzeug\local.py", line 519, in _get_current_object
    raise RuntimeError(unbound_message) from None
RuntimeError: Working outside of application context.

This typically means that you attempted to use functionality that needed
the current application. To solve this, set up an application context
with app.app_context(). See the documentation for more information.
[2025-07-22 23:40:48,322] INFO - Running job "create_app.<locals>.enqueue_sync (trigger: interval[0:01:00], next run at: 2025-07-22 23:41:48 CEST)" (scheduled at 2025-07-22 23:40:48.300622+02:00)
[2025-07-22 23:40:52,431] WARNING - Redis unavailable, deferring sync
[2025-07-22 23:40:52,470] ERROR - Job "create_app.<locals>.enqueue_sync (trigger: interval[0:01:00], next run at: 2025-07-22 23:41:48 CEST)" raised an exception
Traceback (most recent call last):
  File "C:\Users\norbe\AppData\Local\Programs\Python\Python313\Lib\site-packages\apscheduler\executors\base.py", line 125, in run_job
    retval = job.func(*job.args, **job.kwargs)
  File "F:\kick-multibot-panel\backend\app.py", line 268, in enqueue_sync
    events = SyncEvent.query.filter_by(synced=False).all()
             ^^^^^^^^^^^^^^^
  File "C:\Users\norbe\AppData\Local\Programs\Python\Python313\Lib\site-packages\flask_sqlalchemy\model.py", line 23, in __get__
    cls, session=cls.__fsa__.session()  # type: ignore[arg-type]
                 ~~~~~~~~~~~~~~~~~~~^^
  File "C:\Users\norbe\AppData\Local\Programs\Python\Python313\Lib\site-packages\sqlalchemy\orm\scoping.py", line 220, in __call__
    sess = self.registry()
  File "C:\Users\norbe\AppData\Local\Programs\Python\Python313\Lib\site-packages\sqlalchemy\util\_collections.py", line 634, in __call__
    key = self.scopefunc()
  File "C:\Users\norbe\AppData\Local\Programs\Python\Python313\Lib\site-packages\flask_sqlalchemy\session.py", line 111, in _app_ctx_id
    return id(app_ctx._get_current_object())  # type: ignore[attr-defined]
              ~~~~~~~~~~~~~~~~~~~~~~~~~~~^^
  File "C:\Users\norbe\AppData\Local\Programs\Python\Python313\Lib\site-packages\werkzeug\local.py", line 519, in _get_current_object
    raise RuntimeError(unbound_message) from None
RuntimeError: Working outside of application context.

This typically means that you attempted to use functionality that needed
the current application. To solve this, set up an application context
with app.app_context(). See the documentation for more information.
[2025-07-22 23:41:48,302] INFO - Running job "create_app.<locals>.enqueue_sync (trigger: interval[0:01:00], next run at: 2025-07-22 23:42:48 CEST)" (scheduled at 2025-07-22 23:41:48.300622+02:00)
[2025-07-22 23:41:52,378] WARNING - Redis unavailable, deferring sync
[2025-07-22 23:41:52,381] ERROR - Job "create_app.<locals>.enqueue_sync (trigger: interval[0:01:00], next run at: 2025-07-22 23:42:48 CEST)" raised an exception
Traceback (most recent call last):
  File "C:\Users\norbe\AppData\Local\Programs\Python\Python313\Lib\site-packages\apscheduler\executors\base.py", line 125, in run_job
    retval = job.func(*job.args, **job.kwargs)
  File "F:\kick-multibot-panel\backend\app.py", line 268, in enqueue_sync
    events = SyncEvent.query.filter_by(synced=False).all()
             ^^^^^^^^^^^^^^^
  File "C:\Users\norbe\AppData\Local\Programs\Python\Python313\Lib\site-packages\flask_sqlalchemy\model.py", line 23, in __get__
    cls, session=cls.__fsa__.session()  # type: ignore[arg-type]
                 ~~~~~~~~~~~~~~~~~~~^^
  File "C:\Users\norbe\AppData\Local\Programs\Python\Python313\Lib\site-packages\sqlalchemy\orm\scoping.py", line 220, in __call__
    sess = self.registry()
  File "C:\Users\norbe\AppData\Local\Programs\Python\Python313\Lib\site-packages\sqlalchemy\util\_collections.py", line 634, in __call__
    key = self.scopefunc()
  File "C:\Users\norbe\AppData\Local\Programs\Python\Python313\Lib\site-packages\flask_sqlalchemy\session.py", line 111, in _app_ctx_id
    return id(app_ctx._get_current_object())  # type: ignore[attr-defined]
              ~~~~~~~~~~~~~~~~~~~~~~~~~~~^^
  File "C:\Users\norbe\AppData\Local\Programs\Python\Python313\Lib\site-packages\werkzeug\local.py", line 519, in _get_current_object
    raise RuntimeError(unbound_message) from None
RuntimeError: Working outside of application context.

This typically means that you attempted to use functionality that needed
the current application. To solve this, set up an application context
with app.app_context(). See the documentation for more information.
[2025-07-22 23:42:48,319] INFO - Running job "create_app.<locals>.enqueue_sync (trigger: interval[0:01:00], next run at: 2025-07-22 23:43:48 CEST)" (scheduled at 2025-07-22 23:42:48.300622+02:00)
[2025-07-22 23:42:52,376] WARNING - Redis unavailable, deferring sync
[2025-07-22 23:42:52,403] ERROR - Job "create_app.<locals>.enqueue_sync (trigger: interval[0:01:00], next run at: 2025-07-22 23:43:48 CEST)" raised an exception
Traceback (most recent call last):
  File "C:\Users\norbe\AppData\Local\Programs\Python\Python313\Lib\site-packages\apscheduler\executors\base.py", line 125, in run_job
    retval = job.func(*job.args, **job.kwargs)
  File "F:\kick-multibot-panel\backend\app.py", line 268, in enqueue_sync
    events = SyncEvent.query.filter_by(synced=False).all()
             ^^^^^^^^^^^^^^^
  File "C:\Users\norbe\AppData\Local\Programs\Python\Python313\Lib\site-packages\flask_sqlalchemy\model.py", line 23, in __get__
    cls, session=cls.__fsa__.session()  # type: ignore[arg-type]
                 ~~~~~~~~~~~~~~~~~~~^^
  File "C:\Users\norbe\AppData\Local\Programs\Python\Python313\Lib\site-packages\sqlalchemy\orm\scoping.py", line 220, in __call__
    sess = self.registry()
  File "C:\Users\norbe\AppData\Local\Programs\Python\Python313\Lib\site-packages\sqlalchemy\util\_collections.py", line 634, in __call__
    key = self.scopefunc()
  File "C:\Users\norbe\AppData\Local\Programs\Python\Python313\Lib\site-packages\flask_sqlalchemy\session.py", line 111, in _app_ctx_id
    return id(app_ctx._get_current_object())  # type: ignore[attr-defined]
              ~~~~~~~~~~~~~~~~~~~~~~~~~~~^^
  File "C:\Users\norbe\AppData\Local\Programs\Python\Python313\Lib\site-packages\werkzeug\local.py", line 519, in _get_current_object
    raise RuntimeError(unbound_message) from None
RuntimeError: Working outside of application context.

This typically means that you attempted to use functionality that needed
the current application. To solve this, set up an application context
with app.app_context(). See the documentation for more information.
[2025-07-22 23:43:48,314] INFO - Running job "create_app.<locals>.enqueue_sync (trigger: interval[0:01:00], next run at: 2025-07-22 23:44:48 CEST)" (scheduled at 2025-07-22 23:43:48.300622+02:00)
[2025-07-22 23:43:52,386] WARNING - Redis unavailable, deferring sync
[2025-07-22 23:43:52,390] ERROR - Job "create_app.<locals>.enqueue_sync (trigger: interval[0:01:00], next run at: 2025-07-22 23:44:48 CEST)" raised an exception
Traceback (most recent call last):
  File "C:\Users\norbe\AppData\Local\Programs\Python\Python313\Lib\site-packages\apscheduler\executors\base.py", line 125, in run_job
    retval = job.func(*job.args, **job.kwargs)
  File "F:\kick-multibot-panel\backend\app.py", line 268, in enqueue_sync
    events = SyncEvent.query.filter_by(synced=False).all()
             ^^^^^^^^^^^^^^^
  File "C:\Users\norbe\AppData\Local\Programs\Python\Python313\Lib\site-packages\flask_sqlalchemy\model.py", line 23, in __get__
    cls, session=cls.__fsa__.session()  # type: ignore[arg-type]
                 ~~~~~~~~~~~~~~~~~~~^^
  File "C:\Users\norbe\AppData\Local\Programs\Python\Python313\Lib\site-packages\sqlalchemy\orm\scoping.py", line 220, in __call__
    sess = self.registry()
  File "C:\Users\norbe\AppData\Local\Programs\Python\Python313\Lib\site-packages\sqlalchemy\util\_collections.py", line 634, in __call__
    key = self.scopefunc()
  File "C:\Users\norbe\AppData\Local\Programs\Python\Python313\Lib\site-packages\flask_sqlalchemy\session.py", line 111, in _app_ctx_id
    return id(app_ctx._get_current_object())  # type: ignore[attr-defined]
              ~~~~~~~~~~~~~~~~~~~~~~~~~~~^^
  File "C:\Users\norbe\AppData\Local\Programs\Python\Python313\Lib\site-packages\werkzeug\local.py", line 519, in _get_current_object
    raise RuntimeError(unbound_message) from None
RuntimeError: Working outside of application context.

This typically means that you attempted to use functionality that needed
the current application. To solve this, set up an application context
with app.app_context(). See the documentation for more information.
[2025-07-22 23:44:48,302] INFO - Running job "create_app.<locals>.enqueue_sync (trigger: interval[0:01:00], next run at: 2025-07-22 23:45:48 CEST)" (scheduled at 2025-07-22 23:44:48.300622+02:00)
[2025-07-22 23:44:52,377] WARNING - Redis unavailable, deferring sync
[2025-07-22 23:44:52,381] ERROR - Job "create_app.<locals>.enqueue_sync (trigger: interval[0:01:00], next run at: 2025-07-22 23:45:48 CEST)" raised an exception
Traceback (most recent call last):
  File "C:\Users\norbe\AppData\Local\Programs\Python\Python313\Lib\site-packages\apscheduler\executors\base.py", line 125, in run_job
    retval = job.func(*job.args, **job.kwargs)
  File "F:\kick-multibot-panel\backend\app.py", line 268, in enqueue_sync
    events = SyncEvent.query.filter_by(synced=False).all()
             ^^^^^^^^^^^^^^^
  File "C:\Users\norbe\AppData\Local\Programs\Python\Python313\Lib\site-packages\flask_sqlalchemy\model.py", line 23, in __get__
    cls, session=cls.__fsa__.session()  # type: ignore[arg-type]
                 ~~~~~~~~~~~~~~~~~~~^^
  File "C:\Users\norbe\AppData\Local\Programs\Python\Python313\Lib\site-packages\sqlalchemy\orm\scoping.py", line 220, in __call__
    sess = self.registry()
  File "C:\Users\norbe\AppData\Local\Programs\Python\Python313\Lib\site-packages\sqlalchemy\util\_collections.py", line 634, in __call__
    key = self.scopefunc()
  File "C:\Users\norbe\AppData\Local\Programs\Python\Python313\Lib\site-packages\flask_sqlalchemy\session.py", line 111, in _app_ctx_id
    return id(app_ctx._get_current_object())  # type: ignore[attr-defined]
              ~~~~~~~~~~~~~~~~~~~~~~~~~~~^^
  File "C:\Users\norbe\AppData\Local\Programs\Python\Python313\Lib\site-packages\werkzeug\local.py", line 519, in _get_current_object
    raise RuntimeError(unbound_message) from None
RuntimeError: Working outside of application context.

This typically means that you attempted to use functionality that needed
the current application. To solve this, set up an application context
with app.app_context(). See the documentation for more information.
[2025-07-22 23:45:48,309] INFO - Running job "create_app.<locals>.enqueue_sync (trigger: interval[0:01:00], next run at: 2025-07-22 23:46:48 CEST)" (scheduled at 2025-07-22 23:45:48.300622+02:00)
[2025-07-22 23:45:52,405] WARNING - Redis unavailable, deferring sync
[2025-07-22 23:45:52,408] ERROR - Job "create_app.<locals>.enqueue_sync (trigger: interval[0:01:00], next run at: 2025-07-22 23:46:48 CEST)" raised an exception
Traceback (most recent call last):
  File "C:\Users\norbe\AppData\Local\Programs\Python\Python313\Lib\site-packages\apscheduler\executors\base.py", line 125, in run_job
    retval = job.func(*job.args, **job.kwargs)
  File "F:\kick-multibot-panel\backend\app.py", line 268, in enqueue_sync
    events = SyncEvent.query.filter_by(synced=False).all()
             ^^^^^^^^^^^^^^^
  File "C:\Users\norbe\AppData\Local\Programs\Python\Python313\Lib\site-packages\flask_sqlalchemy\model.py", line 23, in __get__
    cls, session=cls.__fsa__.session()  # type: ignore[arg-type]
                 ~~~~~~~~~~~~~~~~~~~^^
  File "C:\Users\norbe\AppData\Local\Programs\Python\Python313\Lib\site-packages\sqlalchemy\orm\scoping.py", line 220, in __call__
    sess = self.registry()
  File "C:\Users\norbe\AppData\Local\Programs\Python\Python313\Lib\site-packages\sqlalchemy\util\_collections.py", line 634, in __call__
    key = self.scopefunc()
  File "C:\Users\norbe\AppData\Local\Programs\Python\Python313\Lib\site-packages\flask_sqlalchemy\session.py", line 111, in _app_ctx_id
    return id(app_ctx._get_current_object())  # type: ignore[attr-defined]
              ~~~~~~~~~~~~~~~~~~~~~~~~~~~^^
  File "C:\Users\norbe\AppData\Local\Programs\Python\Python313\Lib\site-packages\werkzeug\local.py", line 519, in _get_current_object
    raise RuntimeError(unbound_message) from None
RuntimeError: Working outside of application context.

This typically means that you attempted to use functionality that needed
the current application. To solve this, set up an application context
with app.app_context(). See the documentation for more information.
[2025-07-22 23:46:48,306] INFO - Running job "create_app.<locals>.enqueue_sync (trigger: interval[0:01:00], next run at: 2025-07-22 23:47:48 CEST)" (scheduled at 2025-07-22 23:46:48.300622+02:00)
[2025-07-22 23:46:52,390] WARNING - Redis unavailable, deferring sync
[2025-07-22 23:46:52,426] ERROR - Job "create_app.<locals>.enqueue_sync (trigger: interval[0:01:00], next run at: 2025-07-22 23:47:48 CEST)" raised an exception
Traceback (most recent call last):
  File "C:\Users\norbe\AppData\Local\Programs\Python\Python313\Lib\site-packages\apscheduler\executors\base.py", line 125, in run_job
    retval = job.func(*job.args, **job.kwargs)
  File "F:\kick-multibot-panel\backend\app.py", line 268, in enqueue_sync
    events = SyncEvent.query.filter_by(synced=False).all()
             ^^^^^^^^^^^^^^^
  File "C:\Users\norbe\AppData\Local\Programs\Python\Python313\Lib\site-packages\flask_sqlalchemy\model.py", line 23, in __get__
    cls, session=cls.__fsa__.session()  # type: ignore[arg-type]
                 ~~~~~~~~~~~~~~~~~~~^^
  File "C:\Users\norbe\AppData\Local\Programs\Python\Python313\Lib\site-packages\sqlalchemy\orm\scoping.py", line 220, in __call__
    sess = self.registry()
  File "C:\Users\norbe\AppData\Local\Programs\Python\Python313\Lib\site-packages\sqlalchemy\util\_collections.py", line 634, in __call__
    key = self.scopefunc()
  File "C:\Users\norbe\AppData\Local\Programs\Python\Python313\Lib\site-packages\flask_sqlalchemy\session.py", line 111, in _app_ctx_id
    return id(app_ctx._get_current_object())  # type: ignore[attr-defined]
              ~~~~~~~~~~~~~~~~~~~~~~~~~~~^^
  File "C:\Users\norbe\AppData\Local\Programs\Python\Python313\Lib\site-packages\werkzeug\local.py", line 519, in _get_current_object
    raise RuntimeError(unbound_message) from None
RuntimeError: Working outside of application context.

This typically means that you attempted to use functionality that needed
the current application. To solve this, set up an application context
with app.app_context(). See the documentation for more information.
[2025-07-22 23:47:48,345] INFO - Running job "create_app.<locals>.enqueue_sync (trigger: interval[0:01:00], next run at: 2025-07-22 23:48:48 CEST)" (scheduled at 2025-07-22 23:47:48.300622+02:00)
[2025-07-22 23:47:52,541] WARNING - Redis unavailable, deferring sync
[2025-07-22 23:47:52,548] ERROR - Job "create_app.<locals>.enqueue_sync (trigger: interval[0:01:00], next run at: 2025-07-22 23:48:48 CEST)" raised an exception
Traceback (most recent call last):
  File "C:\Users\norbe\AppData\Local\Programs\Python\Python313\Lib\site-packages\apscheduler\executors\base.py", line 125, in run_job
    retval = job.func(*job.args, **job.kwargs)
  File "F:\kick-multibot-panel\backend\app.py", line 268, in enqueue_sync
    events = SyncEvent.query.filter_by(synced=False).all()
             ^^^^^^^^^^^^^^^
  File "C:\Users\norbe\AppData\Local\Programs\Python\Python313\Lib\site-packages\flask_sqlalchemy\model.py", line 23, in __get__
    cls, session=cls.__fsa__.session()  # type: ignore[arg-type]
                 ~~~~~~~~~~~~~~~~~~~^^
  File "C:\Users\norbe\AppData\Local\Programs\Python\Python313\Lib\site-packages\sqlalchemy\orm\scoping.py", line 220, in __call__
    sess = self.registry()
  File "C:\Users\norbe\AppData\Local\Programs\Python\Python313\Lib\site-packages\sqlalchemy\util\_collections.py", line 634, in __call__
    key = self.scopefunc()
  File "C:\Users\norbe\AppData\Local\Programs\Python\Python313\Lib\site-packages\flask_sqlalchemy\session.py", line 111, in _app_ctx_id
    return id(app_ctx._get_current_object())  # type: ignore[attr-defined]
              ~~~~~~~~~~~~~~~~~~~~~~~~~~~^^
  File "C:\Users\norbe\AppData\Local\Programs\Python\Python313\Lib\site-packages\werkzeug\local.py", line 519, in _get_current_object
    raise RuntimeError(unbound_message) from None
RuntimeError: Working outside of application context.

This typically means that you attempted to use functionality that needed
the current application. To solve this, set up an application context
with app.app_context(). See the documentation for more information.
[2025-07-22 23:48:48,342] INFO - Running job "create_app.<locals>.enqueue_sync (trigger: interval[0:01:00], next run at: 2025-07-22 23:49:48 CEST)" (scheduled at 2025-07-22 23:48:48.300622+02:00)
[2025-07-22 23:48:52,485] WARNING - Redis unavailable, deferring sync
[2025-07-22 23:48:52,488] ERROR - Job "create_app.<locals>.enqueue_sync (trigger: interval[0:01:00], next run at: 2025-07-22 23:49:48 CEST)" raised an exception
Traceback (most recent call last):
  File "C:\Users\norbe\AppData\Local\Programs\Python\Python313\Lib\site-packages\apscheduler\executors\base.py", line 125, in run_job
    retval = job.func(*job.args, **job.kwargs)
  File "F:\kick-multibot-panel\backend\app.py", line 268, in enqueue_sync
    events = SyncEvent.query.filter_by(synced=False).all()
             ^^^^^^^^^^^^^^^
  File "C:\Users\norbe\AppData\Local\Programs\Python\Python313\Lib\site-packages\flask_sqlalchemy\model.py", line 23, in __get__
    cls, session=cls.__fsa__.session()  # type: ignore[arg-type]
                 ~~~~~~~~~~~~~~~~~~~^^
  File "C:\Users\norbe\AppData\Local\Programs\Python\Python313\Lib\site-packages\sqlalchemy\orm\scoping.py", line 220, in __call__
    sess = self.registry()
  File "C:\Users\norbe\AppData\Local\Programs\Python\Python313\Lib\site-packages\sqlalchemy\util\_collections.py", line 634, in __call__
    key = self.scopefunc()
  File "C:\Users\norbe\AppData\Local\Programs\Python\Python313\Lib\site-packages\flask_sqlalchemy\session.py", line 111, in _app_ctx_id
    return id(app_ctx._get_current_object())  # type: ignore[attr-defined]
              ~~~~~~~~~~~~~~~~~~~~~~~~~~~^^
  File "C:\Users\norbe\AppData\Local\Programs\Python\Python313\Lib\site-packages\werkzeug\local.py", line 519, in _get_current_object
    raise RuntimeError(unbound_message) from None
RuntimeError: Working outside of application context.

This typically means that you attempted to use functionality that needed
the current application. To solve this, set up an application context
with app.app_context(). See the documentation for more information.
[2025-07-22 23:49:48,331] INFO - Running job "create_app.<locals>.enqueue_sync (trigger: interval[0:01:00], next run at: 2025-07-22 23:50:48 CEST)" (scheduled at 2025-07-22 23:49:48.300622+02:00)
[2025-07-22 23:49:52,440] WARNING - Redis unavailable, deferring sync
[2025-07-22 23:49:52,451] ERROR - Job "create_app.<locals>.enqueue_sync (trigger: interval[0:01:00], next run at: 2025-07-22 23:50:48 CEST)" raised an exception
Traceback (most recent call last):
  File "C:\Users\norbe\AppData\Local\Programs\Python\Python313\Lib\site-packages\apscheduler\executors\base.py", line 125, in run_job
    retval = job.func(*job.args, **job.kwargs)
  File "F:\kick-multibot-panel\backend\app.py", line 268, in enqueue_sync
    events = SyncEvent.query.filter_by(synced=False).all()
             ^^^^^^^^^^^^^^^
  File "C:\Users\norbe\AppData\Local\Programs\Python\Python313\Lib\site-packages\flask_sqlalchemy\model.py", line 23, in __get__
    cls, session=cls.__fsa__.session()  # type: ignore[arg-type]
                 ~~~~~~~~~~~~~~~~~~~^^
  File "C:\Users\norbe\AppData\Local\Programs\Python\Python313\Lib\site-packages\sqlalchemy\orm\scoping.py", line 220, in __call__
    sess = self.registry()
  File "C:\Users\norbe\AppData\Local\Programs\Python\Python313\Lib\site-packages\sqlalchemy\util\_collections.py", line 634, in __call__
    key = self.scopefunc()
  File "C:\Users\norbe\AppData\Local\Programs\Python\Python313\Lib\site-packages\flask_sqlalchemy\session.py", line 111, in _app_ctx_id
    return id(app_ctx._get_current_object())  # type: ignore[attr-defined]
              ~~~~~~~~~~~~~~~~~~~~~~~~~~~^^
  File "C:\Users\norbe\AppData\Local\Programs\Python\Python313\Lib\site-packages\werkzeug\local.py", line 519, in _get_current_object
    raise RuntimeError(unbound_message) from None
RuntimeError: Working outside of application context.

This typically means that you attempted to use functionality that needed
the current application. To solve this, set up an application context
with app.app_context(). See the documentation for more information.
[2025-07-22 23:50:48,323] INFO - Running job "create_app.<locals>.enqueue_sync (trigger: interval[0:01:00], next run at: 2025-07-22 23:51:48 CEST)" (scheduled at 2025-07-22 23:50:48.300622+02:00)
[2025-07-22 23:50:52,370] WARNING - Redis unavailable, deferring sync
[2025-07-22 23:50:52,424] ERROR - Job "create_app.<locals>.enqueue_sync (trigger: interval[0:01:00], next run at: 2025-07-22 23:51:48 CEST)" raised an exception
Traceback (most recent call last):
  File "C:\Users\norbe\AppData\Local\Programs\Python\Python313\Lib\site-packages\apscheduler\executors\base.py", line 125, in run_job
    retval = job.func(*job.args, **job.kwargs)
  File "F:\kick-multibot-panel\backend\app.py", line 268, in enqueue_sync
    events = SyncEvent.query.filter_by(synced=False).all()
             ^^^^^^^^^^^^^^^
  File "C:\Users\norbe\AppData\Local\Programs\Python\Python313\Lib\site-packages\flask_sqlalchemy\model.py", line 23, in __get__
    cls, session=cls.__fsa__.session()  # type: ignore[arg-type]
                 ~~~~~~~~~~~~~~~~~~~^^
  File "C:\Users\norbe\AppData\Local\Programs\Python\Python313\Lib\site-packages\sqlalchemy\orm\scoping.py", line 220, in __call__
    sess = self.registry()
  File "C:\Users\norbe\AppData\Local\Programs\Python\Python313\Lib\site-packages\sqlalchemy\util\_collections.py", line 634, in __call__
    key = self.scopefunc()
  File "C:\Users\norbe\AppData\Local\Programs\Python\Python313\Lib\site-packages\flask_sqlalchemy\session.py", line 111, in _app_ctx_id
    return id(app_ctx._get_current_object())  # type: ignore[attr-defined]
              ~~~~~~~~~~~~~~~~~~~~~~~~~~~^^
  File "C:\Users\norbe\AppData\Local\Programs\Python\Python313\Lib\site-packages\werkzeug\local.py", line 519, in _get_current_object
    raise RuntimeError(unbound_message) from None
RuntimeError: Working outside of application context.

This typically means that you attempted to use functionality that needed
the current application. To solve this, set up an application context
with app.app_context(). See the documentation for more information.
[2025-07-22 23:51:48,354] INFO - Running job "create_app.<locals>.enqueue_sync (trigger: interval[0:01:00], next run at: 2025-07-22 23:52:48 CEST)" (scheduled at 2025-07-22 23:51:48.300622+02:00)
[2025-07-22 23:51:53,015] WARNING - Redis unavailable, deferring sync
[2025-07-22 23:51:53,020] ERROR - Job "create_app.<locals>.enqueue_sync (trigger: interval[0:01:00], next run at: 2025-07-22 23:52:48 CEST)" raised an exception
Traceback (most recent call last):
  File "C:\Users\norbe\AppData\Local\Programs\Python\Python313\Lib\site-packages\apscheduler\executors\base.py", line 125, in run_job
    retval = job.func(*job.args, **job.kwargs)
  File "F:\kick-multibot-panel\backend\app.py", line 268, in enqueue_sync
    events = SyncEvent.query.filter_by(synced=False).all()
             ^^^^^^^^^^^^^^^
  File "C:\Users\norbe\AppData\Local\Programs\Python\Python313\Lib\site-packages\flask_sqlalchemy\model.py", line 23, in __get__
    cls, session=cls.__fsa__.session()  # type: ignore[arg-type]
                 ~~~~~~~~~~~~~~~~~~~^^
  File "C:\Users\norbe\AppData\Local\Programs\Python\Python313\Lib\site-packages\sqlalchemy\orm\scoping.py", line 220, in __call__
    sess = self.registry()
  File "C:\Users\norbe\AppData\Local\Programs\Python\Python313\Lib\site-packages\sqlalchemy\util\_collections.py", line 634, in __call__
    key = self.scopefunc()
  File "C:\Users\norbe\AppData\Local\Programs\Python\Python313\Lib\site-packages\flask_sqlalchemy\session.py", line 111, in _app_ctx_id
    return id(app_ctx._get_current_object())  # type: ignore[attr-defined]
              ~~~~~~~~~~~~~~~~~~~~~~~~~~~^^
  File "C:\Users\norbe\AppData\Local\Programs\Python\Python313\Lib\site-packages\werkzeug\local.py", line 519, in _get_current_object
    raise RuntimeError(unbound_message) from None
RuntimeError: Working outside of application context.

This typically means that you attempted to use functionality that needed
the current application. To solve this, set up an application context
with app.app_context(). See the documentation for more information.
[2025-07-22 23:52:48,329] INFO - Running job "create_app.<locals>.enqueue_sync (trigger: interval[0:01:00], next run at: 2025-07-22 23:53:48 CEST)" (scheduled at 2025-07-22 23:52:48.300622+02:00)
[2025-07-22 23:52:53,100] WARNING - Redis unavailable, deferring sync
[2025-07-22 23:52:53,167] ERROR - Job "create_app.<locals>.enqueue_sync (trigger: interval[0:01:00], next run at: 2025-07-22 23:53:48 CEST)" raised an exception
Traceback (most recent call last):
  File "C:\Users\norbe\AppData\Local\Programs\Python\Python313\Lib\site-packages\apscheduler\executors\base.py", line 125, in run_job
    retval = job.func(*job.args, **job.kwargs)
  File "F:\kick-multibot-panel\backend\app.py", line 268, in enqueue_sync
    events = SyncEvent.query.filter_by(synced=False).all()
             ^^^^^^^^^^^^^^^
  File "C:\Users\norbe\AppData\Local\Programs\Python\Python313\Lib\site-packages\flask_sqlalchemy\model.py", line 23, in __get__
    cls, session=cls.__fsa__.session()  # type: ignore[arg-type]
                 ~~~~~~~~~~~~~~~~~~~^^
  File "C:\Users\norbe\AppData\Local\Programs\Python\Python313\Lib\site-packages\sqlalchemy\orm\scoping.py", line 220, in __call__
    sess = self.registry()
  File "C:\Users\norbe\AppData\Local\Programs\Python\Python313\Lib\site-packages\sqlalchemy\util\_collections.py", line 634, in __call__
    key = self.scopefunc()
  File "C:\Users\norbe\AppData\Local\Programs\Python\Python313\Lib\site-packages\flask_sqlalchemy\session.py", line 111, in _app_ctx_id
    return id(app_ctx._get_current_object())  # type: ignore[attr-defined]
              ~~~~~~~~~~~~~~~~~~~~~~~~~~~^^
  File "C:\Users\norbe\AppData\Local\Programs\Python\Python313\Lib\site-packages\werkzeug\local.py", line 519, in _get_current_object
    raise RuntimeError(unbound_message) from None
RuntimeError: Working outside of application context.

This typically means that you attempted to use functionality that needed
the current application. To solve this, set up an application context
with app.app_context(). See the documentation for more information.
[2025-07-22 23:53:48,511] INFO - Running job "create_app.<locals>.enqueue_sync (trigger: interval[0:01:00], next run at: 2025-07-22 23:54:48 CEST)" (scheduled at 2025-07-22 23:53:48.300622+02:00)
[2025-07-22 23:53:52,691] WARNING - Redis unavailable, deferring sync
[2025-07-22 23:53:53,248] ERROR - Job "create_app.<locals>.enqueue_sync (trigger: interval[0:01:00], next run at: 2025-07-22 23:54:48 CEST)" raised an exception
Traceback (most recent call last):
  File "C:\Users\norbe\AppData\Local\Programs\Python\Python313\Lib\site-packages\apscheduler\executors\base.py", line 125, in run_job
    retval = job.func(*job.args, **job.kwargs)
  File "F:\kick-multibot-panel\backend\app.py", line 268, in enqueue_sync
    except RedisConnError:
                 ^^^^^^^^^
  File "C:\Users\norbe\AppData\Local\Programs\Python\Python313\Lib\site-packages\flask_sqlalchemy\model.py", line 23, in __get__
    cls, session=cls.__fsa__.session()  # type: ignore[arg-type]
                 ~~~~~~~~~~~~~~~~~~~^^
  File "C:\Users\norbe\AppData\Local\Programs\Python\Python313\Lib\site-packages\sqlalchemy\orm\scoping.py", line 220, in __call__
    sess = self.registry()
  File "C:\Users\norbe\AppData\Local\Programs\Python\Python313\Lib\site-packages\sqlalchemy\util\_collections.py", line 634, in __call__
    key = self.scopefunc()
  File "C:\Users\norbe\AppData\Local\Programs\Python\Python313\Lib\site-packages\flask_sqlalchemy\session.py", line 111, in _app_ctx_id
    return id(app_ctx._get_current_object())  # type: ignore[attr-defined]
              ~~~~~~~~~~~~~~~~~~~~~~~~~~~^^
  File "C:\Users\norbe\AppData\Local\Programs\Python\Python313\Lib\site-packages\werkzeug\local.py", line 519, in _get_current_object
    raise RuntimeError(unbound_message) from None
RuntimeError: Working outside of application context.

This typically means that you attempted to use functionality that needed
the current application. To solve this, set up an application context
with app.app_context(). See the documentation for more information.
[2025-07-22 23:54:48,396] INFO - Running job "create_app.<locals>.enqueue_sync (trigger: interval[0:01:00], next run at: 2025-07-22 23:55:48 CEST)" (scheduled at 2025-07-22 23:54:48.300622+02:00)
[2025-07-22 23:54:52,728] WARNING - Redis unavailable, deferring sync
[2025-07-22 23:54:52,743] ERROR - Job "create_app.<locals>.enqueue_sync (trigger: interval[0:01:00], next run at: 2025-07-22 23:55:48 CEST)" raised an exception
Traceback (most recent call last):
  File "C:\Users\norbe\AppData\Local\Programs\Python\Python313\Lib\site-packages\apscheduler\executors\base.py", line 125, in run_job
    retval = job.func(*job.args, **job.kwargs)
  File "F:\kick-multibot-panel\backend\app.py", line 268, in enqueue_sync
    except RedisConnError:
                 ^^^^^^^^^
  File "C:\Users\norbe\AppData\Local\Programs\Python\Python313\Lib\site-packages\flask_sqlalchemy\model.py", line 23, in __get__
    cls, session=cls.__fsa__.session()  # type: ignore[arg-type]
                 ~~~~~~~~~~~~~~~~~~~^^
  File "C:\Users\norbe\AppData\Local\Programs\Python\Python313\Lib\site-packages\sqlalchemy\orm\scoping.py", line 220, in __call__
    sess = self.registry()
  File "C:\Users\norbe\AppData\Local\Programs\Python\Python313\Lib\site-packages\sqlalchemy\util\_collections.py", line 634, in __call__
    key = self.scopefunc()
  File "C:\Users\norbe\AppData\Local\Programs\Python\Python313\Lib\site-packages\flask_sqlalchemy\session.py", line 111, in _app_ctx_id
    return id(app_ctx._get_current_object())  # type: ignore[attr-defined]
              ~~~~~~~~~~~~~~~~~~~~~~~~~~~^^
  File "C:\Users\norbe\AppData\Local\Programs\Python\Python313\Lib\site-packages\werkzeug\local.py", line 519, in _get_current_object
    raise RuntimeError(unbound_message) from None
RuntimeError: Working outside of application context.

This typically means that you attempted to use functionality that needed
the current application. To solve this, set up an application context
with app.app_context(). See the documentation for more information.
[2025-07-22 23:55:48,358] INFO - Running job "create_app.<locals>.enqueue_sync (trigger: interval[0:01:00], next run at: 2025-07-22 23:56:48 CEST)" (scheduled at 2025-07-22 23:55:48.300622+02:00)
[2025-07-22 23:55:52,486] WARNING - Redis unavailable, deferring sync
[2025-07-22 23:55:52,492] ERROR - Job "create_app.<locals>.enqueue_sync (trigger: interval[0:01:00], next run at: 2025-07-22 23:56:48 CEST)" raised an exception
Traceback (most recent call last):
  File "C:\Users\norbe\AppData\Local\Programs\Python\Python313\Lib\site-packages\apscheduler\executors\base.py", line 125, in run_job
    retval = job.func(*job.args, **job.kwargs)
  File "F:\kick-multibot-panel\backend\app.py", line 268, in enqueue_sync
    except RedisConnError:
                 ^^^^^^^^^
  File "C:\Users\norbe\AppData\Local\Programs\Python\Python313\Lib\site-packages\flask_sqlalchemy\model.py", line 23, in __get__
    cls, session=cls.__fsa__.session()  # type: ignore[arg-type]
                 ~~~~~~~~~~~~~~~~~~~^^
  File "C:\Users\norbe\AppData\Local\Programs\Python\Python313\Lib\site-packages\sqlalchemy\orm\scoping.py", line 220, in __call__
    sess = self.registry()
  File "C:\Users\norbe\AppData\Local\Programs\Python\Python313\Lib\site-packages\sqlalchemy\util\_collections.py", line 634, in __call__
    key = self.scopefunc()
  File "C:\Users\norbe\AppData\Local\Programs\Python\Python313\Lib\site-packages\flask_sqlalchemy\session.py", line 111, in _app_ctx_id
    return id(app_ctx._get_current_object())  # type: ignore[attr-defined]
              ~~~~~~~~~~~~~~~~~~~~~~~~~~~^^
  File "C:\Users\norbe\AppData\Local\Programs\Python\Python313\Lib\site-packages\werkzeug\local.py", line 519, in _get_current_object
    raise RuntimeError(unbound_message) from None
RuntimeError: Working outside of application context.

This typically means that you attempted to use functionality that needed
the current application. To solve this, set up an application context
with app.app_context(). See the documentation for more information.
[2025-07-22 23:56:33,029] WARNING - Redis unavailable, tasks will run inline
[2025-07-22 23:56:33,577] INFO - Adding job tentatively -- it will be properly scheduled when the scheduler starts
[2025-07-22 23:56:33,752] INFO - Added job "create_app.<locals>.enqueue_sync" to job store "default"
[2025-07-22 23:56:33,850] INFO - Scheduler started
[2025-07-22 23:56:34,394] INFO - [31m[1mWARNING: This is a development server. Do not use it in a production deployment. Use a production WSGI server instead.[0m
 * Running on http://127.0.0.1:5000
[2025-07-22 23:56:34,439] INFO - [33mPress CTRL+C to quit[0m
[2025-07-22 23:56:39,848] INFO - 127.0.0.1 - - [22/Jul/2025 23:56:39] "GET /dashboard HTTP/1.1" 200 -
[2025-07-22 23:56:42,858] INFO - 127.0.0.1 - - [22/Jul/2025 23:56:42] "GET /static/main.js HTTP/1.1" 200 -
[2025-07-22 23:56:42,859] INFO - 127.0.0.1 - - [22/Jul/2025 23:56:42] "[36mGET /static/styles.css HTTP/1.1[0m" 304 -
[2025-07-22 23:56:48,340] INFO - 127.0.0.1 - - [22/Jul/2025 23:56:48] "[36mGET /static/manifest.json HTTP/1.1[0m" 304 -
[2025-07-22 23:56:53,543] WARNING - invalid group id 123
[2025-07-22 23:56:53,544] INFO - 127.0.0.1 - - [22/Jul/2025 23:56:53] "[31m[1mPOST /dashboard/api/accounts HTTP/1.1[0m" 400 -
[2025-07-22 23:57:00,886] WARNING - duplicate group name 12
[2025-07-22 23:57:00,887] INFO - 127.0.0.1 - - [22/Jul/2025 23:57:00] "[31m[1mPOST /dashboard/api/groups HTTP/1.1[0m" 400 -
[2025-07-22 23:57:11,904] INFO - 127.0.0.1 - - [22/Jul/2025 23:57:11] "[35m[1mPOST /dashboard/api/groups HTTP/1.1[0m" 201 -
[2025-07-22 23:57:11,915] INFO - 127.0.0.1 - - [22/Jul/2025 23:57:11] "[31m[1mGET /dashboard/api/groups HTTP/1.1[0m" 422 -
[2025-07-22 23:57:19,920] WARNING - invalid group id 123
[2025-07-22 23:57:19,920] INFO - 127.0.0.1 - - [22/Jul/2025 23:57:19] "[31m[1mPOST /dashboard/api/accounts HTTP/1.1[0m" 400 -
[2025-07-22 23:57:22,980] WARNING - duplicate group name classybeaf
[2025-07-22 23:57:22,980] INFO - 127.0.0.1 - - [22/Jul/2025 23:57:22] "[31m[1mPOST /dashboard/api/groups HTTP/1.1[0m" 400 -
[2025-07-22 23:57:28,252] WARNING - duplicate group name classybeaf
[2025-07-22 23:57:28,253] INFO - 127.0.0.1 - - [22/Jul/2025 23:57:28] "[31m[1mPOST /dashboard/api/groups HTTP/1.1[0m" 400 -
[2025-07-22 23:57:33,590] INFO - Running job "create_app.<locals>.enqueue_sync (trigger: interval[0:01:00], next run at: 2025-07-22 23:57:33 CEST)" (scheduled at 2025-07-22 23:57:33.577844+02:00)
[2025-07-22 23:57:37,675] WARNING - Redis unavailable, deferring sync
[2025-07-22 23:57:37,680] INFO - Job "create_app.<locals>.enqueue_sync (trigger: interval[0:01:00], next run at: 2025-07-22 23:58:33 CEST)" executed successfully
[2025-07-22 23:58:33,579] INFO - Running job "create_app.<locals>.enqueue_sync (trigger: interval[0:01:00], next run at: 2025-07-22 23:59:33 CEST)" (scheduled at 2025-07-22 23:58:33.577844+02:00)
[2025-07-22 23:58:37,657] WARNING - Redis unavailable, deferring sync
[2025-07-22 23:58:37,661] INFO - Job "create_app.<locals>.enqueue_sync (trigger: interval[0:01:00], next run at: 2025-07-22 23:59:33 CEST)" executed successfully
[2025-07-22 23:59:33,584] INFO - Running job "create_app.<locals>.enqueue_sync (trigger: interval[0:01:00], next run at: 2025-07-23 00:00:33 CEST)" (scheduled at 2025-07-22 23:59:33.577844+02:00)
[2025-07-22 23:59:37,665] WARNING - Redis unavailable, deferring sync
[2025-07-22 23:59:37,669] INFO - Job "create_app.<locals>.enqueue_sync (trigger: interval[0:01:00], next run at: 2025-07-23 00:00:33 CEST)" executed successfully
[2025-07-23 00:00:33,590] INFO - Running job "create_app.<locals>.enqueue_sync (trigger: interval[0:01:00], next run at: 2025-07-23 00:01:33 CEST)" (scheduled at 2025-07-23 00:00:33.577844+02:00)
[2025-07-23 00:00:37,680] WARNING - Redis unavailable, deferring sync
[2025-07-23 00:00:37,684] INFO - Job "create_app.<locals>.enqueue_sync (trigger: interval[0:01:00], next run at: 2025-07-23 00:01:33 CEST)" executed successfully
[2025-07-23 00:01:33,584] INFO - Running job "create_app.<locals>.enqueue_sync (trigger: interval[0:01:00], next run at: 2025-07-23 00:02:33 CEST)" (scheduled at 2025-07-23 00:01:33.577844+02:00)
[2025-07-23 00:01:37,660] WARNING - Redis unavailable, deferring sync
[2025-07-23 00:01:37,664] INFO - Job "create_app.<locals>.enqueue_sync (trigger: interval[0:01:00], next run at: 2025-07-23 00:02:33 CEST)" executed successfully
[2025-07-23 00:02:33,579] INFO - Running job "create_app.<locals>.enqueue_sync (trigger: interval[0:01:00], next run at: 2025-07-23 00:03:33 CEST)" (scheduled at 2025-07-23 00:02:33.577844+02:00)
[2025-07-23 00:02:37,619] WARNING - Redis unavailable, deferring sync
[2025-07-23 00:02:37,623] INFO - Job "create_app.<locals>.enqueue_sync (trigger: interval[0:01:00], next run at: 2025-07-23 00:03:33 CEST)" executed successfully
[2025-07-23 00:03:33,582] INFO - Running job "create_app.<locals>.enqueue_sync (trigger: interval[0:01:00], next run at: 2025-07-23 00:04:33 CEST)" (scheduled at 2025-07-23 00:03:33.577844+02:00)
[2025-07-23 00:03:37,659] WARNING - Redis unavailable, deferring sync
[2025-07-23 00:03:37,663] INFO - Job "create_app.<locals>.enqueue_sync (trigger: interval[0:01:00], next run at: 2025-07-23 00:04:33 CEST)" executed successfully
[2025-07-23 00:04:33,579] INFO - Running job "create_app.<locals>.enqueue_sync (trigger: interval[0:01:00], next run at: 2025-07-23 00:05:33 CEST)" (scheduled at 2025-07-23 00:04:33.577844+02:00)
[2025-07-23 00:04:37,660] WARNING - Redis unavailable, deferring sync
[2025-07-23 00:04:37,664] INFO - Job "create_app.<locals>.enqueue_sync (trigger: interval[0:01:00], next run at: 2025-07-23 00:05:33 CEST)" executed successfully
[2025-07-23 00:05:33,580] INFO - Running job "create_app.<locals>.enqueue_sync (trigger: interval[0:01:00], next run at: 2025-07-23 00:06:33 CEST)" (scheduled at 2025-07-23 00:05:33.577844+02:00)
[2025-07-23 00:05:37,655] WARNING - Redis unavailable, deferring sync
[2025-07-23 00:05:37,659] INFO - Job "create_app.<locals>.enqueue_sync (trigger: interval[0:01:00], next run at: 2025-07-23 00:06:33 CEST)" executed successfully
[2025-07-23 00:06:33,582] INFO - Running job "create_app.<locals>.enqueue_sync (trigger: interval[0:01:00], next run at: 2025-07-23 00:07:33 CEST)" (scheduled at 2025-07-23 00:06:33.577844+02:00)
[2025-07-23 00:06:37,672] WARNING - Redis unavailable, deferring sync
[2025-07-23 00:06:37,677] INFO - Job "create_app.<locals>.enqueue_sync (trigger: interval[0:01:00], next run at: 2025-07-23 00:07:33 CEST)" executed successfully
[2025-07-23 00:07:33,585] INFO - Running job "create_app.<locals>.enqueue_sync (trigger: interval[0:01:00], next run at: 2025-07-23 00:08:33 CEST)" (scheduled at 2025-07-23 00:07:33.577844+02:00)
[2025-07-23 00:07:37,839] WARNING - Redis unavailable, deferring sync
[2025-07-23 00:07:37,843] INFO - Job "create_app.<locals>.enqueue_sync (trigger: interval[0:01:00], next run at: 2025-07-23 00:08:33 CEST)" executed successfully
[2025-07-23 00:08:33,592] INFO - Running job "create_app.<locals>.enqueue_sync (trigger: interval[0:01:00], next run at: 2025-07-23 00:09:33 CEST)" (scheduled at 2025-07-23 00:08:33.577844+02:00)
[2025-07-23 00:08:38,193] WARNING - Redis unavailable, deferring sync
[2025-07-23 00:08:38,263] INFO - Job "create_app.<locals>.enqueue_sync (trigger: interval[0:01:00], next run at: 2025-07-23 00:09:33 CEST)" executed successfully
[2025-07-23 00:09:33,594] INFO - Running job "create_app.<locals>.enqueue_sync (trigger: interval[0:01:00], next run at: 2025-07-23 00:10:33 CEST)" (scheduled at 2025-07-23 00:09:33.577844+02:00)
[2025-07-23 00:09:37,680] WARNING - Redis unavailable, deferring sync
[2025-07-23 00:09:37,764] INFO - Job "create_app.<locals>.enqueue_sync (trigger: interval[0:01:00], next run at: 2025-07-23 00:10:33 CEST)" executed successfully
[2025-07-23 00:10:33,589] INFO - Running job "create_app.<locals>.enqueue_sync (trigger: interval[0:01:00], next run at: 2025-07-23 00:11:33 CEST)" (scheduled at 2025-07-23 00:10:33.577844+02:00)
[2025-07-23 00:10:37,648] WARNING - Redis unavailable, deferring sync
[2025-07-23 00:10:37,652] INFO - Job "create_app.<locals>.enqueue_sync (trigger: interval[0:01:00], next run at: 2025-07-23 00:11:33 CEST)" executed successfully
[2025-07-23 00:11:33,591] INFO - Running job "create_app.<locals>.enqueue_sync (trigger: interval[0:01:00], next run at: 2025-07-23 00:12:33 CEST)" (scheduled at 2025-07-23 00:11:33.577844+02:00)
[2025-07-23 00:11:37,668] WARNING - Redis unavailable, deferring sync
[2025-07-23 00:11:37,672] INFO - Job "create_app.<locals>.enqueue_sync (trigger: interval[0:01:00], next run at: 2025-07-23 00:12:33 CEST)" executed successfully
[2025-07-23 00:12:33,592] INFO - Running job "create_app.<locals>.enqueue_sync (trigger: interval[0:01:00], next run at: 2025-07-23 00:13:33 CEST)" (scheduled at 2025-07-23 00:12:33.577844+02:00)
[2025-07-23 00:12:37,680] WARNING - Redis unavailable, deferring sync
[2025-07-23 00:12:37,685] INFO - Job "create_app.<locals>.enqueue_sync (trigger: interval[0:01:00], next run at: 2025-07-23 00:13:33 CEST)" executed successfully
[2025-07-23 00:33:16,741] WARNING - Redis unavailable, tasks will run inline
[2025-07-23 00:33:16,880] INFO - Adding job tentatively -- it will be properly scheduled when the scheduler starts
[2025-07-23 00:33:16,881] INFO - Added job "create_app.<locals>.enqueue_sync" to job store "default"
[2025-07-23 00:33:16,881] INFO - Scheduler started
[2025-07-23 00:33:16,938] INFO - [31m[1mWARNING: This is a development server. Do not use it in a production deployment. Use a production WSGI server instead.[0m
 * Running on http://127.0.0.1:5000
[2025-07-23 00:33:16,938] INFO - [33mPress CTRL+C to quit[0m
[2025-07-23 00:33:17,072] INFO - 127.0.0.1 - - [23/Jul/2025 00:33:17] "GET /dashboard HTTP/1.1" 200 -
[2025-07-23 00:33:17,327] INFO - 127.0.0.1 - - [23/Jul/2025 00:33:17] "[36mGET /static/styles.css HTTP/1.1[0m" 304 -
[2025-07-23 00:33:17,386] INFO - 127.0.0.1 - - [23/Jul/2025 00:33:17] "[36mGET /static/main.js HTTP/1.1[0m" 304 -
[2025-07-23 00:33:19,216] INFO - 127.0.0.1 - - [23/Jul/2025 00:33:19] "[36mGET /static/manifest.json HTTP/1.1[0m" 304 -
[2025-07-23 00:33:55,641] WARNING - duplicate group name 12
[2025-07-23 00:33:55,642] INFO - 127.0.0.1 - - [23/Jul/2025 00:33:55] "[31m[1mPOST /dashboard/api/groups HTTP/1.1[0m" 400 -
[2025-07-23 00:34:06,537] WARNING - invalid group id 12
[2025-07-23 00:34:06,539] INFO - 127.0.0.1 - - [23/Jul/2025 00:34:06] "[31m[1mPOST /dashboard/api/accounts HTTP/1.1[0m" 400 -
[2025-07-23 00:34:09,330] WARNING - invalid group id 12
[2025-07-23 00:34:09,331] INFO - 127.0.0.1 - - [23/Jul/2025 00:34:09] "[31m[1mPOST /dashboard/api/accounts HTTP/1.1[0m" 400 -
[2025-07-23 00:34:12,433] WARNING - invalid group id 12
[2025-07-23 00:34:12,434] INFO - 127.0.0.1 - - [23/Jul/2025 00:34:12] "[31m[1mPOST /dashboard/api/accounts HTTP/1.1[0m" 400 -
[2025-07-23 00:34:15,069] WARNING - invalid group id 12
[2025-07-23 00:34:15,069] INFO - 127.0.0.1 - - [23/Jul/2025 00:34:15] "[31m[1mPOST /dashboard/api/accounts HTTP/1.1[0m" 400 -
[2025-07-23 00:34:16,895] INFO - Running job "create_app.<locals>.enqueue_sync (trigger: interval[0:01:00], next run at: 2025-07-23 00:34:16 CEST)" (scheduled at 2025-07-23 00:34:16.880547+02:00)
[2025-07-23 00:34:20,974] WARNING - Redis unavailable, deferring sync
[2025-07-23 00:34:20,993] INFO - Job "create_app.<locals>.enqueue_sync (trigger: interval[0:01:00], next run at: 2025-07-23 00:35:16 CEST)" executed successfully
[2025-07-23 00:34:46,974] INFO - 127.0.0.1 - - [23/Jul/2025 00:34:46] "[31m[1mGET /dashboard/api/accounts?search=1 HTTP/1.1[0m" 422 -
[2025-07-23 00:34:49,375] INFO - 127.0.0.1 - - [23/Jul/2025 00:34:49] "[31m[1mGET /dashboard/api/accounts?search=12 HTTP/1.1[0m" 422 -
[2025-07-23 00:34:55,285] INFO - 127.0.0.1 - - [23/Jul/2025 00:34:55] "[31m[1mGET /dashboard/api/groups?search=1 HTTP/1.1[0m" 422 -
[2025-07-23 00:34:58,113] INFO - 127.0.0.1 - - [23/Jul/2025 00:34:58] "[31m[1mGET /dashboard/api/groups?search=12 HTTP/1.1[0m" 422 -
[2025-07-23 00:35:16,883] INFO - Running job "create_app.<locals>.enqueue_sync (trigger: interval[0:01:00], next run at: 2025-07-23 00:36:16 CEST)" (scheduled at 2025-07-23 00:35:16.880547+02:00)
[2025-07-23 00:35:20,958] WARNING - Redis unavailable, deferring sync
[2025-07-23 00:35:20,962] INFO - Job "create_app.<locals>.enqueue_sync (trigger: interval[0:01:00], next run at: 2025-07-23 00:36:16 CEST)" executed successfully
[2025-07-23 00:36:16,896] INFO - Running job "create_app.<locals>.enqueue_sync (trigger: interval[0:01:00], next run at: 2025-07-23 00:37:16 CEST)" (scheduled at 2025-07-23 00:36:16.880547+02:00)
[2025-07-23 00:36:21,002] WARNING - Redis unavailable, deferring sync
[2025-07-23 00:36:21,007] INFO - Job "create_app.<locals>.enqueue_sync (trigger: interval[0:01:00], next run at: 2025-07-23 00:37:16 CEST)" executed successfully
[2025-07-23 00:37:16,892] INFO - Running job "create_app.<locals>.enqueue_sync (trigger: interval[0:01:00], next run at: 2025-07-23 00:38:16 CEST)" (scheduled at 2025-07-23 00:37:16.880547+02:00)
[2025-07-23 00:37:20,987] WARNING - Redis unavailable, deferring sync
[2025-07-23 00:37:20,992] INFO - Job "create_app.<locals>.enqueue_sync (trigger: interval[0:01:00], next run at: 2025-07-23 00:38:16 CEST)" executed successfully
[2025-07-23 00:38:16,886] INFO - Running job "create_app.<locals>.enqueue_sync (trigger: interval[0:01:00], next run at: 2025-07-23 00:39:16 CEST)" (scheduled at 2025-07-23 00:38:16.880547+02:00)
[2025-07-23 00:38:20,961] WARNING - Redis unavailable, deferring sync
[2025-07-23 00:38:20,965] INFO - Job "create_app.<locals>.enqueue_sync (trigger: interval[0:01:00], next run at: 2025-07-23 00:39:16 CEST)" executed successfully
[2025-07-23 00:39:16,890] INFO - Running job "create_app.<locals>.enqueue_sync (trigger: interval[0:01:00], next run at: 2025-07-23 00:40:16 CEST)" (scheduled at 2025-07-23 00:39:16.880547+02:00)
[2025-07-23 00:39:20,980] WARNING - Redis unavailable, deferring sync
[2025-07-23 00:39:20,985] INFO - Job "create_app.<locals>.enqueue_sync (trigger: interval[0:01:00], next run at: 2025-07-23 00:40:16 CEST)" executed successfully
[2025-07-23 00:40:16,891] INFO - Running job "create_app.<locals>.enqueue_sync (trigger: interval[0:01:00], next run at: 2025-07-23 00:41:16 CEST)" (scheduled at 2025-07-23 00:40:16.880547+02:00)
[2025-07-23 00:40:20,971] WARNING - Redis unavailable, deferring sync
[2025-07-23 00:40:20,975] INFO - Job "create_app.<locals>.enqueue_sync (trigger: interval[0:01:00], next run at: 2025-07-23 00:41:16 CEST)" executed successfully
[2025-07-23 00:41:16,893] INFO - Running job "create_app.<locals>.enqueue_sync (trigger: interval[0:01:00], next run at: 2025-07-23 00:42:16 CEST)" (scheduled at 2025-07-23 00:41:16.880547+02:00)
[2025-07-23 00:41:20,989] WARNING - Redis unavailable, deferring sync
[2025-07-23 00:41:20,992] INFO - Job "create_app.<locals>.enqueue_sync (trigger: interval[0:01:00], next run at: 2025-07-23 00:42:16 CEST)" executed successfully
[2025-07-23 00:42:16,886] INFO - Running job "create_app.<locals>.enqueue_sync (trigger: interval[0:01:00], next run at: 2025-07-23 00:43:16 CEST)" (scheduled at 2025-07-23 00:42:16.880547+02:00)
[2025-07-23 00:42:20,957] WARNING - Redis unavailable, deferring sync
[2025-07-23 00:42:20,961] INFO - Job "create_app.<locals>.enqueue_sync (trigger: interval[0:01:00], next run at: 2025-07-23 00:43:16 CEST)" executed successfully
[2025-07-23 00:43:16,884] INFO - Running job "create_app.<locals>.enqueue_sync (trigger: interval[0:01:00], next run at: 2025-07-23 00:44:16 CEST)" (scheduled at 2025-07-23 00:43:16.880547+02:00)
[2025-07-23 00:43:20,959] WARNING - Redis unavailable, deferring sync
[2025-07-23 00:43:20,964] INFO - Job "create_app.<locals>.enqueue_sync (trigger: interval[0:01:00], next run at: 2025-07-23 00:44:16 CEST)" executed successfully
[2025-07-23 00:44:16,894] INFO - Running job "create_app.<locals>.enqueue_sync (trigger: interval[0:01:00], next run at: 2025-07-23 00:45:16 CEST)" (scheduled at 2025-07-23 00:44:16.880547+02:00)
[2025-07-23 00:44:20,952] WARNING - Redis unavailable, deferring sync
[2025-07-23 00:44:20,957] INFO - Job "create_app.<locals>.enqueue_sync (trigger: interval[0:01:00], next run at: 2025-07-23 00:45:16 CEST)" executed successfully
[2025-07-23 00:45:16,923] INFO - Running job "create_app.<locals>.enqueue_sync (trigger: interval[0:01:00], next run at: 2025-07-23 00:46:16 CEST)" (scheduled at 2025-07-23 00:45:16.880547+02:00)
[2025-07-23 00:45:21,009] WARNING - Redis unavailable, deferring sync
[2025-07-23 00:45:21,015] INFO - Job "create_app.<locals>.enqueue_sync (trigger: interval[0:01:00], next run at: 2025-07-23 00:46:16 CEST)" executed successfully
[2025-07-23 00:46:16,884] INFO - Running job "create_app.<locals>.enqueue_sync (trigger: interval[0:01:00], next run at: 2025-07-23 00:47:16 CEST)" (scheduled at 2025-07-23 00:46:16.880547+02:00)
[2025-07-23 00:46:20,951] WARNING - Redis unavailable, deferring sync
[2025-07-23 00:46:20,956] INFO - Job "create_app.<locals>.enqueue_sync (trigger: interval[0:01:00], next run at: 2025-07-23 00:47:16 CEST)" executed successfully
[2025-07-23 00:47:16,890] INFO - Running job "create_app.<locals>.enqueue_sync (trigger: interval[0:01:00], next run at: 2025-07-23 00:48:16 CEST)" (scheduled at 2025-07-23 00:47:16.880547+02:00)
[2025-07-23 00:47:20,956] WARNING - Redis unavailable, deferring sync
[2025-07-23 00:47:20,961] INFO - Job "create_app.<locals>.enqueue_sync (trigger: interval[0:01:00], next run at: 2025-07-23 00:48:16 CEST)" executed successfully
[2025-07-23 00:48:16,886] INFO - Running job "create_app.<locals>.enqueue_sync (trigger: interval[0:01:00], next run at: 2025-07-23 00:49:16 CEST)" (scheduled at 2025-07-23 00:48:16.880547+02:00)
[2025-07-23 00:48:20,973] WARNING - Redis unavailable, deferring sync
[2025-07-23 00:48:20,977] INFO - Job "create_app.<locals>.enqueue_sync (trigger: interval[0:01:00], next run at: 2025-07-23 00:49:16 CEST)" executed successfully
[2025-07-23 00:49:16,886] INFO - Running job "create_app.<locals>.enqueue_sync (trigger: interval[0:01:00], next run at: 2025-07-23 00:50:16 CEST)" (scheduled at 2025-07-23 00:49:16.880547+02:00)
[2025-07-23 00:49:20,981] WARNING - Redis unavailable, deferring sync
[2025-07-23 00:49:20,985] INFO - Job "create_app.<locals>.enqueue_sync (trigger: interval[0:01:00], next run at: 2025-07-23 00:50:16 CEST)" executed successfully
[2025-07-23 00:50:16,889] INFO - Running job "create_app.<locals>.enqueue_sync (trigger: interval[0:01:00], next run at: 2025-07-23 00:51:16 CEST)" (scheduled at 2025-07-23 00:50:16.880547+02:00)
[2025-07-23 00:50:20,974] WARNING - Redis unavailable, deferring sync
[2025-07-23 00:50:20,978] INFO - Job "create_app.<locals>.enqueue_sync (trigger: interval[0:01:00], next run at: 2025-07-23 00:51:16 CEST)" executed successfully
[2025-07-23 00:51:16,884] INFO - Running job "create_app.<locals>.enqueue_sync (trigger: interval[0:01:00], next run at: 2025-07-23 00:52:16 CEST)" (scheduled at 2025-07-23 00:51:16.880547+02:00)
[2025-07-23 00:51:20,986] WARNING - Redis unavailable, deferring sync
[2025-07-23 00:51:20,991] INFO - Job "create_app.<locals>.enqueue_sync (trigger: interval[0:01:00], next run at: 2025-07-23 00:52:16 CEST)" executed successfully
[2025-07-23 00:52:16,885] INFO - Running job "create_app.<locals>.enqueue_sync (trigger: interval[0:01:00], next run at: 2025-07-23 00:53:16 CEST)" (scheduled at 2025-07-23 00:52:16.880547+02:00)
[2025-07-23 00:52:20,955] WARNING - Redis unavailable, deferring sync
[2025-07-23 00:52:20,961] INFO - Job "create_app.<locals>.enqueue_sync (trigger: interval[0:01:00], next run at: 2025-07-23 00:53:16 CEST)" executed successfully
[2025-07-23 00:53:16,889] INFO - Running job "create_app.<locals>.enqueue_sync (trigger: interval[0:01:00], next run at: 2025-07-23 00:54:16 CEST)" (scheduled at 2025-07-23 00:53:16.880547+02:00)
[2025-07-23 00:53:20,935] WARNING - Redis unavailable, deferring sync
[2025-07-23 00:53:20,974] INFO - Job "create_app.<locals>.enqueue_sync (trigger: interval[0:01:00], next run at: 2025-07-23 00:54:16 CEST)" executed successfully
[2025-07-23 00:54:16,885] INFO - Running job "create_app.<locals>.enqueue_sync (trigger: interval[0:01:00], next run at: 2025-07-23 00:55:16 CEST)" (scheduled at 2025-07-23 00:54:16.880547+02:00)
[2025-07-23 00:54:21,651] WARNING - Redis unavailable, deferring sync
[2025-07-23 00:54:21,665] INFO - Job "create_app.<locals>.enqueue_sync (trigger: interval[0:01:00], next run at: 2025-07-23 00:55:16 CEST)" executed successfully
[2025-07-23 00:55:16,909] INFO - Running job "create_app.<locals>.enqueue_sync (trigger: interval[0:01:00], next run at: 2025-07-23 00:56:16 CEST)" (scheduled at 2025-07-23 00:55:16.880547+02:00)
[2025-07-23 00:55:20,996] WARNING - Redis unavailable, deferring sync
[2025-07-23 00:55:21,007] INFO - Job "create_app.<locals>.enqueue_sync (trigger: interval[0:01:00], next run at: 2025-07-23 00:56:16 CEST)" executed successfully
[2025-07-23 00:56:16,925] INFO - Running job "create_app.<locals>.enqueue_sync (trigger: interval[0:01:00], next run at: 2025-07-23 00:57:16 CEST)" (scheduled at 2025-07-23 00:56:16.880547+02:00)
[2025-07-23 00:56:21,473] WARNING - Redis unavailable, deferring sync
[2025-07-23 00:56:21,627] INFO - Job "create_app.<locals>.enqueue_sync (trigger: interval[0:01:00], next run at: 2025-07-23 00:57:16 CEST)" executed successfully
[2025-07-23 00:57:16,885] INFO - Running job "create_app.<locals>.enqueue_sync (trigger: interval[0:01:00], next run at: 2025-07-23 00:58:16 CEST)" (scheduled at 2025-07-23 00:57:16.880547+02:00)
[2025-07-23 00:57:20,994] WARNING - Redis unavailable, deferring sync
[2025-07-23 00:57:20,999] INFO - Job "create_app.<locals>.enqueue_sync (trigger: interval[0:01:00], next run at: 2025-07-23 00:58:16 CEST)" executed successfully
[2025-07-23 00:58:16,921] INFO - Running job "create_app.<locals>.enqueue_sync (trigger: interval[0:01:00], next run at: 2025-07-23 00:59:16 CEST)" (scheduled at 2025-07-23 00:58:16.880547+02:00)
[2025-07-23 00:58:21,040] WARNING - Redis unavailable, deferring sync
[2025-07-23 00:58:21,044] INFO - Job "create_app.<locals>.enqueue_sync (trigger: interval[0:01:00], next run at: 2025-07-23 00:59:16 CEST)" executed successfully
[2025-07-23 00:59:16,903] INFO - Running job "create_app.<locals>.enqueue_sync (trigger: interval[0:01:00], next run at: 2025-07-23 01:00:16 CEST)" (scheduled at 2025-07-23 00:59:16.880547+02:00)
[2025-07-23 00:59:21,339] WARNING - Redis unavailable, deferring sync
[2025-07-23 00:59:21,534] INFO - Job "create_app.<locals>.enqueue_sync (trigger: interval[0:01:00], next run at: 2025-07-23 01:00:16 CEST)" executed successfully
[2025-07-23 01:00:16,908] INFO - Running job "create_app.<locals>.enqueue_sync (trigger: interval[0:01:00], next run at: 2025-07-23 01:01:16 CEST)" (scheduled at 2025-07-23 01:00:16.880547+02:00)
[2025-07-23 01:00:21,035] WARNING - Redis unavailable, deferring sync
[2025-07-23 01:00:21,086] INFO - Job "create_app.<locals>.enqueue_sync (trigger: interval[0:01:00], next run at: 2025-07-23 01:01:16 CEST)" executed successfully
[2025-07-23 01:01:16,901] INFO - Running job "create_app.<locals>.enqueue_sync (trigger: interval[0:01:00], next run at: 2025-07-23 01:02:16 CEST)" (scheduled at 2025-07-23 01:01:16.880547+02:00)
[2025-07-23 01:01:20,983] WARNING - Redis unavailable, deferring sync
[2025-07-23 01:01:21,089] INFO - Job "create_app.<locals>.enqueue_sync (trigger: interval[0:01:00], next run at: 2025-07-23 01:02:16 CEST)" executed successfully
[2025-07-23 01:02:16,934] INFO - Running job "create_app.<locals>.enqueue_sync (trigger: interval[0:01:00], next run at: 2025-07-23 01:03:16 CEST)" (scheduled at 2025-07-23 01:02:16.880547+02:00)
[2025-07-23 01:02:21,030] WARNING - Redis unavailable, deferring sync
[2025-07-23 01:02:21,064] INFO - Job "create_app.<locals>.enqueue_sync (trigger: interval[0:01:00], next run at: 2025-07-23 01:03:16 CEST)" executed successfully
[2025-07-23 01:03:16,915] INFO - Running job "create_app.<locals>.enqueue_sync (trigger: interval[0:01:00], next run at: 2025-07-23 01:04:16 CEST)" (scheduled at 2025-07-23 01:03:16.880547+02:00)
[2025-07-23 01:03:20,982] WARNING - Redis unavailable, deferring sync
[2025-07-23 01:03:20,987] INFO - Job "create_app.<locals>.enqueue_sync (trigger: interval[0:01:00], next run at: 2025-07-23 01:04:16 CEST)" executed successfully
[2025-07-23 01:04:16,975] INFO - Running job "create_app.<locals>.enqueue_sync (trigger: interval[0:01:00], next run at: 2025-07-23 01:05:16 CEST)" (scheduled at 2025-07-23 01:04:16.880547+02:00)
[2025-07-23 01:04:21,057] WARNING - Redis unavailable, deferring sync
[2025-07-23 01:04:21,081] INFO - Job "create_app.<locals>.enqueue_sync (trigger: interval[0:01:00], next run at: 2025-07-23 01:05:16 CEST)" executed successfully
[2025-07-23 01:04:34,179] WARNING - Redis unavailable, tasks will run inline
[2025-07-23 01:04:34,334] INFO - Adding job tentatively -- it will be properly scheduled when the scheduler starts
[2025-07-23 01:04:34,334] INFO - Added job "create_app.<locals>.enqueue_sync" to job store "default"
[2025-07-23 01:04:34,335] INFO - Scheduler started
[2025-07-23 01:04:34,391] INFO - [31m[1mWARNING: This is a development server. Do not use it in a production deployment. Use a production WSGI server instead.[0m
 * Running on http://127.0.0.1:5000
[2025-07-23 01:04:34,392] INFO - [33mPress CTRL+C to quit[0m
[2025-07-23 01:04:40,032] INFO - 127.0.0.1 - - [23/Jul/2025 01:04:40] "GET /dashboard HTTP/1.1" 200 -
[2025-07-23 01:04:43,809] INFO - 127.0.0.1 - - [23/Jul/2025 01:04:43] "[36mGET /static/main.js HTTP/1.1[0m" 304 -
[2025-07-23 01:04:43,809] INFO - 127.0.0.1 - - [23/Jul/2025 01:04:43] "[36mGET /static/styles.css HTTP/1.1[0m" 304 -
[2025-07-23 01:04:46,091] INFO - 127.0.0.1 - - [23/Jul/2025 01:04:46] "[36mGET /static/manifest.json HTTP/1.1[0m" 304 -
[2025-07-23 01:05:05,281] INFO - 127.0.0.1 - - [23/Jul/2025 01:05:05] "[31m[1mGET /dashboard/api/accounts?search=2 HTTP/1.1[0m" 422 -
[2025-07-23 01:05:06,575] INFO - 127.0.0.1 - - [23/Jul/2025 01:05:06] "[31m[1mGET /dashboard/api/accounts?search=1 HTTP/1.1[0m" 422 -
[2025-07-23 01:05:07,339] INFO - 127.0.0.1 - - [23/Jul/2025 01:05:07] "[31m[1mGET /dashboard/api/groups?search=1 HTTP/1.1[0m" 422 -
[2025-07-23 01:05:14,348] INFO - 127.0.0.1 - - [23/Jul/2025 01:05:14] "[31m[1mGET /dashboard/api/bots?search=1 HTTP/1.1[0m" 422 -
[2025-07-23 01:05:15,604] INFO - 127.0.0.1 - - [23/Jul/2025 01:05:15] "GET /dashboard HTTP/1.1" 200 -
[2025-07-23 01:05:15,666] INFO - 127.0.0.1 - - [23/Jul/2025 01:05:15] "[36mGET /static/styles.css HTTP/1.1[0m" 304 -
[2025-07-23 01:05:15,683] INFO - 127.0.0.1 - - [23/Jul/2025 01:05:15] "[36mGET /static/main.js HTTP/1.1[0m" 304 -
[2025-07-23 01:05:16,889] INFO - Running job "create_app.<locals>.enqueue_sync (trigger: interval[0:01:00], next run at: 2025-07-23 01:06:16 CEST)" (scheduled at 2025-07-23 01:05:16.880547+02:00)
[2025-07-23 01:05:17,376] INFO - 127.0.0.1 - - [23/Jul/2025 01:05:17] "[36mGET /static/manifest.json HTTP/1.1[0m" 304 -
[2025-07-23 01:05:20,989] WARNING - Redis unavailable, deferring sync
[2025-07-23 01:05:21,028] INFO - Job "create_app.<locals>.enqueue_sync (trigger: interval[0:01:00], next run at: 2025-07-23 01:06:16 CEST)" executed successfully
[2025-07-23 01:05:34,351] INFO - Running job "create_app.<locals>.enqueue_sync (trigger: interval[0:01:00], next run at: 2025-07-23 01:05:34 CEST)" (scheduled at 2025-07-23 01:05:34.334440+02:00)
[2025-07-23 01:05:38,426] WARNING - Redis unavailable, deferring sync
[2025-07-23 01:05:38,443] INFO - Job "create_app.<locals>.enqueue_sync (trigger: interval[0:01:00], next run at: 2025-07-23 01:06:34 CEST)" executed successfully
[2025-07-23 01:06:16,883] INFO - Running job "create_app.<locals>.enqueue_sync (trigger: interval[0:01:00], next run at: 2025-07-23 01:07:16 CEST)" (scheduled at 2025-07-23 01:06:16.880547+02:00)
[2025-07-23 01:06:20,959] WARNING - Redis unavailable, deferring sync
[2025-07-23 01:06:20,963] INFO - Job "create_app.<locals>.enqueue_sync (trigger: interval[0:01:00], next run at: 2025-07-23 01:07:16 CEST)" executed successfully
[2025-07-23 01:06:34,336] INFO - Running job "create_app.<locals>.enqueue_sync (trigger: interval[0:01:00], next run at: 2025-07-23 01:07:34 CEST)" (scheduled at 2025-07-23 01:06:34.334440+02:00)
[2025-07-23 01:06:38,448] WARNING - Redis unavailable, deferring sync
[2025-07-23 01:06:38,452] INFO - Job "create_app.<locals>.enqueue_sync (trigger: interval[0:01:00], next run at: 2025-07-23 01:07:34 CEST)" executed successfully
[2025-07-23 01:07:16,882] INFO - Running job "create_app.<locals>.enqueue_sync (trigger: interval[0:01:00], next run at: 2025-07-23 01:08:16 CEST)" (scheduled at 2025-07-23 01:07:16.880547+02:00)
[2025-07-23 01:07:20,942] WARNING - Redis unavailable, deferring sync
[2025-07-23 01:07:20,991] INFO - Job "create_app.<locals>.enqueue_sync (trigger: interval[0:01:00], next run at: 2025-07-23 01:08:16 CEST)" executed successfully
[2025-07-23 01:07:34,335] INFO - Running job "create_app.<locals>.enqueue_sync (trigger: interval[0:01:00], next run at: 2025-07-23 01:08:34 CEST)" (scheduled at 2025-07-23 01:07:34.334440+02:00)
[2025-07-23 01:07:38,387] WARNING - Redis unavailable, deferring sync
[2025-07-23 01:07:38,392] INFO - Job "create_app.<locals>.enqueue_sync (trigger: interval[0:01:00], next run at: 2025-07-23 01:08:34 CEST)" executed successfully
[2025-07-23 01:08:16,907] INFO - Running job "create_app.<locals>.enqueue_sync (trigger: interval[0:01:00], next run at: 2025-07-23 01:09:16 CEST)" (scheduled at 2025-07-23 01:08:16.880547+02:00)
[2025-07-23 01:08:20,984] WARNING - Redis unavailable, deferring sync
[2025-07-23 01:08:20,988] INFO - Job "create_app.<locals>.enqueue_sync (trigger: interval[0:01:00], next run at: 2025-07-23 01:09:16 CEST)" executed successfully
[2025-07-23 01:08:34,343] INFO - Running job "create_app.<locals>.enqueue_sync (trigger: interval[0:01:00], next run at: 2025-07-23 01:09:34 CEST)" (scheduled at 2025-07-23 01:08:34.334440+02:00)
[2025-07-23 01:08:38,438] WARNING - Redis unavailable, deferring sync
[2025-07-23 01:08:38,443] INFO - Job "create_app.<locals>.enqueue_sync (trigger: interval[0:01:00], next run at: 2025-07-23 01:09:34 CEST)" executed successfully
[2025-07-23 01:09:16,892] INFO - Running job "create_app.<locals>.enqueue_sync (trigger: interval[0:01:00], next run at: 2025-07-23 01:10:16 CEST)" (scheduled at 2025-07-23 01:09:16.880547+02:00)
[2025-07-23 01:09:20,983] WARNING - Redis unavailable, deferring sync
[2025-07-23 01:09:20,987] INFO - Job "create_app.<locals>.enqueue_sync (trigger: interval[0:01:00], next run at: 2025-07-23 01:10:16 CEST)" executed successfully
[2025-07-23 01:09:34,342] INFO - Running job "create_app.<locals>.enqueue_sync (trigger: interval[0:01:00], next run at: 2025-07-23 01:10:34 CEST)" (scheduled at 2025-07-23 01:09:34.334440+02:00)
[2025-07-23 01:09:38,407] WARNING - Redis unavailable, deferring sync
[2025-07-23 01:09:38,489] INFO - Job "create_app.<locals>.enqueue_sync (trigger: interval[0:01:00], next run at: 2025-07-23 01:10:34 CEST)" executed successfully
[2025-07-23 01:10:16,889] INFO - Running job "create_app.<locals>.enqueue_sync (trigger: interval[0:01:00], next run at: 2025-07-23 01:11:16 CEST)" (scheduled at 2025-07-23 01:10:16.880547+02:00)
[2025-07-23 01:10:20,976] WARNING - Redis unavailable, deferring sync
[2025-07-23 01:10:20,980] INFO - Job "create_app.<locals>.enqueue_sync (trigger: interval[0:01:00], next run at: 2025-07-23 01:11:16 CEST)" executed successfully
[2025-07-23 01:10:34,345] INFO - Running job "create_app.<locals>.enqueue_sync (trigger: interval[0:01:00], next run at: 2025-07-23 01:11:34 CEST)" (scheduled at 2025-07-23 01:10:34.334440+02:00)
[2025-07-23 01:10:38,410] WARNING - Redis unavailable, deferring sync
[2025-07-23 01:10:38,415] INFO - Job "create_app.<locals>.enqueue_sync (trigger: interval[0:01:00], next run at: 2025-07-23 01:11:34 CEST)" executed successfully
[2025-07-23 01:11:16,884] INFO - Running job "create_app.<locals>.enqueue_sync (trigger: interval[0:01:00], next run at: 2025-07-23 01:12:16 CEST)" (scheduled at 2025-07-23 01:11:16.880547+02:00)
[2025-07-23 01:11:20,966] WARNING - Redis unavailable, deferring sync
[2025-07-23 01:11:20,970] INFO - Job "create_app.<locals>.enqueue_sync (trigger: interval[0:01:00], next run at: 2025-07-23 01:12:16 CEST)" executed successfully
[2025-07-23 01:11:34,341] INFO - Running job "create_app.<locals>.enqueue_sync (trigger: interval[0:01:00], next run at: 2025-07-23 01:12:34 CEST)" (scheduled at 2025-07-23 01:11:34.334440+02:00)
[2025-07-23 01:11:38,415] WARNING - Redis unavailable, deferring sync
[2025-07-23 01:11:38,419] INFO - Job "create_app.<locals>.enqueue_sync (trigger: interval[0:01:00], next run at: 2025-07-23 01:12:34 CEST)" executed successfully
[2025-07-23 01:12:16,891] INFO - Running job "create_app.<locals>.enqueue_sync (trigger: interval[0:01:00], next run at: 2025-07-23 01:13:16 CEST)" (scheduled at 2025-07-23 01:12:16.880547+02:00)
[2025-07-23 01:12:20,994] WARNING - Redis unavailable, deferring sync
[2025-07-23 01:12:21,007] INFO - Job "create_app.<locals>.enqueue_sync (trigger: interval[0:01:00], next run at: 2025-07-23 01:13:16 CEST)" executed successfully
[2025-07-23 01:12:34,337] INFO - Running job "create_app.<locals>.enqueue_sync (trigger: interval[0:01:00], next run at: 2025-07-23 01:13:34 CEST)" (scheduled at 2025-07-23 01:12:34.334440+02:00)
[2025-07-23 01:12:38,386] WARNING - Redis unavailable, deferring sync
[2025-07-23 01:12:38,392] INFO - Job "create_app.<locals>.enqueue_sync (trigger: interval[0:01:00], next run at: 2025-07-23 01:13:34 CEST)" executed successfully
[2025-07-23 01:13:16,890] INFO - Running job "create_app.<locals>.enqueue_sync (trigger: interval[0:01:00], next run at: 2025-07-23 01:14:16 CEST)" (scheduled at 2025-07-23 01:13:16.880547+02:00)
[2025-07-23 01:13:21,523] WARNING - Redis unavailable, deferring sync
[2025-07-23 01:13:21,552] INFO - Job "create_app.<locals>.enqueue_sync (trigger: interval[0:01:00], next run at: 2025-07-23 01:14:16 CEST)" executed successfully
[2025-07-23 01:13:34,381] INFO - Running job "create_app.<locals>.enqueue_sync (trigger: interval[0:01:00], next run at: 2025-07-23 01:14:34 CEST)" (scheduled at 2025-07-23 01:13:34.334440+02:00)
[2025-07-23 01:13:38,456] WARNING - Redis unavailable, deferring sync
[2025-07-23 01:13:38,461] INFO - Job "create_app.<locals>.enqueue_sync (trigger: interval[0:01:00], next run at: 2025-07-23 01:14:34 CEST)" executed successfully
[2025-07-23 01:14:16,897] INFO - Running job "create_app.<locals>.enqueue_sync (trigger: interval[0:01:00], next run at: 2025-07-23 01:15:16 CEST)" (scheduled at 2025-07-23 01:14:16.880547+02:00)
[2025-07-23 01:14:20,991] WARNING - Redis unavailable, deferring sync
[2025-07-23 01:14:21,034] INFO - Job "create_app.<locals>.enqueue_sync (trigger: interval[0:01:00], next run at: 2025-07-23 01:15:16 CEST)" executed successfully
[2025-07-23 01:14:34,342] INFO - Running job "create_app.<locals>.enqueue_sync (trigger: interval[0:01:00], next run at: 2025-07-23 01:15:34 CEST)" (scheduled at 2025-07-23 01:14:34.334440+02:00)
[2025-07-23 01:14:38,396] WARNING - Redis unavailable, deferring sync
[2025-07-23 01:14:38,411] INFO - Job "create_app.<locals>.enqueue_sync (trigger: interval[0:01:00], next run at: 2025-07-23 01:15:34 CEST)" executed successfully
[2025-07-23 01:15:16,900] INFO - Running job "create_app.<locals>.enqueue_sync (trigger: interval[0:01:00], next run at: 2025-07-23 01:16:16 CEST)" (scheduled at 2025-07-23 01:15:16.880547+02:00)
[2025-07-23 01:15:21,498] WARNING - Redis unavailable, deferring sync
[2025-07-23 01:15:21,529] INFO - Job "create_app.<locals>.enqueue_sync (trigger: interval[0:01:00], next run at: 2025-07-23 01:16:16 CEST)" executed successfully
[2025-07-23 01:15:34,348] INFO - Running job "create_app.<locals>.enqueue_sync (trigger: interval[0:01:00], next run at: 2025-07-23 01:16:34 CEST)" (scheduled at 2025-07-23 01:15:34.334440+02:00)
[2025-07-23 01:15:38,517] WARNING - Redis unavailable, deferring sync
[2025-07-23 01:15:38,539] INFO - Job "create_app.<locals>.enqueue_sync (trigger: interval[0:01:00], next run at: 2025-07-23 01:16:34 CEST)" executed successfully
[2025-07-23 01:16:16,889] INFO - Running job "create_app.<locals>.enqueue_sync (trigger: interval[0:01:00], next run at: 2025-07-23 01:17:16 CEST)" (scheduled at 2025-07-23 01:16:16.880547+02:00)
[2025-07-23 01:16:20,952] WARNING - Redis unavailable, deferring sync
[2025-07-23 01:16:20,960] INFO - Job "create_app.<locals>.enqueue_sync (trigger: interval[0:01:00], next run at: 2025-07-23 01:17:16 CEST)" executed successfully
[2025-07-23 01:16:34,353] INFO - Running job "create_app.<locals>.enqueue_sync (trigger: interval[0:01:00], next run at: 2025-07-23 01:17:34 CEST)" (scheduled at 2025-07-23 01:16:34.334440+02:00)
[2025-07-23 01:16:38,885] WARNING - Redis unavailable, deferring sync
[2025-07-23 01:16:38,938] INFO - Job "create_app.<locals>.enqueue_sync (trigger: interval[0:01:00], next run at: 2025-07-23 01:17:34 CEST)" executed successfully
[2025-07-23 01:17:16,885] INFO - Running job "create_app.<locals>.enqueue_sync (trigger: interval[0:01:00], next run at: 2025-07-23 01:18:16 CEST)" (scheduled at 2025-07-23 01:17:16.880547+02:00)
[2025-07-23 01:17:20,991] WARNING - Redis unavailable, deferring sync
[2025-07-23 01:17:20,996] INFO - Job "create_app.<locals>.enqueue_sync (trigger: interval[0:01:00], next run at: 2025-07-23 01:18:16 CEST)" executed successfully
[2025-07-23 01:17:34,371] INFO - Running job "create_app.<locals>.enqueue_sync (trigger: interval[0:01:00], next run at: 2025-07-23 01:18:34 CEST)" (scheduled at 2025-07-23 01:17:34.334440+02:00)
[2025-07-23 01:17:38,923] WARNING - Redis unavailable, deferring sync
[2025-07-23 01:17:38,969] INFO - Job "create_app.<locals>.enqueue_sync (trigger: interval[0:01:00], next run at: 2025-07-23 01:18:34 CEST)" executed successfully
[2025-07-23 01:18:16,913] INFO - Running job "create_app.<locals>.enqueue_sync (trigger: interval[0:01:00], next run at: 2025-07-23 01:19:16 CEST)" (scheduled at 2025-07-23 01:18:16.880547+02:00)
[2025-07-23 01:18:21,003] WARNING - Redis unavailable, deferring sync
[2025-07-23 01:18:23,061] INFO - Job "create_app.<locals>.enqueue_sync (trigger: interval[0:01:00], next run at: 2025-07-23 01:19:16 CEST)" executed successfully
[2025-07-23 01:18:34,364] INFO - Running job "create_app.<locals>.enqueue_sync (trigger: interval[0:01:00], next run at: 2025-07-23 01:19:34 CEST)" (scheduled at 2025-07-23 01:18:34.334440+02:00)
[2025-07-23 01:18:38,455] WARNING - Redis unavailable, deferring sync
[2025-07-23 01:18:38,472] INFO - Job "create_app.<locals>.enqueue_sync (trigger: interval[0:01:00], next run at: 2025-07-23 01:19:34 CEST)" executed successfully
[2025-07-23 01:19:16,881] INFO - Running job "create_app.<locals>.enqueue_sync (trigger: interval[0:01:00], next run at: 2025-07-23 01:20:16 CEST)" (scheduled at 2025-07-23 01:19:16.880547+02:00)
[2025-07-23 01:19:20,965] WARNING - Redis unavailable, deferring sync
[2025-07-23 01:19:20,969] INFO - Job "create_app.<locals>.enqueue_sync (trigger: interval[0:01:00], next run at: 2025-07-23 01:20:16 CEST)" executed successfully
[2025-07-23 01:19:34,354] INFO - Running job "create_app.<locals>.enqueue_sync (trigger: interval[0:01:00], next run at: 2025-07-23 01:20:34 CEST)" (scheduled at 2025-07-23 01:19:34.334440+02:00)
[2025-07-23 01:19:38,425] WARNING - Redis unavailable, deferring sync
[2025-07-23 01:19:38,452] INFO - Job "create_app.<locals>.enqueue_sync (trigger: interval[0:01:00], next run at: 2025-07-23 01:20:34 CEST)" executed successfully
[2025-07-23 01:20:16,891] INFO - Running job "create_app.<locals>.enqueue_sync (trigger: interval[0:01:00], next run at: 2025-07-23 01:21:16 CEST)" (scheduled at 2025-07-23 01:20:16.880547+02:00)
[2025-07-23 01:20:20,991] WARNING - Redis unavailable, deferring sync
[2025-07-23 01:20:20,995] INFO - Job "create_app.<locals>.enqueue_sync (trigger: interval[0:01:00], next run at: 2025-07-23 01:21:16 CEST)" executed successfully
[2025-07-23 01:20:34,359] INFO - Running job "create_app.<locals>.enqueue_sync (trigger: interval[0:01:00], next run at: 2025-07-23 01:21:34 CEST)" (scheduled at 2025-07-23 01:20:34.334440+02:00)
[2025-07-23 01:20:38,433] WARNING - Redis unavailable, deferring sync
[2025-07-23 01:20:38,437] INFO - Job "create_app.<locals>.enqueue_sync (trigger: interval[0:01:00], next run at: 2025-07-23 01:21:34 CEST)" executed successfully
[2025-07-23 01:21:16,884] INFO - Running job "create_app.<locals>.enqueue_sync (trigger: interval[0:01:00], next run at: 2025-07-23 01:22:16 CEST)" (scheduled at 2025-07-23 01:21:16.880547+02:00)
[2025-07-23 01:21:20,958] WARNING - Redis unavailable, deferring sync
[2025-07-23 01:21:20,962] INFO - Job "create_app.<locals>.enqueue_sync (trigger: interval[0:01:00], next run at: 2025-07-23 01:22:16 CEST)" executed successfully
[2025-07-23 01:21:34,355] INFO - Running job "create_app.<locals>.enqueue_sync (trigger: interval[0:01:00], next run at: 2025-07-23 01:22:34 CEST)" (scheduled at 2025-07-23 01:21:34.334440+02:00)
[2025-07-23 01:21:38,448] WARNING - Redis unavailable, deferring sync
[2025-07-23 01:21:38,451] INFO - Job "create_app.<locals>.enqueue_sync (trigger: interval[0:01:00], next run at: 2025-07-23 01:22:34 CEST)" executed successfully
[2025-07-23 01:22:16,884] INFO - Running job "create_app.<locals>.enqueue_sync (trigger: interval[0:01:00], next run at: 2025-07-23 01:23:16 CEST)" (scheduled at 2025-07-23 01:22:16.880547+02:00)
[2025-07-23 01:22:20,970] WARNING - Redis unavailable, deferring sync
[2025-07-23 01:22:20,975] INFO - Job "create_app.<locals>.enqueue_sync (trigger: interval[0:01:00], next run at: 2025-07-23 01:23:16 CEST)" executed successfully
[2025-07-23 01:22:34,345] INFO - Running job "create_app.<locals>.enqueue_sync (trigger: interval[0:01:00], next run at: 2025-07-23 01:23:34 CEST)" (scheduled at 2025-07-23 01:22:34.334440+02:00)
[2025-07-23 01:22:38,433] WARNING - Redis unavailable, deferring sync
[2025-07-23 01:22:38,447] INFO - Job "create_app.<locals>.enqueue_sync (trigger: interval[0:01:00], next run at: 2025-07-23 01:23:34 CEST)" executed successfully
[2025-07-23 01:23:16,882] INFO - Running job "create_app.<locals>.enqueue_sync (trigger: interval[0:01:00], next run at: 2025-07-23 01:24:16 CEST)" (scheduled at 2025-07-23 01:23:16.880547+02:00)
[2025-07-23 01:23:20,963] WARNING - Redis unavailable, deferring sync
[2025-07-23 01:23:20,968] INFO - Job "create_app.<locals>.enqueue_sync (trigger: interval[0:01:00], next run at: 2025-07-23 01:24:16 CEST)" executed successfully
[2025-07-23 01:23:34,366] INFO - Running job "create_app.<locals>.enqueue_sync (trigger: interval[0:01:00], next run at: 2025-07-23 01:24:34 CEST)" (scheduled at 2025-07-23 01:23:34.334440+02:00)
[2025-07-23 01:23:38,457] WARNING - Redis unavailable, deferring sync
[2025-07-23 01:23:38,461] INFO - Job "create_app.<locals>.enqueue_sync (trigger: interval[0:01:00], next run at: 2025-07-23 01:24:34 CEST)" executed successfully
[2025-07-23 01:24:16,888] INFO - Running job "create_app.<locals>.enqueue_sync (trigger: interval[0:01:00], next run at: 2025-07-23 01:25:16 CEST)" (scheduled at 2025-07-23 01:24:16.880547+02:00)
[2025-07-23 01:24:20,962] WARNING - Redis unavailable, deferring sync
[2025-07-23 01:24:20,965] INFO - Job "create_app.<locals>.enqueue_sync (trigger: interval[0:01:00], next run at: 2025-07-23 01:25:16 CEST)" executed successfully
[2025-07-23 01:24:34,342] INFO - Running job "create_app.<locals>.enqueue_sync (trigger: interval[0:01:00], next run at: 2025-07-23 01:25:34 CEST)" (scheduled at 2025-07-23 01:24:34.334440+02:00)
[2025-07-23 01:24:38,424] WARNING - Redis unavailable, deferring sync
[2025-07-23 01:24:38,428] INFO - Job "create_app.<locals>.enqueue_sync (trigger: interval[0:01:00], next run at: 2025-07-23 01:25:34 CEST)" executed successfully
[2025-07-23 01:25:16,885] INFO - Running job "create_app.<locals>.enqueue_sync (trigger: interval[0:01:00], next run at: 2025-07-23 01:26:16 CEST)" (scheduled at 2025-07-23 01:25:16.880547+02:00)
[2025-07-23 01:25:20,956] WARNING - Redis unavailable, deferring sync
[2025-07-23 01:25:20,959] INFO - Job "create_app.<locals>.enqueue_sync (trigger: interval[0:01:00], next run at: 2025-07-23 01:26:16 CEST)" executed successfully
[2025-07-23 01:25:34,361] INFO - Running job "create_app.<locals>.enqueue_sync (trigger: interval[0:01:00], next run at: 2025-07-23 01:26:34 CEST)" (scheduled at 2025-07-23 01:25:34.334440+02:00)
[2025-07-23 01:25:38,466] WARNING - Redis unavailable, deferring sync
[2025-07-23 01:25:38,471] INFO - Job "create_app.<locals>.enqueue_sync (trigger: interval[0:01:00], next run at: 2025-07-23 01:26:34 CEST)" executed successfully
[2025-07-23 01:26:16,885] INFO - Running job "create_app.<locals>.enqueue_sync (trigger: interval[0:01:00], next run at: 2025-07-23 01:27:16 CEST)" (scheduled at 2025-07-23 01:26:16.880547+02:00)
[2025-07-23 01:26:20,953] WARNING - Redis unavailable, deferring sync
[2025-07-23 01:26:20,956] INFO - Job "create_app.<locals>.enqueue_sync (trigger: interval[0:01:00], next run at: 2025-07-23 01:27:16 CEST)" executed successfully
[2025-07-23 01:26:34,352] INFO - Running job "create_app.<locals>.enqueue_sync (trigger: interval[0:01:00], next run at: 2025-07-23 01:27:34 CEST)" (scheduled at 2025-07-23 01:26:34.334440+02:00)
[2025-07-23 01:26:38,451] WARNING - Redis unavailable, deferring sync
[2025-07-23 01:26:38,455] INFO - Job "create_app.<locals>.enqueue_sync (trigger: interval[0:01:00], next run at: 2025-07-23 01:27:34 CEST)" executed successfully
[2025-07-23 01:27:16,889] INFO - Running job "create_app.<locals>.enqueue_sync (trigger: interval[0:01:00], next run at: 2025-07-23 01:28:16 CEST)" (scheduled at 2025-07-23 01:27:16.880547+02:00)
[2025-07-23 01:27:20,962] WARNING - Redis unavailable, deferring sync
[2025-07-23 01:27:20,965] INFO - Job "create_app.<locals>.enqueue_sync (trigger: interval[0:01:00], next run at: 2025-07-23 01:28:16 CEST)" executed successfully
[2025-07-23 01:27:34,348] INFO - Running job "create_app.<locals>.enqueue_sync (trigger: interval[0:01:00], next run at: 2025-07-23 01:28:34 CEST)" (scheduled at 2025-07-23 01:27:34.334440+02:00)
[2025-07-23 01:27:38,418] WARNING - Redis unavailable, deferring sync
[2025-07-23 01:27:38,438] INFO - Job "create_app.<locals>.enqueue_sync (trigger: interval[0:01:00], next run at: 2025-07-23 01:28:34 CEST)" executed successfully
[2025-07-23 01:28:16,893] INFO - Running job "create_app.<locals>.enqueue_sync (trigger: interval[0:01:00], next run at: 2025-07-23 01:29:16 CEST)" (scheduled at 2025-07-23 01:28:16.880547+02:00)
[2025-07-23 01:28:20,962] WARNING - Redis unavailable, deferring sync
[2025-07-23 01:28:20,966] INFO - Job "create_app.<locals>.enqueue_sync (trigger: interval[0:01:00], next run at: 2025-07-23 01:29:16 CEST)" executed successfully
[2025-07-23 01:28:34,355] INFO - Running job "create_app.<locals>.enqueue_sync (trigger: interval[0:01:00], next run at: 2025-07-23 01:28:34 CEST)" (scheduled at 2025-07-23 01:28:34.334440+02:00)
[2025-07-23 01:28:38,422] WARNING - Redis unavailable, deferring sync
[2025-07-23 01:28:38,432] INFO - Job "create_app.<locals>.enqueue_sync (trigger: interval[0:01:00], next run at: 2025-07-23 01:29:34 CEST)" executed successfully
[2025-07-23 01:29:16,888] INFO - Running job "create_app.<locals>.enqueue_sync (trigger: interval[0:01:00], next run at: 2025-07-23 01:30:16 CEST)" (scheduled at 2025-07-23 01:29:16.880547+02:00)
[2025-07-23 01:29:20,950] WARNING - Redis unavailable, deferring sync
[2025-07-23 01:29:20,954] INFO - Job "create_app.<locals>.enqueue_sync (trigger: interval[0:01:00], next run at: 2025-07-23 01:30:16 CEST)" executed successfully
[2025-07-23 01:29:34,338] INFO - Running job "create_app.<locals>.enqueue_sync (trigger: interval[0:01:00], next run at: 2025-07-23 01:30:34 CEST)" (scheduled at 2025-07-23 01:29:34.334440+02:00)
[2025-07-23 01:29:38,423] WARNING - Redis unavailable, deferring sync
[2025-07-23 01:29:38,427] INFO - Job "create_app.<locals>.enqueue_sync (trigger: interval[0:01:00], next run at: 2025-07-23 01:30:34 CEST)" executed successfully
[2025-07-23 01:30:16,889] INFO - Running job "create_app.<locals>.enqueue_sync (trigger: interval[0:01:00], next run at: 2025-07-23 01:31:16 CEST)" (scheduled at 2025-07-23 01:30:16.880547+02:00)
[2025-07-23 01:30:20,956] WARNING - Redis unavailable, deferring sync
[2025-07-23 01:30:20,965] INFO - Job "create_app.<locals>.enqueue_sync (trigger: interval[0:01:00], next run at: 2025-07-23 01:31:16 CEST)" executed successfully
[2025-07-23 01:31:16,893] INFO - Running job "create_app.<locals>.enqueue_sync (trigger: interval[0:01:00], next run at: 2025-07-23 01:32:16 CEST)" (scheduled at 2025-07-23 01:31:16.880547+02:00)
[2025-07-23 01:31:20,964] WARNING - Redis unavailable, deferring sync
[2025-07-23 01:31:20,970] INFO - Job "create_app.<locals>.enqueue_sync (trigger: interval[0:01:00], next run at: 2025-07-23 01:32:16 CEST)" executed successfully
[2025-07-23 01:32:16,889] INFO - Running job "create_app.<locals>.enqueue_sync (trigger: interval[0:01:00], next run at: 2025-07-23 01:33:16 CEST)" (scheduled at 2025-07-23 01:32:16.880547+02:00)
[2025-07-23 01:32:20,974] WARNING - Redis unavailable, deferring sync
[2025-07-23 01:32:20,984] INFO - Job "create_app.<locals>.enqueue_sync (trigger: interval[0:01:00], next run at: 2025-07-23 01:33:16 CEST)" executed successfully
[2025-07-23 01:32:39,162] WARNING - Redis unavailable, tasks will run inline
[2025-07-23 01:32:39,164] INFO - Adding job tentatively -- it will be properly scheduled when the scheduler starts
[2025-07-23 01:32:39,165] INFO - Added job "create_app.<locals>.enqueue_sync" to job store "default"
[2025-07-23 01:32:39,165] INFO - Scheduler started
[2025-07-23 01:32:39,218] INFO - [31m[1mWARNING: This is a development server. Do not use it in a production deployment. Use a production WSGI server instead.[0m
 * Running on http://127.0.0.1:5000
[2025-07-23 01:32:39,218] INFO - [33mPress CTRL+C to quit[0m
[2025-07-23 01:32:42,339] INFO - 127.0.0.1 - - [23/Jul/2025 01:32:42] "GET /dashboard HTTP/1.1" 200 -
[2025-07-23 01:32:42,552] INFO - 127.0.0.1 - - [23/Jul/2025 01:32:42] "[36mGET /static/styles.css HTTP/1.1[0m" 304 -
[2025-07-23 01:32:42,566] INFO - 127.0.0.1 - - [23/Jul/2025 01:32:42] "[36mGET /static/main.js HTTP/1.1[0m" 304 -
[2025-07-23 01:32:44,755] INFO - 127.0.0.1 - - [23/Jul/2025 01:32:44] "[36mGET /static/manifest.json HTTP/1.1[0m" 304 -
[2025-07-23 01:32:50,090] WARNING - duplicate group name 12
[2025-07-23 01:32:50,092] INFO - 127.0.0.1 - - [23/Jul/2025 01:32:50] "[31m[1mPOST /dashboard/api/groups HTTP/1.1[0m" 400 -
[2025-07-23 01:32:58,750] WARNING - invalid group id 123
[2025-07-23 01:32:58,751] INFO - 127.0.0.1 - - [23/Jul/2025 01:32:58] "[31m[1mPOST /dashboard/api/accounts HTTP/1.1[0m" 400 -
[2025-07-23 01:33:03,316] INFO - 127.0.0.1 - - [23/Jul/2025 01:33:03] "[31m[1mGET /dashboard/api/accounts?search=1 HTTP/1.1[0m" 422 -
[2025-07-23 01:33:04,023] INFO - 127.0.0.1 - - [23/Jul/2025 01:33:04] "GET /dashboard HTTP/1.1" 200 -
[2025-07-23 01:33:04,065] INFO - 127.0.0.1 - - [23/Jul/2025 01:33:04] "[36mGET /static/styles.css HTTP/1.1[0m" 304 -
[2025-07-23 01:33:04,069] INFO - 127.0.0.1 - - [23/Jul/2025 01:33:04] "[36mGET /static/main.js HTTP/1.1[0m" 304 -
[2025-07-23 01:33:04,862] INFO - 127.0.0.1 - - [23/Jul/2025 01:33:04] "[36mGET /static/manifest.json HTTP/1.1[0m" 304 -
[2025-07-23 01:33:14,671] INFO - 127.0.0.1 - - [23/Jul/2025 01:33:14] "[32mGET / HTTP/1.1[0m" 302 -
[2025-07-23 01:33:14,712] INFO - 127.0.0.1 - - [23/Jul/2025 01:33:14] "GET /login HTTP/1.1" 200 -
[2025-07-23 01:33:14,924] INFO - 127.0.0.1 - - [23/Jul/2025 01:33:14] "[36mGET /static/styles.css HTTP/1.1[0m" 304 -
[2025-07-23 01:33:16,480] INFO - 127.0.0.1 - - [23/Jul/2025 01:33:16] "[36mGET /static/manifest.json HTTP/1.1[0m" 304 -
[2025-07-23 01:33:23,543] INFO - 127.0.0.1 - - [23/Jul/2025 01:33:23] "[32mPOST /login HTTP/1.1[0m" 302 -
[2025-07-23 01:33:23,566] INFO - 127.0.0.1 - - [23/Jul/2025 01:33:23] "GET /dashboard HTTP/1.1" 200 -
[2025-07-23 01:33:23,638] INFO - 127.0.0.1 - - [23/Jul/2025 01:33:23] "[36mGET /static/styles.css HTTP/1.1[0m" 304 -
[2025-07-23 01:33:23,640] INFO - 127.0.0.1 - - [23/Jul/2025 01:33:23] "[36mGET /static/main.js HTTP/1.1[0m" 304 -
[2025-07-23 01:33:25,220] INFO - 127.0.0.1 - - [23/Jul/2025 01:33:25] "[36mGET /static/manifest.json HTTP/1.1[0m" 304 -
[2025-07-23 01:33:31,129] INFO - 127.0.0.1 - - [23/Jul/2025 01:33:31] "[31m[1mPOST /dashboard/api/groups HTTP/1.1[0m" 400 -
[2025-07-23 01:33:38,371] INFO - 127.0.0.1 - - [23/Jul/2025 01:33:38] "[31m[1mPOST /dashboard/api/accounts HTTP/1.1[0m" 400 -
[2025-07-23 01:33:39,178] INFO - Running job "create_app.<locals>.enqueue_sync (trigger: interval[0:01:00], next run at: 2025-07-23 01:33:39 CEST)" (scheduled at 2025-07-23 01:33:39.164606+02:00)
[2025-07-23 01:33:39,181] ERROR - Job "create_app.<locals>.enqueue_sync (trigger: interval[0:01:00], next run at: 2025-07-23 01:34:39 CEST)" raised an exception
Traceback (most recent call last):
  File "C:\Users\norbe\AppData\Local\Programs\Python\Python313\Lib\site-packages\apscheduler\executors\base.py", line 125, in run_job
    retval = job.func(*job.args, **job.kwargs)
  File "F:\kick-multibot-panel\backend\__init__.py", line 86, in enqueue_sync
    queue.connection.ping()
    ^^^^^^^^^^^^^^^^
AttributeError: 'NoneType' object has no attribute 'connection'
[2025-07-23 01:33:42,234] INFO - 127.0.0.1 - - [23/Jul/2025 01:33:42] "[33mGET /dashboard/api/bots?search=1 HTTP/1.1[0m" 404 -
[2025-07-23 01:34:30,597] INFO - 127.0.0.1 - - [23/Jul/2025 01:34:30] "[31m[1mPOST /dashboard/api/groups HTTP/1.1[0m" 400 -
[2025-07-23 01:34:38,805] INFO - 127.0.0.1 - - [23/Jul/2025 01:34:38] "[31m[1mPOST /dashboard/api/accounts HTTP/1.1[0m" 400 -
[2025-07-23 01:34:39,176] INFO - Running job "create_app.<locals>.enqueue_sync (trigger: interval[0:01:00], next run at: 2025-07-23 01:35:39 CEST)" (scheduled at 2025-07-23 01:34:39.164606+02:00)
[2025-07-23 01:34:39,179] ERROR - Job "create_app.<locals>.enqueue_sync (trigger: interval[0:01:00], next run at: 2025-07-23 01:35:39 CEST)" raised an exception
Traceback (most recent call last):
  File "C:\Users\norbe\AppData\Local\Programs\Python\Python313\Lib\site-packages\apscheduler\executors\base.py", line 125, in run_job
    retval = job.func(*job.args, **job.kwargs)
  File "F:\kick-multibot-panel\backend\__init__.py", line 86, in enqueue_sync
    queue.connection.ping()
    ^^^^^^^^^^^^^^^^
AttributeError: 'NoneType' object has no attribute 'connection'
[2025-07-23 01:34:43,969] INFO - 127.0.0.1 - - [23/Jul/2025 01:34:43] "[31m[1mPOST /dashboard/api/accounts HTTP/1.1[0m" 400 -
[2025-07-23 01:34:46,476] INFO - 127.0.0.1 - - [23/Jul/2025 01:34:46] "[31m[1mPOST /dashboard/api/accounts HTTP/1.1[0m" 400 -
[2025-07-23 01:34:48,234] INFO - 127.0.0.1 - - [23/Jul/2025 01:34:48] "[31m[1mPOST /dashboard/api/accounts HTTP/1.1[0m" 400 -
[2025-07-23 01:34:50,514] INFO - 127.0.0.1 - - [23/Jul/2025 01:34:50] "[31m[1mPOST /dashboard/api/accounts HTTP/1.1[0m" 400 -
[2025-07-23 01:34:55,044] INFO - 127.0.0.1 - - [23/Jul/2025 01:34:55] "[31m[1mPOST /dashboard/api/accounts HTTP/1.1[0m" 400 -
[2025-07-23 01:34:57,117] INFO - 127.0.0.1 - - [23/Jul/2025 01:34:57] "[31m[1mPOST /dashboard/api/accounts HTTP/1.1[0m" 400 -
[2025-07-23 01:35:00,316] INFO - 127.0.0.1 - - [23/Jul/2025 01:35:00] "[31m[1mPOST /dashboard/api/accounts HTTP/1.1[0m" 400 -
[2025-07-23 01:35:03,016] INFO - 127.0.0.1 - - [23/Jul/2025 01:35:03] "[35m[1mPOST /dashboard/api/accounts HTTP/1.1[0m" 201 -
[2025-07-23 01:35:03,025] INFO - 127.0.0.1 - - [23/Jul/2025 01:35:03] "[31m[1mGET /dashboard/api/accounts HTTP/1.1[0m" 422 -
[2025-07-23 01:35:03,026] INFO - 127.0.0.1 - - [23/Jul/2025 01:35:03] "[33mGET /dashboard/api/bots?search=1 HTTP/1.1[0m" 404 -
[2025-07-23 01:35:17,488] INFO - 127.0.0.1 - - [23/Jul/2025 01:35:17] "[33mGET /dashboard/api/bots HTTP/1.1[0m" 404 -
[2025-07-23 01:35:39,186] INFO - Running job "create_app.<locals>.enqueue_sync (trigger: interval[0:01:00], next run at: 2025-07-23 01:36:39 CEST)" (scheduled at 2025-07-23 01:35:39.164606+02:00)
[2025-07-23 01:35:39,203] ERROR - Job "create_app.<locals>.enqueue_sync (trigger: interval[0:01:00], next run at: 2025-07-23 01:36:39 CEST)" raised an exception
Traceback (most recent call last):
  File "C:\Users\norbe\AppData\Local\Programs\Python\Python313\Lib\site-packages\apscheduler\executors\base.py", line 125, in run_job
    retval = job.func(*job.args, **job.kwargs)
  File "F:\kick-multibot-panel\backend\__init__.py", line 86, in enqueue_sync
    queue.connection.ping()
    ^^^^^^^^^^^^^^^^
AttributeError: 'NoneType' object has no attribute 'connection'
[2025-07-23 01:36:39,169] INFO - Running job "create_app.<locals>.enqueue_sync (trigger: interval[0:01:00], next run at: 2025-07-23 01:37:39 CEST)" (scheduled at 2025-07-23 01:36:39.164606+02:00)
[2025-07-23 01:36:39,171] ERROR - Job "create_app.<locals>.enqueue_sync (trigger: interval[0:01:00], next run at: 2025-07-23 01:37:39 CEST)" raised an exception
Traceback (most recent call last):
  File "C:\Users\norbe\AppData\Local\Programs\Python\Python313\Lib\site-packages\apscheduler\executors\base.py", line 125, in run_job
    retval = job.func(*job.args, **job.kwargs)
  File "F:\kick-multibot-panel\backend\__init__.py", line 86, in enqueue_sync
    queue.connection.ping()
    ^^^^^^^^^^^^^^^^
AttributeError: 'NoneType' object has no attribute 'connection'
[2025-07-23 01:37:39,174] INFO - Running job "create_app.<locals>.enqueue_sync (trigger: interval[0:01:00], next run at: 2025-07-23 01:38:39 CEST)" (scheduled at 2025-07-23 01:37:39.164606+02:00)
[2025-07-23 01:37:39,175] ERROR - Job "create_app.<locals>.enqueue_sync (trigger: interval[0:01:00], next run at: 2025-07-23 01:38:39 CEST)" raised an exception
Traceback (most recent call last):
  File "C:\Users\norbe\AppData\Local\Programs\Python\Python313\Lib\site-packages\apscheduler\executors\base.py", line 125, in run_job
    retval = job.func(*job.args, **job.kwargs)
  File "F:\kick-multibot-panel\backend\__init__.py", line 86, in enqueue_sync
    queue.connection.ping()
    ^^^^^^^^^^^^^^^^
AttributeError: 'NoneType' object has no attribute 'connection'
[2025-07-23 01:38:39,179] INFO - Running job "create_app.<locals>.enqueue_sync (trigger: interval[0:01:00], next run at: 2025-07-23 01:39:39 CEST)" (scheduled at 2025-07-23 01:38:39.164606+02:00)
[2025-07-23 01:38:39,180] ERROR - Job "create_app.<locals>.enqueue_sync (trigger: interval[0:01:00], next run at: 2025-07-23 01:39:39 CEST)" raised an exception
Traceback (most recent call last):
  File "C:\Users\norbe\AppData\Local\Programs\Python\Python313\Lib\site-packages\apscheduler\executors\base.py", line 125, in run_job
    retval = job.func(*job.args, **job.kwargs)
  File "F:\kick-multibot-panel\backend\__init__.py", line 86, in enqueue_sync
    queue.connection.ping()
    ^^^^^^^^^^^^^^^^
AttributeError: 'NoneType' object has no attribute 'connection'
[2025-07-23 01:39:39,165] INFO - Running job "create_app.<locals>.enqueue_sync (trigger: interval[0:01:00], next run at: 2025-07-23 01:40:39 CEST)" (scheduled at 2025-07-23 01:39:39.164606+02:00)
[2025-07-23 01:39:39,167] ERROR - Job "create_app.<locals>.enqueue_sync (trigger: interval[0:01:00], next run at: 2025-07-23 01:40:39 CEST)" raised an exception
Traceback (most recent call last):
  File "C:\Users\norbe\AppData\Local\Programs\Python\Python313\Lib\site-packages\apscheduler\executors\base.py", line 125, in run_job
    retval = job.func(*job.args, **job.kwargs)
  File "F:\kick-multibot-panel\backend\__init__.py", line 86, in enqueue_sync
    queue.connection.ping()
    ^^^^^^^^^^^^^^^^
AttributeError: 'NoneType' object has no attribute 'connection'
[2025-07-23 01:40:39,173] INFO - Running job "create_app.<locals>.enqueue_sync (trigger: interval[0:01:00], next run at: 2025-07-23 01:41:39 CEST)" (scheduled at 2025-07-23 01:40:39.164606+02:00)
[2025-07-23 01:40:39,174] ERROR - Job "create_app.<locals>.enqueue_sync (trigger: interval[0:01:00], next run at: 2025-07-23 01:41:39 CEST)" raised an exception
Traceback (most recent call last):
  File "C:\Users\norbe\AppData\Local\Programs\Python\Python313\Lib\site-packages\apscheduler\executors\base.py", line 125, in run_job
    retval = job.func(*job.args, **job.kwargs)
  File "F:\kick-multibot-panel\backend\__init__.py", line 86, in enqueue_sync
    queue.connection.ping()
    ^^^^^^^^^^^^^^^^
AttributeError: 'NoneType' object has no attribute 'connection'
[2025-07-23 01:41:39,185] INFO - Running job "create_app.<locals>.enqueue_sync (trigger: interval[0:01:00], next run at: 2025-07-23 01:41:39 CEST)" (scheduled at 2025-07-23 01:41:39.164606+02:00)
[2025-07-23 01:41:39,192] ERROR - Job "create_app.<locals>.enqueue_sync (trigger: interval[0:01:00], next run at: 2025-07-23 01:42:39 CEST)" raised an exception
Traceback (most recent call last):
  File "C:\Users\norbe\AppData\Local\Programs\Python\Python313\Lib\site-packages\apscheduler\executors\base.py", line 125, in run_job
    retval = job.func(*job.args, **job.kwargs)
  File "F:\kick-multibot-panel\backend\__init__.py", line 86, in enqueue_sync
    queue.connection.ping()
    ^^^^^^^^^^^^^^^^
AttributeError: 'NoneType' object has no attribute 'connection'
[2025-07-23 01:42:39,179] INFO - Running job "create_app.<locals>.enqueue_sync (trigger: interval[0:01:00], next run at: 2025-07-23 01:43:39 CEST)" (scheduled at 2025-07-23 01:42:39.164606+02:00)
[2025-07-23 01:42:39,180] ERROR - Job "create_app.<locals>.enqueue_sync (trigger: interval[0:01:00], next run at: 2025-07-23 01:43:39 CEST)" raised an exception
Traceback (most recent call last):
  File "C:\Users\norbe\AppData\Local\Programs\Python\Python313\Lib\site-packages\apscheduler\executors\base.py", line 125, in run_job
    retval = job.func(*job.args, **job.kwargs)
  File "F:\kick-multibot-panel\backend\__init__.py", line 86, in enqueue_sync
    queue.connection.ping()
    ^^^^^^^^^^^^^^^^
AttributeError: 'NoneType' object has no attribute 'connection'
[2025-07-23 01:43:39,223] INFO - Running job "create_app.<locals>.enqueue_sync (trigger: interval[0:01:00], next run at: 2025-07-23 01:44:39 CEST)" (scheduled at 2025-07-23 01:43:39.164606+02:00)
[2025-07-23 01:43:39,268] ERROR - Job "create_app.<locals>.enqueue_sync (trigger: interval[0:01:00], next run at: 2025-07-23 01:44:39 CEST)" raised an exception
Traceback (most recent call last):
  File "C:\Users\norbe\AppData\Local\Programs\Python\Python313\Lib\site-packages\apscheduler\executors\base.py", line 125, in run_job
    retval = job.func(*job.args, **job.kwargs)
  File "F:\kick-multibot-panel\backend\__init__.py", line 86, in enqueue_sync
    queue.connection.ping()
    ^^^^^^^^^^^^^^^^
AttributeError: 'NoneType' object has no attribute 'connection'
[2025-07-23 01:44:39,186] INFO - Running job "create_app.<locals>.enqueue_sync (trigger: interval[0:01:00], next run at: 2025-07-23 01:45:39 CEST)" (scheduled at 2025-07-23 01:44:39.164606+02:00)
[2025-07-23 01:44:39,225] ERROR - Job "create_app.<locals>.enqueue_sync (trigger: interval[0:01:00], next run at: 2025-07-23 01:45:39 CEST)" raised an exception
Traceback (most recent call last):
  File "C:\Users\norbe\AppData\Local\Programs\Python\Python313\Lib\site-packages\apscheduler\executors\base.py", line 125, in run_job
    retval = job.func(*job.args, **job.kwargs)
  File "F:\kick-multibot-panel\backend\__init__.py", line 86, in enqueue_sync
    queue.connection.ping()
    ^^^^^^^^^^^^^^^^
AttributeError: 'NoneType' object has no attribute 'connection'
[2025-07-23 01:45:39,206] INFO - Running job "create_app.<locals>.enqueue_sync (trigger: interval[0:01:00], next run at: 2025-07-23 01:46:39 CEST)" (scheduled at 2025-07-23 01:45:39.164606+02:00)
[2025-07-23 01:45:39,357] ERROR - Job "create_app.<locals>.enqueue_sync (trigger: interval[0:01:00], next run at: 2025-07-23 01:46:39 CEST)" raised an exception
Traceback (most recent call last):
  File "C:\Users\norbe\AppData\Local\Programs\Python\Python313\Lib\site-packages\apscheduler\executors\base.py", line 125, in run_job
    retval = job.func(*job.args, **job.kwargs)
  File "F:\kick-multibot-panel\backend\__init__.py", line 86, in enqueue_sync
    queue.connection.ping()
    ^^^^^^^^^^^^^^^^
AttributeError: 'NoneType' object has no attribute 'connection'
[2025-07-23 01:46:39,196] INFO - Running job "create_app.<locals>.enqueue_sync (trigger: interval[0:01:00], next run at: 2025-07-23 01:47:39 CEST)" (scheduled at 2025-07-23 01:46:39.164606+02:00)
[2025-07-23 01:46:39,198] ERROR - Job "create_app.<locals>.enqueue_sync (trigger: interval[0:01:00], next run at: 2025-07-23 01:47:39 CEST)" raised an exception
Traceback (most recent call last):
  File "C:\Users\norbe\AppData\Local\Programs\Python\Python313\Lib\site-packages\apscheduler\executors\base.py", line 125, in run_job
    retval = job.func(*job.args, **job.kwargs)
  File "F:\kick-multibot-panel\backend\__init__.py", line 86, in enqueue_sync
    queue.connection.ping()
    ^^^^^^^^^^^^^^^^
AttributeError: 'NoneType' object has no attribute 'connection'
[2025-07-23 01:47:39,199] INFO - Running job "create_app.<locals>.enqueue_sync (trigger: interval[0:01:00], next run at: 2025-07-23 01:48:39 CEST)" (scheduled at 2025-07-23 01:47:39.164606+02:00)
[2025-07-23 01:47:39,215] ERROR - Job "create_app.<locals>.enqueue_sync (trigger: interval[0:01:00], next run at: 2025-07-23 01:48:39 CEST)" raised an exception
Traceback (most recent call last):
  File "C:\Users\norbe\AppData\Local\Programs\Python\Python313\Lib\site-packages\apscheduler\executors\base.py", line 125, in run_job
    retval = job.func(*job.args, **job.kwargs)
  File "F:\kick-multibot-panel\backend\__init__.py", line 86, in enqueue_sync
    queue.connection.ping()
    ^^^^^^^^^^^^^^^^
AttributeError: 'NoneType' object has no attribute 'connection'
[2025-07-23 01:48:39,174] INFO - Running job "create_app.<locals>.enqueue_sync (trigger: interval[0:01:00], next run at: 2025-07-23 01:49:39 CEST)" (scheduled at 2025-07-23 01:48:39.164606+02:00)
[2025-07-23 01:48:39,434] ERROR - Job "create_app.<locals>.enqueue_sync (trigger: interval[0:01:00], next run at: 2025-07-23 01:49:39 CEST)" raised an exception
Traceback (most recent call last):
  File "C:\Users\norbe\AppData\Local\Programs\Python\Python313\Lib\site-packages\apscheduler\executors\base.py", line 125, in run_job
    retval = job.func(*job.args, **job.kwargs)
  File "F:\kick-multibot-panel\backend\__init__.py", line 86, in enqueue_sync
    try:
    
AttributeError: 'NoneType' object has no attribute 'connection'
[2025-07-23 01:51:00,170] WARNING - Redis unavailable, tasks will run inline
[2025-07-23 01:51:00,173] INFO - Adding job tentatively -- it will be properly scheduled when the scheduler starts
[2025-07-23 01:51:00,173] INFO - Added job "create_app.<locals>.enqueue_sync" to job store "default"
[2025-07-23 01:51:00,174] INFO - Scheduler started
[2025-07-23 01:51:00,280] INFO - [31m[1mWARNING: This is a development server. Do not use it in a production deployment. Use a production WSGI server instead.[0m
 * Running on http://127.0.0.1:5000
[2025-07-23 01:51:00,281] INFO - [33mPress CTRL+C to quit[0m
[2025-07-23 01:51:00,699] INFO - 127.0.0.1 - - [23/Jul/2025 01:51:00] "GET /dashboard HTTP/1.1" 200 -
[2025-07-23 01:51:00,938] INFO - 127.0.0.1 - - [23/Jul/2025 01:51:00] "[36mGET /static/styles.css HTTP/1.1[0m" 304 -
[2025-07-23 01:51:00,940] INFO - 127.0.0.1 - - [23/Jul/2025 01:51:00] "[36mGET /static/main.js HTTP/1.1[0m" 304 -
[2025-07-23 01:51:02,406] INFO - 127.0.0.1 - - [23/Jul/2025 01:51:02] "[36mGET /static/manifest.json HTTP/1.1[0m" 304 -
[2025-07-23 01:51:03,257] INFO - 127.0.0.1 - - [23/Jul/2025 01:51:03] "GET /dashboard HTTP/1.1" 200 -
[2025-07-23 01:51:03,301] INFO - 127.0.0.1 - - [23/Jul/2025 01:51:03] "[36mGET /static/styles.css HTTP/1.1[0m" 304 -
[2025-07-23 01:51:03,308] INFO - 127.0.0.1 - - [23/Jul/2025 01:51:03] "[36mGET /static/main.js HTTP/1.1[0m" 304 -
[2025-07-23 01:51:04,337] INFO - 127.0.0.1 - - [23/Jul/2025 01:51:04] "[36mGET /static/manifest.json HTTP/1.1[0m" 304 -
[2025-07-23 01:51:06,150] INFO - 127.0.0.1 - - [23/Jul/2025 01:51:06] "[32mGET / HTTP/1.1[0m" 302 -
[2025-07-23 01:51:06,180] INFO - 127.0.0.1 - - [23/Jul/2025 01:51:06] "GET /login HTTP/1.1" 200 -
[2025-07-23 01:51:06,208] INFO - 127.0.0.1 - - [23/Jul/2025 01:51:06] "[36mGET /static/styles.css HTTP/1.1[0m" 304 -
[2025-07-23 01:51:09,636] INFO - 127.0.0.1 - - [23/Jul/2025 01:51:09] "[36mGET /static/manifest.json HTTP/1.1[0m" 304 -
[2025-07-23 01:51:17,532] INFO - 127.0.0.1 - - [23/Jul/2025 01:51:17] "[32mPOST /login HTTP/1.1[0m" 302 -
[2025-07-23 01:51:17,546] INFO - 127.0.0.1 - - [23/Jul/2025 01:51:17] "GET /dashboard HTTP/1.1" 200 -
[2025-07-23 01:51:17,603] INFO - 127.0.0.1 - - [23/Jul/2025 01:51:17] "[36mGET /static/styles.css HTTP/1.1[0m" 304 -
[2025-07-23 01:51:17,604] INFO - 127.0.0.1 - - [23/Jul/2025 01:51:17] "[36mGET /static/main.js HTTP/1.1[0m" 304 -
[2025-07-23 01:51:19,577] INFO - 127.0.0.1 - - [23/Jul/2025 01:51:19] "[36mGET /static/manifest.json HTTP/1.1[0m" 304 -
[2025-07-23 01:51:26,304] INFO - 127.0.0.1 - - [23/Jul/2025 01:51:26] "[31m[1mPOST /dashboard/api/accounts HTTP/1.1[0m" 400 -
[2025-07-23 01:51:31,377] INFO - 127.0.0.1 - - [23/Jul/2025 01:51:31] "[31m[1mPOST /dashboard/api/accounts HTTP/1.1[0m" 400 -
[2025-07-23 01:51:34,787] INFO - 127.0.0.1 - - [23/Jul/2025 01:51:34] "[31m[1mPOST /dashboard/api/accounts HTTP/1.1[0m" 400 -
[2025-07-23 01:51:37,205] INFO - 127.0.0.1 - - [23/Jul/2025 01:51:37] "[31m[1mPOST /dashboard/api/accounts HTTP/1.1[0m" 400 -
[2025-07-23 01:51:43,857] INFO - 127.0.0.1 - - [23/Jul/2025 01:51:43] "[31m[1mGET /dashboard/api/bots?search=1 HTTP/1.1[0m" 422 -
[2025-07-23 01:51:45,086] INFO - 127.0.0.1 - - [23/Jul/2025 01:51:45] "[31m[1mGET /dashboard/api/bots?search=12 HTTP/1.1[0m" 422 -
[2025-07-23 01:51:45,498] INFO - 127.0.0.1 - - [23/Jul/2025 01:51:45] "[31m[1mGET /dashboard/api/bots?search=123 HTTP/1.1[0m" 422 -
[2025-07-23 01:51:46,648] INFO - 127.0.0.1 - - [23/Jul/2025 01:51:46] "[31m[1mGET /dashboard/api/bots?search=12 HTTP/1.1[0m" 422 -
[2025-07-23 01:51:47,285] INFO - 127.0.0.1 - - [23/Jul/2025 01:51:47] "[31m[1mGET /dashboard/api/bots?search=1 HTTP/1.1[0m" 422 -
[2025-07-23 01:51:48,443] INFO - 127.0.0.1 - - [23/Jul/2025 01:51:48] "[31m[1mGET /dashboard/api/bots HTTP/1.1[0m" 422 -
[2025-07-23 01:51:57,003] INFO - 127.0.0.1 - - [23/Jul/2025 01:51:57] "[35m[1mPOST /dashboard/api/groups HTTP/1.1[0m" 201 -
[2025-07-23 01:51:57,016] INFO - 127.0.0.1 - - [23/Jul/2025 01:51:57] "[31m[1mGET /dashboard/api/groups HTTP/1.1[0m" 422 -
[2025-07-23 01:52:00,181] INFO - Running job "create_app.<locals>.enqueue_sync (trigger: interval[0:01:00], next run at: 2025-07-23 01:52:00 CEST)" (scheduled at 2025-07-23 01:52:00.173420+02:00)
[2025-07-23 01:52:04,257] WARNING - Redis unavailable, deferring sync
[2025-07-23 01:52:04,276] INFO - Job "create_app.<locals>.enqueue_sync (trigger: interval[0:01:00], next run at: 2025-07-23 01:53:00 CEST)" executed successfully
[2025-07-23 01:52:16,634] INFO - 127.0.0.1 - - [23/Jul/2025 01:52:16] "[35m[1mPOST /dashboard/api/accounts HTTP/1.1[0m" 201 -
[2025-07-23 01:52:16,643] INFO - 127.0.0.1 - - [23/Jul/2025 01:52:16] "[31m[1mGET /dashboard/api/bots HTTP/1.1[0m" 422 -
[2025-07-23 01:52:16,644] INFO - 127.0.0.1 - - [23/Jul/2025 01:52:16] "[31m[1mGET /dashboard/api/accounts HTTP/1.1[0m" 422 -
[2025-07-23 01:52:18,346] WARNING - Redis unavailable, deferring sync
[2025-07-23 01:52:19,818] INFO - 127.0.0.1 - - [23/Jul/2025 01:52:19] "[31m[1mGET /dashboard/api/bots?search=1 HTTP/1.1[0m" 422 -
[2025-07-23 01:52:21,286] INFO - 127.0.0.1 - - [23/Jul/2025 01:52:21] "[31m[1mGET /dashboard/api/bots?search=1 HTTP/1.1[0m" 422 -
[2025-07-23 01:52:23,321] INFO - 127.0.0.1 - - [23/Jul/2025 01:52:23] "[31m[1mGET /dashboard/api/bots?search=qwe HTTP/1.1[0m" 422 -
[2025-07-23 01:52:23,745] INFO - 127.0.0.1 - - [23/Jul/2025 01:52:23] "[31m[1mGET /dashboard/api/bots?search=qwer HTTP/1.1[0m" 422 -
[2025-07-23 01:52:32,434] WARNING - Redis unavailable, deferring sync
[2025-07-23 01:52:46,510] WARNING - Redis unavailable, deferring sync
[2025-07-23 01:53:00,179] INFO - Running job "create_app.<locals>.enqueue_sync (trigger: interval[0:01:00], next run at: 2025-07-23 01:54:00 CEST)" (scheduled at 2025-07-23 01:53:00.173420+02:00)
[2025-07-23 01:53:00,596] WARNING - Redis unavailable, deferring sync
[2025-07-23 01:53:04,240] WARNING - Redis unavailable, deferring sync
[2025-07-23 01:53:04,245] INFO - Job "create_app.<locals>.enqueue_sync (trigger: interval[0:01:00], next run at: 2025-07-23 01:54:00 CEST)" executed successfully
[2025-07-23 01:53:14,689] WARNING - Redis unavailable, deferring sync
[2025-07-23 01:53:18,338] WARNING - Redis unavailable, deferring sync
[2025-07-23 01:53:28,769] WARNING - Redis unavailable, deferring sync
[2025-07-23 01:53:32,460] WARNING - Redis unavailable, deferring sync
[2025-07-23 01:53:42,908] WARNING - Redis unavailable, deferring sync
[2025-07-23 01:53:46,540] WARNING - Redis unavailable, deferring sync
[2025-07-23 01:53:50,900] INFO - 127.0.0.1 - - [23/Jul/2025 01:53:50] "GET /dashboard HTTP/1.1" 200 -
[2025-07-23 01:53:51,011] INFO - 127.0.0.1 - - [23/Jul/2025 01:53:51] "[36mGET /static/styles.css HTTP/1.1[0m" 304 -
[2025-07-23 01:53:51,035] INFO - 127.0.0.1 - - [23/Jul/2025 01:53:51] "[36mGET /static/main.js HTTP/1.1[0m" 304 -
[2025-07-23 01:53:52,737] INFO - 127.0.0.1 - - [23/Jul/2025 01:53:52] "[36mGET /static/manifest.json HTTP/1.1[0m" 304 -
[2025-07-23 01:53:57,014] WARNING - Redis unavailable, deferring sync
[2025-07-23 01:54:00,177] INFO - Running job "create_app.<locals>.enqueue_sync (trigger: interval[0:01:00], next run at: 2025-07-23 01:55:00 CEST)" (scheduled at 2025-07-23 01:54:00.173420+02:00)
[2025-07-23 01:54:00,623] WARNING - Redis unavailable, deferring sync
[2025-07-23 01:54:04,260] WARNING - Redis unavailable, deferring sync
[2025-07-23 01:54:04,264] INFO - Job "create_app.<locals>.enqueue_sync (trigger: interval[0:01:00], next run at: 2025-07-23 01:55:00 CEST)" executed successfully
[2025-07-23 01:54:11,100] WARNING - Redis unavailable, deferring sync
[2025-07-23 01:54:14,705] WARNING - Redis unavailable, deferring sync
[2025-07-23 01:54:18,357] WARNING - Redis unavailable, deferring sync
[2025-07-23 01:54:25,194] WARNING - Redis unavailable, deferring sync
[2025-07-23 01:54:28,802] WARNING - Redis unavailable, deferring sync
[2025-07-23 01:54:32,454] WARNING - Redis unavailable, deferring sync
[2025-07-23 01:54:39,288] WARNING - Redis unavailable, deferring sync
[2025-07-23 01:54:42,882] WARNING - Redis unavailable, deferring sync
[2025-07-23 01:54:46,543] WARNING - Redis unavailable, deferring sync
[2025-07-23 01:54:53,391] WARNING - Redis unavailable, deferring sync
[2025-07-23 01:54:56,985] WARNING - Redis unavailable, deferring sync
[2025-07-23 01:55:00,186] INFO - Running job "create_app.<locals>.enqueue_sync (trigger: interval[0:01:00], next run at: 2025-07-23 01:56:00 CEST)" (scheduled at 2025-07-23 01:55:00.173420+02:00)
[2025-07-23 01:55:00,640] WARNING - Redis unavailable, deferring sync
[2025-07-23 01:55:04,245] WARNING - Redis unavailable, deferring sync
[2025-07-23 01:55:04,249] INFO - Job "create_app.<locals>.enqueue_sync (trigger: interval[0:01:00], next run at: 2025-07-23 01:56:00 CEST)" executed successfully
[2025-07-23 01:55:07,473] WARNING - Redis unavailable, deferring sync
[2025-07-23 01:55:11,078] WARNING - Redis unavailable, deferring sync
[2025-07-23 01:55:14,723] WARNING - Redis unavailable, deferring sync
[2025-07-23 01:55:18,353] WARNING - Redis unavailable, deferring sync
[2025-07-23 01:55:21,529] WARNING - Redis unavailable, deferring sync
[2025-07-23 01:55:25,238] WARNING - Redis unavailable, deferring sync
[2025-07-23 01:55:28,826] WARNING - Redis unavailable, deferring sync
[2025-07-23 01:55:32,444] WARNING - Redis unavailable, deferring sync
[2025-07-23 01:55:35,631] WARNING - Redis unavailable, deferring sync
[2025-07-23 01:55:39,347] WARNING - Redis unavailable, deferring sync
[2025-07-23 01:55:42,922] WARNING - Redis unavailable, deferring sync
[2025-07-23 01:55:46,537] WARNING - Redis unavailable, deferring sync
[2025-07-23 01:55:49,712] WARNING - Redis unavailable, deferring sync
[2025-07-23 01:55:53,435] WARNING - Redis unavailable, deferring sync
[2025-07-23 01:55:57,007] WARNING - Redis unavailable, deferring sync
[2025-07-23 01:56:00,182] INFO - Running job "create_app.<locals>.enqueue_sync (trigger: interval[0:01:00], next run at: 2025-07-23 01:57:00 CEST)" (scheduled at 2025-07-23 01:56:00.173420+02:00)
[2025-07-23 01:56:00,661] WARNING - Redis unavailable, deferring sync
[2025-07-23 01:56:03,808] WARNING - Redis unavailable, deferring sync
[2025-07-23 01:56:04,275] WARNING - Redis unavailable, deferring sync
[2025-07-23 01:56:04,279] INFO - Job "create_app.<locals>.enqueue_sync (trigger: interval[0:01:00], next run at: 2025-07-23 01:57:00 CEST)" executed successfully
[2025-07-23 01:56:07,536] WARNING - Redis unavailable, deferring sync
[2025-07-23 01:56:11,135] WARNING - Redis unavailable, deferring sync
[2025-07-23 01:56:14,737] WARNING - Redis unavailable, deferring sync
[2025-07-23 01:56:17,886] WARNING - Redis unavailable, deferring sync
[2025-07-23 01:56:18,385] WARNING - Redis unavailable, deferring sync
[2025-07-23 01:56:21,597] WARNING - Redis unavailable, deferring sync
[2025-07-23 01:56:25,213] WARNING - Redis unavailable, deferring sync
[2025-07-23 01:56:28,824] WARNING - Redis unavailable, deferring sync
[2025-07-23 01:56:32,011] WARNING - Redis unavailable, deferring sync
[2025-07-23 01:56:32,476] WARNING - Redis unavailable, deferring sync
[2025-07-23 01:56:35,743] WARNING - Redis unavailable, deferring sync
[2025-07-23 01:56:39,294] WARNING - Redis unavailable, deferring sync
[2025-07-23 01:56:42,916] WARNING - Redis unavailable, deferring sync
[2025-07-23 01:56:46,081] WARNING - Redis unavailable, deferring sync
[2025-07-23 01:56:46,535] WARNING - Redis unavailable, deferring sync
[2025-07-23 01:56:49,788] WARNING - Redis unavailable, deferring sync
[2025-07-23 01:56:53,374] WARNING - Redis unavailable, deferring sync
[2025-07-23 01:56:57,012] WARNING - Redis unavailable, deferring sync
[2025-07-23 01:57:00,176] INFO - Running job "create_app.<locals>.enqueue_sync (trigger: interval[0:01:00], next run at: 2025-07-23 01:58:00 CEST)" (scheduled at 2025-07-23 01:57:00.173420+02:00)
[2025-07-23 01:57:00,345] WARNING - Redis unavailable, deferring sync
[2025-07-23 01:57:00,672] WARNING - Redis unavailable, deferring sync
[2025-07-23 01:57:03,890] WARNING - Redis unavailable, deferring sync
[2025-07-23 01:57:04,345] WARNING - Redis unavailable, deferring sync
[2025-07-23 01:57:04,379] INFO - Job "create_app.<locals>.enqueue_sync (trigger: interval[0:01:00], next run at: 2025-07-23 01:58:00 CEST)" executed successfully
[2025-07-23 01:57:07,472] WARNING - Redis unavailable, deferring sync
[2025-07-23 01:57:11,121] WARNING - Redis unavailable, deferring sync
[2025-07-23 01:57:14,849] WARNING - Redis unavailable, deferring sync
[2025-07-23 01:57:15,147] WARNING - Redis unavailable, deferring sync
[2025-07-23 01:57:17,941] WARNING - Redis unavailable, deferring sync
[2025-07-23 01:57:18,442] WARNING - Redis unavailable, deferring sync
[2025-07-23 01:57:21,567] WARNING - Redis unavailable, deferring sync
[2025-07-23 01:57:25,190] WARNING - Redis unavailable, deferring sync
[2025-07-23 01:57:28,947] WARNING - Redis unavailable, deferring sync
[2025-07-23 01:57:29,227] WARNING - Redis unavailable, deferring sync
[2025-07-23 01:57:32,028] WARNING - Redis unavailable, deferring sync
[2025-07-23 01:57:32,943] WARNING - Redis unavailable, deferring sync
[2025-07-23 01:57:36,287] WARNING - Redis unavailable, deferring sync
[2025-07-23 01:57:39,761] WARNING - Redis unavailable, deferring sync
[2025-07-23 01:57:43,383] WARNING - Redis unavailable, deferring sync
[2025-07-23 01:57:43,728] WARNING - Redis unavailable, deferring sync
[2025-07-23 01:57:46,125] WARNING - Redis unavailable, deferring sync
[2025-07-23 01:57:47,055] WARNING - Redis unavailable, deferring sync
[2025-07-23 01:57:50,391] WARNING - Redis unavailable, deferring sync
[2025-07-23 01:57:53,836] WARNING - Redis unavailable, deferring sync
[2025-07-23 01:57:57,474] WARNING - Redis unavailable, deferring sync
[2025-07-23 01:57:57,803] WARNING - Redis unavailable, deferring sync
[2025-07-23 01:58:00,178] INFO - Running job "create_app.<locals>.enqueue_sync (trigger: interval[0:01:00], next run at: 2025-07-23 01:59:00 CEST)" (scheduled at 2025-07-23 01:58:00.173420+02:00)
[2025-07-23 01:58:00,209] WARNING - Redis unavailable, deferring sync
[2025-07-23 01:58:01,136] WARNING - Redis unavailable, deferring sync
[2025-07-23 01:58:04,250] WARNING - Redis unavailable, deferring sync
[2025-07-23 01:58:04,254] INFO - Job "create_app.<locals>.enqueue_sync (trigger: interval[0:01:00], next run at: 2025-07-23 01:59:00 CEST)" executed successfully
[2025-07-23 01:58:04,470] WARNING - Redis unavailable, deferring sync
[2025-07-23 01:58:07,930] WARNING - Redis unavailable, deferring sync
[2025-07-23 01:58:11,574] WARNING - Redis unavailable, deferring sync
[2025-07-23 01:58:11,931] WARNING - Redis unavailable, deferring sync
[2025-07-23 01:58:14,308] WARNING - Redis unavailable, deferring sync
[2025-07-23 01:58:15,256] WARNING - Redis unavailable, deferring sync
[2025-07-23 01:58:18,352] WARNING - Redis unavailable, deferring sync
[2025-07-23 01:58:18,569] WARNING - Redis unavailable, deferring sync
[2025-07-23 01:58:22,035] WARNING - Redis unavailable, deferring sync
[2025-07-23 01:58:25,677] WARNING - Redis unavailable, deferring sync
[2025-07-23 01:58:26,018] WARNING - Redis unavailable, deferring sync
[2025-07-23 01:58:28,469] WARNING - Redis unavailable, deferring sync
[2025-07-23 01:58:29,363] WARNING - Redis unavailable, deferring sync
[2025-07-23 01:58:32,449] WARNING - Redis unavailable, deferring sync
[2025-07-23 01:58:32,669] WARNING - Redis unavailable, deferring sync
[2025-07-23 01:58:36,151] WARNING - Redis unavailable, deferring sync
[2025-07-23 01:58:39,783] WARNING - Redis unavailable, deferring sync
[2025-07-23 01:58:40,123] WARNING - Redis unavailable, deferring sync
[2025-07-23 01:58:42,561] WARNING - Redis unavailable, deferring sync
[2025-07-23 01:58:43,434] WARNING - Redis unavailable, deferring sync
[2025-07-23 01:58:46,548] WARNING - Redis unavailable, deferring sync
[2025-07-23 01:58:46,782] WARNING - Redis unavailable, deferring sync
[2025-07-23 01:58:50,241] WARNING - Redis unavailable, deferring sync
[2025-07-23 01:58:53,838] WARNING - Redis unavailable, deferring sync
[2025-07-23 01:58:54,229] WARNING - Redis unavailable, deferring sync
[2025-07-23 01:58:56,641] WARNING - Redis unavailable, deferring sync
[2025-07-23 01:58:57,551] WARNING - Redis unavailable, deferring sync
[2025-07-23 01:59:00,181] INFO - Running job "create_app.<locals>.enqueue_sync (trigger: interval[0:01:00], next run at: 2025-07-23 02:00:00 CEST)" (scheduled at 2025-07-23 01:59:00.173420+02:00)
[2025-07-23 01:59:00,665] WARNING - Redis unavailable, deferring sync
[2025-07-23 01:59:00,880] WARNING - Redis unavailable, deferring sync
[2025-07-23 01:59:04,257] WARNING - Redis unavailable, deferring sync
[2025-07-23 01:59:04,261] INFO - Job "create_app.<locals>.enqueue_sync (trigger: interval[0:01:00], next run at: 2025-07-23 02:00:00 CEST)" executed successfully
[2025-07-23 01:59:04,332] WARNING - Redis unavailable, deferring sync
[2025-07-23 01:59:07,910] WARNING - Redis unavailable, deferring sync
[2025-07-23 01:59:08,314] WARNING - Redis unavailable, deferring sync
[2025-07-23 01:59:10,730] WARNING - Redis unavailable, deferring sync
[2025-07-23 01:59:11,698] WARNING - Redis unavailable, deferring sync
[2025-07-23 01:59:14,769] WARNING - Redis unavailable, deferring sync
[2025-07-23 01:59:14,985] WARNING - Redis unavailable, deferring sync
[2025-07-23 01:59:18,343] WARNING - Redis unavailable, deferring sync
[2025-07-23 01:59:18,421] WARNING - Redis unavailable, deferring sync
[2025-07-23 01:59:22,006] WARNING - Redis unavailable, deferring sync
[2025-07-23 01:59:22,396] WARNING - Redis unavailable, deferring sync
[2025-07-23 01:59:24,835] WARNING - Redis unavailable, deferring sync
[2025-07-23 01:59:25,776] WARNING - Redis unavailable, deferring sync
[2025-07-23 01:59:28,857] WARNING - Redis unavailable, deferring sync
[2025-07-23 01:59:29,073] WARNING - Redis unavailable, deferring sync
[2025-07-23 01:59:32,469] WARNING - Redis unavailable, deferring sync
[2025-07-23 01:59:32,515] WARNING - Redis unavailable, deferring sync
[2025-07-23 01:59:36,112] WARNING - Redis unavailable, deferring sync
[2025-07-23 01:59:36,511] WARNING - Redis unavailable, deferring sync
[2025-07-23 01:59:38,942] WARNING - Redis unavailable, deferring sync
[2025-07-23 01:59:39,868] WARNING - Redis unavailable, deferring sync
[2025-07-23 01:59:42,947] WARNING - Redis unavailable, deferring sync
[2025-07-23 01:59:43,162] WARNING - Redis unavailable, deferring sync
[2025-07-23 01:59:46,560] WARNING - Redis unavailable, deferring sync
[2025-07-23 01:59:46,590] WARNING - Redis unavailable, deferring sync
[2025-07-23 01:59:50,219] WARNING - Redis unavailable, deferring sync
[2025-07-23 01:59:50,604] WARNING - Redis unavailable, deferring sync
[2025-07-23 01:59:53,061] WARNING - Redis unavailable, deferring sync
[2025-07-23 01:59:54,376] WARNING - Redis unavailable, deferring sync
[2025-07-23 01:59:57,035] WARNING - Redis unavailable, deferring sync
[2025-07-23 01:59:57,274] WARNING - Redis unavailable, deferring sync
[2025-07-23 02:00:00,178] INFO - Running job "create_app.<locals>.enqueue_sync (trigger: interval[0:01:00], next run at: 2025-07-23 02:01:00 CEST)" (scheduled at 2025-07-23 02:00:00.173420+02:00)
[2025-07-23 02:00:00,649] WARNING - Redis unavailable, deferring sync
[2025-07-23 02:00:00,671] WARNING - Redis unavailable, deferring sync
[2025-07-23 02:00:04,259] WARNING - Redis unavailable, deferring sync
[2025-07-23 02:00:04,263] INFO - Job "create_app.<locals>.enqueue_sync (trigger: interval[0:01:00], next run at: 2025-07-23 02:01:00 CEST)" executed successfully
[2025-07-23 02:00:04,317] WARNING - Redis unavailable, deferring sync
[2025-07-23 02:00:04,696] WARNING - Redis unavailable, deferring sync
[2025-07-23 02:00:07,140] WARNING - Redis unavailable, deferring sync
[2025-07-23 02:00:08,479] WARNING - Redis unavailable, deferring sync
[2025-07-23 02:00:11,127] WARNING - Redis unavailable, deferring sync
[2025-07-23 02:00:11,359] WARNING - Redis unavailable, deferring sync
[2025-07-23 02:00:14,736] WARNING - Redis unavailable, deferring sync
[2025-07-23 02:00:14,752] WARNING - Redis unavailable, deferring sync
[2025-07-23 02:00:18,343] WARNING - Redis unavailable, deferring sync
[2025-07-23 02:00:18,401] WARNING - Redis unavailable, deferring sync
[2025-07-23 02:00:18,768] WARNING - Redis unavailable, deferring sync
[2025-07-23 02:00:21,196] WARNING - Redis unavailable, deferring sync
[2025-07-23 02:00:22,570] WARNING - Redis unavailable, deferring sync
[2025-07-23 02:00:25,199] WARNING - Redis unavailable, deferring sync
[2025-07-23 02:00:25,435] WARNING - Redis unavailable, deferring sync
[2025-07-23 02:00:28,849] WARNING - Redis unavailable, deferring sync
[2025-07-23 02:00:28,864] WARNING - Redis unavailable, deferring sync
[2025-07-23 02:00:32,443] WARNING - Redis unavailable, deferring sync
[2025-07-23 02:00:32,489] WARNING - Redis unavailable, deferring sync
[2025-07-23 02:00:32,859] WARNING - Redis unavailable, deferring sync
[2025-07-23 02:00:35,294] WARNING - Redis unavailable, deferring sync
[2025-07-23 02:00:36,663] WARNING - Redis unavailable, deferring sync
[2025-07-23 02:00:39,271] WARNING - Redis unavailable, deferring sync
[2025-07-23 02:00:39,513] WARNING - Redis unavailable, deferring sync
[2025-07-23 02:00:42,934] WARNING - Redis unavailable, deferring sync
[2025-07-23 02:00:42,935] WARNING - Redis unavailable, deferring sync
[2025-07-23 02:00:46,535] WARNING - Redis unavailable, deferring sync
[2025-07-23 02:00:46,566] WARNING - Redis unavailable, deferring sync
[2025-07-23 02:00:46,947] WARNING - Redis unavailable, deferring sync
[2025-07-23 02:00:49,406] WARNING - Redis unavailable, deferring sync
[2025-07-23 02:00:50,763] WARNING - Redis unavailable, deferring sync
[2025-07-23 02:00:53,431] WARNING - Redis unavailable, deferring sync
[2025-07-23 02:00:53,619] WARNING - Redis unavailable, deferring sync
[2025-07-23 02:00:57,028] WARNING - Redis unavailable, deferring sync
[2025-07-23 02:00:57,031] WARNING - Redis unavailable, deferring sync
[2025-07-23 02:01:00,178] INFO - Running job "create_app.<locals>.enqueue_sync (trigger: interval[0:01:00], next run at: 2025-07-23 02:02:00 CEST)" (scheduled at 2025-07-23 02:01:00.173420+02:00)
[2025-07-23 02:01:00,630] WARNING - Redis unavailable, deferring sync
[2025-07-23 02:01:00,662] WARNING - Redis unavailable, deferring sync
[2025-07-23 02:01:01,050] WARNING - Redis unavailable, deferring sync
[2025-07-23 02:01:03,496] WARNING - Redis unavailable, deferring sync
[2025-07-23 02:01:04,254] WARNING - Redis unavailable, deferring sync
[2025-07-23 02:01:04,258] INFO - Job "create_app.<locals>.enqueue_sync (trigger: interval[0:01:00], next run at: 2025-07-23 02:02:00 CEST)" executed successfully
[2025-07-23 02:01:04,843] WARNING - Redis unavailable, deferring sync
[2025-07-23 02:01:07,541] WARNING - Redis unavailable, deferring sync
[2025-07-23 02:01:07,728] WARNING - Redis unavailable, deferring sync
[2025-07-23 02:01:11,124] WARNING - Redis unavailable, deferring sync
[2025-07-23 02:01:11,125] WARNING - Redis unavailable, deferring sync
[2025-07-23 02:01:14,732] WARNING - Redis unavailable, deferring sync
[2025-07-23 02:01:14,764] WARNING - Redis unavailable, deferring sync
[2025-07-23 02:01:15,149] WARNING - Redis unavailable, deferring sync
[2025-07-23 02:01:17,591] WARNING - Redis unavailable, deferring sync
[2025-07-23 02:01:18,338] WARNING - Redis unavailable, deferring sync
[2025-07-23 02:01:18,943] WARNING - Redis unavailable, deferring sync
[2025-07-23 02:01:21,619] WARNING - Redis unavailable, deferring sync
[2025-07-23 02:01:21,835] WARNING - Redis unavailable, deferring sync
[2025-07-23 02:01:25,215] WARNING - Redis unavailable, deferring sync
[2025-07-23 02:01:25,215] WARNING - Redis unavailable, deferring sync
[2025-07-23 02:01:28,813] WARNING - Redis unavailable, deferring sync
[2025-07-23 02:01:28,826] WARNING - Redis unavailable, deferring sync
[2025-07-23 02:01:29,235] WARNING - Redis unavailable, deferring sync
[2025-07-23 02:01:31,650] WARNING - Redis unavailable, deferring sync
[2025-07-23 02:01:32,434] WARNING - Redis unavailable, deferring sync
[2025-07-23 02:01:33,008] WARNING - Redis unavailable, deferring sync
[2025-07-23 02:01:35,712] WARNING - Redis unavailable, deferring sync
[2025-07-23 02:01:35,922] WARNING - Redis unavailable, deferring sync
[2025-07-23 02:01:39,394] WARNING - Redis unavailable, deferring sync
[2025-07-23 02:01:39,395] WARNING - Redis unavailable, deferring sync
[2025-07-23 02:01:42,964] WARNING - Redis unavailable, deferring sync
[2025-07-23 02:01:42,979] WARNING - Redis unavailable, deferring sync
[2025-07-23 02:01:43,371] WARNING - Redis unavailable, deferring sync
[2025-07-23 02:01:45,754] WARNING - Redis unavailable, deferring sync
[2025-07-23 02:01:46,537] WARNING - Redis unavailable, deferring sync
[2025-07-23 02:01:47,156] WARNING - Redis unavailable, deferring sync
[2025-07-23 02:01:49,808] WARNING - Redis unavailable, deferring sync
[2025-07-23 02:01:50,025] WARNING - Redis unavailable, deferring sync
[2025-07-23 02:01:53,502] WARNING - Redis unavailable, deferring sync
[2025-07-23 02:01:53,502] WARNING - Redis unavailable, deferring sync
[2025-07-23 02:01:57,084] WARNING - Redis unavailable, deferring sync
[2025-07-23 02:01:57,175] WARNING - Redis unavailable, deferring sync
[2025-07-23 02:01:57,439] WARNING - Redis unavailable, deferring sync
[2025-07-23 02:01:59,849] WARNING - Redis unavailable, deferring sync
[2025-07-23 02:02:00,176] INFO - Running job "create_app.<locals>.enqueue_sync (trigger: interval[0:01:00], next run at: 2025-07-23 02:03:00 CEST)" (scheduled at 2025-07-23 02:02:00.173420+02:00)
[2025-07-23 02:02:00,639] WARNING - Redis unavailable, deferring sync
[2025-07-23 02:02:01,280] WARNING - Redis unavailable, deferring sync
[2025-07-23 02:02:03,896] WARNING - Redis unavailable, deferring sync
[2025-07-23 02:02:04,112] WARNING - Redis unavailable, deferring sync
[2025-07-23 02:02:04,251] WARNING - Redis unavailable, deferring sync
[2025-07-23 02:02:04,254] INFO - Job "create_app.<locals>.enqueue_sync (trigger: interval[0:01:00], next run at: 2025-07-23 02:03:00 CEST)" executed successfully
[2025-07-23 02:02:07,599] WARNING - Redis unavailable, deferring sync
[2025-07-23 02:02:07,599] WARNING - Redis unavailable, deferring sync
[2025-07-23 02:02:11,155] WARNING - Redis unavailable, deferring sync
[2025-07-23 02:02:11,266] WARNING - Redis unavailable, deferring sync
[2025-07-23 02:02:11,544] WARNING - Redis unavailable, deferring sync
[2025-07-23 02:02:13,954] WARNING - Redis unavailable, deferring sync
[2025-07-23 02:02:14,732] WARNING - Redis unavailable, deferring sync
[2025-07-23 02:02:15,370] WARNING - Redis unavailable, deferring sync
[2025-07-23 02:02:17,987] WARNING - Redis unavailable, deferring sync
[2025-07-23 02:02:18,197] WARNING - Redis unavailable, deferring sync
[2025-07-23 02:02:18,345] WARNING - Redis unavailable, deferring sync
[2025-07-23 02:02:21,677] WARNING - Redis unavailable, deferring sync
[2025-07-23 02:02:21,882] WARNING - Redis unavailable, deferring sync
[2025-07-23 02:02:25,658] WARNING - Redis unavailable, deferring sync
[2025-07-23 02:02:25,689] WARNING - Redis unavailable, deferring sync
[2025-07-23 02:02:25,973] WARNING - Redis unavailable, deferring sync
[2025-07-23 02:02:28,270] WARNING - Redis unavailable, deferring sync
[2025-07-23 02:02:29,286] WARNING - Redis unavailable, deferring sync
[2025-07-23 02:02:29,796] WARNING - Redis unavailable, deferring sync
[2025-07-23 02:02:32,079] WARNING - Redis unavailable, deferring sync
[2025-07-23 02:02:32,269] WARNING - Redis unavailable, deferring sync
[2025-07-23 02:02:32,443] WARNING - Redis unavailable, deferring sync
[2025-07-23 02:02:36,019] WARNING - Redis unavailable, deferring sync
[2025-07-23 02:02:36,112] WARNING - Redis unavailable, deferring sync
[2025-07-23 02:02:39,758] WARNING - Redis unavailable, deferring sync
[2025-07-23 02:02:39,820] WARNING - Redis unavailable, deferring sync
[2025-07-23 02:02:40,100] WARNING - Redis unavailable, deferring sync
[2025-07-23 02:02:42,369] WARNING - Redis unavailable, deferring sync
[2025-07-23 02:02:43,356] WARNING - Redis unavailable, deferring sync
[2025-07-23 02:02:43,867] WARNING - Redis unavailable, deferring sync
[2025-07-23 02:02:46,170] WARNING - Redis unavailable, deferring sync
[2025-07-23 02:02:46,357] WARNING - Redis unavailable, deferring sync
[2025-07-23 02:02:46,542] WARNING - Redis unavailable, deferring sync
[2025-07-23 02:02:50,124] WARNING - Redis unavailable, deferring sync
[2025-07-23 02:02:50,198] WARNING - Redis unavailable, deferring sync
[2025-07-23 02:02:53,851] WARNING - Redis unavailable, deferring sync
[2025-07-23 02:02:53,910] WARNING - Redis unavailable, deferring sync
[2025-07-23 02:02:54,193] WARNING - Redis unavailable, deferring sync
[2025-07-23 02:02:56,467] WARNING - Redis unavailable, deferring sync
[2025-07-23 02:02:57,421] WARNING - Redis unavailable, deferring sync
[2025-07-23 02:02:57,952] WARNING - Redis unavailable, deferring sync
[2025-07-23 02:03:00,181] INFO - Running job "create_app.<locals>.enqueue_sync (trigger: interval[0:01:00], next run at: 2025-07-23 02:04:00 CEST)" (scheduled at 2025-07-23 02:03:00.173420+02:00)
[2025-07-23 02:03:00,280] WARNING - Redis unavailable, deferring sync
[2025-07-23 02:03:00,440] WARNING - Redis unavailable, deferring sync
[2025-07-23 02:03:00,647] WARNING - Redis unavailable, deferring sync
[2025-07-23 02:03:04,198] WARNING - Redis unavailable, deferring sync
[2025-07-23 02:03:04,245] WARNING - Redis unavailable, deferring sync
[2025-07-23 02:03:04,249] INFO - Job "create_app.<locals>.enqueue_sync (trigger: interval[0:01:00], next run at: 2025-07-23 02:04:00 CEST)" executed successfully
[2025-07-23 02:03:04,292] WARNING - Redis unavailable, deferring sync
[2025-07-23 02:03:07,962] WARNING - Redis unavailable, deferring sync
[2025-07-23 02:03:07,994] WARNING - Redis unavailable, deferring sync
[2025-07-23 02:03:08,283] WARNING - Redis unavailable, deferring sync
[2025-07-23 02:03:10,558] WARNING - Redis unavailable, deferring sync
[2025-07-23 02:03:11,525] WARNING - Redis unavailable, deferring sync
[2025-07-23 02:03:12,045] WARNING - Redis unavailable, deferring sync
[2025-07-23 02:03:14,357] WARNING - Redis unavailable, deferring sync
[2025-07-23 02:03:14,540] WARNING - Redis unavailable, deferring sync
[2025-07-23 02:03:14,729] WARNING - Redis unavailable, deferring sync
[2025-07-23 02:03:18,300] WARNING - Redis unavailable, deferring sync
[2025-07-23 02:03:18,346] WARNING - Redis unavailable, deferring sync
[2025-07-23 02:03:18,425] WARNING - Redis unavailable, deferring sync
[2025-07-23 02:03:22,049] WARNING - Redis unavailable, deferring sync
[2025-07-23 02:03:22,080] WARNING - Redis unavailable, deferring sync
[2025-07-23 02:03:22,367] WARNING - Redis unavailable, deferring sync
[2025-07-23 02:03:24,642] WARNING - Redis unavailable, deferring sync
[2025-07-23 02:03:25,590] WARNING - Redis unavailable, deferring sync
[2025-07-23 02:03:26,135] WARNING - Redis unavailable, deferring sync
[2025-07-23 02:03:28,453] WARNING - Redis unavailable, deferring sync
[2025-07-23 02:03:28,635] WARNING - Redis unavailable, deferring sync
[2025-07-23 02:03:28,804] WARNING - Redis unavailable, deferring sync
[2025-07-23 02:03:32,460] WARNING - Redis unavailable, deferring sync
[2025-07-23 02:03:32,633] WARNING - Redis unavailable, deferring sync
[2025-07-23 02:03:32,900] WARNING - Redis unavailable, deferring sync
[2025-07-23 02:03:36,591] WARNING - Redis unavailable, deferring sync
[2025-07-23 02:03:36,747] WARNING - Redis unavailable, deferring sync
[2025-07-23 02:03:37,104] WARNING - Redis unavailable, deferring sync
[2025-07-23 02:03:38,940] WARNING - Redis unavailable, deferring sync
[2025-07-23 02:03:39,857] WARNING - Redis unavailable, deferring sync
[2025-07-23 02:03:40,248] WARNING - Redis unavailable, deferring sync
[2025-07-23 02:03:42,603] WARNING - Redis unavailable, deferring sync
[2025-07-23 02:03:42,767] WARNING - Redis unavailable, deferring sync
[2025-07-23 02:03:42,983] WARNING - Redis unavailable, deferring sync
[2025-07-23 02:03:46,733] WARNING - Redis unavailable, deferring sync
[2025-07-23 02:03:46,873] WARNING - Redis unavailable, deferring sync
[2025-07-23 02:03:47,045] WARNING - Redis unavailable, deferring sync
[2025-07-23 02:03:50,699] WARNING - Redis unavailable, deferring sync
[2025-07-23 02:03:50,856] WARNING - Redis unavailable, deferring sync
[2025-07-23 02:03:51,207] WARNING - Redis unavailable, deferring sync
[2025-07-23 02:03:53,050] WARNING - Redis unavailable, deferring sync
[2025-07-23 02:03:53,948] WARNING - Redis unavailable, deferring sync
[2025-07-23 02:03:54,379] WARNING - Redis unavailable, deferring sync
[2025-07-23 02:03:56,702] WARNING - Redis unavailable, deferring sync
[2025-07-23 02:03:56,872] WARNING - Redis unavailable, deferring sync
[2025-07-23 02:03:57,069] WARNING - Redis unavailable, deferring sync
[2025-07-23 02:04:00,180] INFO - Running job "create_app.<locals>.enqueue_sync (trigger: interval[0:01:00], next run at: 2025-07-23 02:05:00 CEST)" (scheduled at 2025-07-23 02:04:00.173420+02:00)
[2025-07-23 02:04:00,793] WARNING - Redis unavailable, deferring sync
[2025-07-23 02:04:00,933] WARNING - Redis unavailable, deferring sync
[2025-07-23 02:04:01,089] WARNING - Redis unavailable, deferring sync
[2025-07-23 02:04:04,233] WARNING - Redis unavailable, deferring sync
[2025-07-23 02:04:04,281] INFO - Job "create_app.<locals>.enqueue_sync (trigger: interval[0:01:00], next run at: 2025-07-23 02:05:00 CEST)" executed successfully
[2025-07-23 02:04:04,949] WARNING - Redis unavailable, deferring sync
[2025-07-23 02:04:05,044] WARNING - Redis unavailable, deferring sync
[2025-07-23 02:04:05,266] WARNING - Redis unavailable, deferring sync
[2025-07-23 02:04:07,100] WARNING - Redis unavailable, deferring sync
[2025-07-23 02:04:08,110] WARNING - Redis unavailable, deferring sync
[2025-07-23 02:04:08,641] WARNING - Redis unavailable, deferring sync
[2025-07-23 02:04:11,079] WARNING - Redis unavailable, deferring sync
[2025-07-23 02:04:11,410] WARNING - Redis unavailable, deferring sync
[2025-07-23 02:04:11,535] WARNING - Redis unavailable, deferring sync
[2025-07-23 02:04:15,125] WARNING - Redis unavailable, deferring sync
[2025-07-23 02:04:15,211] WARNING - Redis unavailable, deferring sync
[2025-07-23 02:04:15,414] WARNING - Redis unavailable, deferring sync
[2025-07-23 02:04:18,337] WARNING - Redis unavailable, deferring sync
[2025-07-23 02:04:19,096] WARNING - Redis unavailable, deferring sync
[2025-07-23 02:04:19,225] WARNING - Redis unavailable, deferring sync
[2025-07-23 02:04:19,504] WARNING - Redis unavailable, deferring sync
[2025-07-23 02:04:21,409] WARNING - Redis unavailable, deferring sync
[2025-07-23 02:04:22,264] WARNING - Redis unavailable, deferring sync
[2025-07-23 02:04:22,793] WARNING - Redis unavailable, deferring sync
[2025-07-23 02:04:25,240] WARNING - Redis unavailable, deferring sync
[2025-07-23 02:04:25,503] WARNING - Redis unavailable, deferring sync
[2025-07-23 02:04:25,643] WARNING - Redis unavailable, deferring sync
[2025-07-23 02:04:29,223] WARNING - Redis unavailable, deferring sync
[2025-07-23 02:04:29,285] WARNING - Redis unavailable, deferring sync
[2025-07-23 02:04:29,504] WARNING - Redis unavailable, deferring sync
[2025-07-23 02:04:32,420] WARNING - Redis unavailable, deferring sync
[2025-07-23 02:04:33,212] WARNING - Redis unavailable, deferring sync
[2025-07-23 02:04:33,305] WARNING - Redis unavailable, deferring sync
[2025-07-23 02:04:33,615] WARNING - Redis unavailable, deferring sync
[2025-07-23 02:04:35,498] WARNING - Redis unavailable, deferring sync
[2025-07-23 02:04:36,370] WARNING - Redis unavailable, deferring sync
[2025-07-23 02:04:36,895] WARNING - Redis unavailable, deferring sync
[2025-07-23 02:04:39,282] WARNING - Redis unavailable, deferring sync
[2025-07-23 02:04:39,585] WARNING - Redis unavailable, deferring sync
[2025-07-23 02:04:39,726] WARNING - Redis unavailable, deferring sync
[2025-07-23 02:04:43,341] WARNING - Redis unavailable, deferring sync
[2025-07-23 02:04:43,387] WARNING - Redis unavailable, deferring sync
[2025-07-23 02:04:43,616] WARNING - Redis unavailable, deferring sync
[2025-07-23 02:04:46,556] WARNING - Redis unavailable, deferring sync
[2025-07-23 02:04:47,314] WARNING - Redis unavailable, deferring sync
[2025-07-23 02:04:47,391] WARNING - Redis unavailable, deferring sync
[2025-07-23 02:04:47,707] WARNING - Redis unavailable, deferring sync
[2025-07-23 02:04:49,609] WARNING - Redis unavailable, deferring sync
[2025-07-23 02:04:50,463] WARNING - Redis unavailable, deferring sync
[2025-07-23 02:04:50,989] WARNING - Redis unavailable, deferring sync
[2025-07-23 02:04:53,473] WARNING - Redis unavailable, deferring sync
[2025-07-23 02:04:53,751] WARNING - Redis unavailable, deferring sync
[2025-07-23 02:04:53,890] WARNING - Redis unavailable, deferring sync
[2025-07-23 02:04:57,429] WARNING - Redis unavailable, deferring sync
[2025-07-23 02:04:57,476] WARNING - Redis unavailable, deferring sync
[2025-07-23 02:04:57,696] WARNING - Redis unavailable, deferring sync
[2025-07-23 02:05:00,185] INFO - Running job "create_app.<locals>.enqueue_sync (trigger: interval[0:01:00], next run at: 2025-07-23 02:06:00 CEST)" (scheduled at 2025-07-23 02:05:00.173420+02:00)
[2025-07-23 02:05:00,698] WARNING - Redis unavailable, deferring sync
[2025-07-23 02:05:01,418] WARNING - Redis unavailable, deferring sync
[2025-07-23 02:05:01,480] WARNING - Redis unavailable, deferring sync
[2025-07-23 02:05:01,807] WARNING - Redis unavailable, deferring sync
[2025-07-23 02:05:03,703] WARNING - Redis unavailable, deferring sync
[2025-07-23 02:05:04,278] WARNING - Redis unavailable, deferring sync
[2025-07-23 02:05:04,283] INFO - Job "create_app.<locals>.enqueue_sync (trigger: interval[0:01:00], next run at: 2025-07-23 02:06:00 CEST)" executed successfully
[2025-07-23 02:05:04,557] WARNING - Redis unavailable, deferring sync
[2025-07-23 02:05:05,068] WARNING - Redis unavailable, deferring sync
[2025-07-23 02:05:07,573] WARNING - Redis unavailable, deferring sync
[2025-07-23 02:05:07,854] WARNING - Redis unavailable, deferring sync
[2025-07-23 02:05:07,978] WARNING - Redis unavailable, deferring sync
[2025-07-23 02:05:11,553] WARNING - Redis unavailable, deferring sync
[2025-07-23 02:05:11,645] WARNING - Redis unavailable, deferring sync
[2025-07-23 02:05:11,785] WARNING - Redis unavailable, deferring sync
[2025-07-23 02:05:14,809] WARNING - Redis unavailable, deferring sync
[2025-07-23 02:05:15,526] WARNING - Redis unavailable, deferring sync
[2025-07-23 02:05:15,573] WARNING - Redis unavailable, deferring sync
[2025-07-23 02:05:15,916] WARNING - Redis unavailable, deferring sync
[2025-07-23 02:05:17,811] WARNING - Redis unavailable, deferring sync
[2025-07-23 02:05:18,354] WARNING - Redis unavailable, deferring sync
[2025-07-23 02:05:18,704] WARNING - Redis unavailable, deferring sync
[2025-07-23 02:05:19,166] WARNING - Redis unavailable, deferring sync
[2025-07-23 02:05:21,748] WARNING - Redis unavailable, deferring sync
[2025-07-23 02:05:21,971] WARNING - Redis unavailable, deferring sync
[2025-07-23 02:05:22,064] WARNING - Redis unavailable, deferring sync
[2025-07-23 02:05:25,779] WARNING - Redis unavailable, deferring sync
[2025-07-23 02:05:25,889] WARNING - Redis unavailable, deferring sync
[2025-07-23 02:05:25,968] WARNING - Redis unavailable, deferring sync
[2025-07-23 02:05:29,570] WARNING - Redis unavailable, deferring sync
[2025-07-23 02:05:30,278] WARNING - Redis unavailable, deferring sync
[2025-07-23 02:05:30,279] WARNING - Redis unavailable, deferring sync
[2025-07-23 02:05:30,976] WARNING - Redis unavailable, deferring sync
[2025-07-23 02:05:32,882] WARNING - Redis unavailable, deferring sync
[2025-07-23 02:05:33,809] WARNING - Redis unavailable, deferring sync
[2025-07-23 02:05:33,976] WARNING - Redis unavailable, deferring sync
[2025-07-23 02:05:34,090] WARNING - Redis unavailable, deferring sync
[2025-07-23 02:05:36,630] WARNING - Redis unavailable, deferring sync
[2025-07-23 02:05:36,631] WARNING - Redis unavailable, deferring sync
[2025-07-23 02:05:36,631] WARNING - Redis unavailable, deferring sync
[2025-07-23 02:05:39,916] WARNING - Redis unavailable, deferring sync
[2025-07-23 02:05:40,023] WARNING - Redis unavailable, deferring sync
[2025-07-23 02:05:40,117] WARNING - Redis unavailable, deferring sync
[2025-07-23 02:05:43,732] WARNING - Redis unavailable, deferring sync
[2025-07-23 02:05:44,384] WARNING - Redis unavailable, deferring sync
[2025-07-23 02:05:44,384] WARNING - Redis unavailable, deferring sync
[2025-07-23 02:05:45,080] WARNING - Redis unavailable, deferring sync
[2025-07-23 02:05:46,984] WARNING - Redis unavailable, deferring sync
[2025-07-23 02:05:47,908] WARNING - Redis unavailable, deferring sync
[2025-07-23 02:05:48,065] WARNING - Redis unavailable, deferring sync
[2025-07-23 02:05:48,187] WARNING - Redis unavailable, deferring sync
[2025-07-23 02:05:50,720] WARNING - Redis unavailable, deferring sync
[2025-07-23 02:05:50,721] WARNING - Redis unavailable, deferring sync
[2025-07-23 02:05:50,721] WARNING - Redis unavailable, deferring sync
[2025-07-23 02:05:54,018] WARNING - Redis unavailable, deferring sync
[2025-07-23 02:05:54,140] WARNING - Redis unavailable, deferring sync
[2025-07-23 02:05:54,217] WARNING - Redis unavailable, deferring sync
[2025-07-23 02:05:57,849] WARNING - Redis unavailable, deferring sync
[2025-07-23 02:05:58,471] WARNING - Redis unavailable, deferring sync
[2025-07-23 02:05:58,486] WARNING - Redis unavailable, deferring sync
[2025-07-23 02:05:59,169] WARNING - Redis unavailable, deferring sync
[2025-07-23 02:06:00,182] INFO - Running job "create_app.<locals>.enqueue_sync (trigger: interval[0:01:00], next run at: 2025-07-23 02:07:00 CEST)" (scheduled at 2025-07-23 02:06:00.173420+02:00)
[2025-07-23 02:06:01,049] WARNING - Redis unavailable, deferring sync
[2025-07-23 02:06:02,000] WARNING - Redis unavailable, deferring sync
[2025-07-23 02:06:02,156] WARNING - Redis unavailable, deferring sync
[2025-07-23 02:06:02,314] WARNING - Redis unavailable, deferring sync
[2025-07-23 02:06:04,277] WARNING - Redis unavailable, deferring sync
[2025-07-23 02:06:04,281] INFO - Job "create_app.<locals>.enqueue_sync (trigger: interval[0:01:00], next run at: 2025-07-23 02:07:00 CEST)" executed successfully
[2025-07-23 02:06:04,836] WARNING - Redis unavailable, deferring sync
[2025-07-23 02:06:04,836] WARNING - Redis unavailable, deferring sync
[2025-07-23 02:06:04,836] WARNING - Redis unavailable, deferring sync
[2025-07-23 02:06:08,116] WARNING - Redis unavailable, deferring sync
[2025-07-23 02:06:08,226] WARNING - Redis unavailable, deferring sync
[2025-07-23 02:06:08,320] WARNING - Redis unavailable, deferring sync
[2025-07-23 02:06:11,967] WARNING - Redis unavailable, deferring sync
[2025-07-23 02:06:12,616] WARNING - Redis unavailable, deferring sync
[2025-07-23 02:06:12,616] WARNING - Redis unavailable, deferring sync
[2025-07-23 02:06:13,268] WARNING - Redis unavailable, deferring sync
[2025-07-23 02:06:15,155] WARNING - Redis unavailable, deferring sync
[2025-07-23 02:06:16,116] WARNING - Redis unavailable, deferring sync
[2025-07-23 02:06:16,239] WARNING - Redis unavailable, deferring sync
[2025-07-23 02:06:16,408] WARNING - Redis unavailable, deferring sync
[2025-07-23 02:06:18,369] WARNING - Redis unavailable, deferring sync
[2025-07-23 02:06:18,938] WARNING - Redis unavailable, deferring sync
[2025-07-23 02:06:18,939] WARNING - Redis unavailable, deferring sync
[2025-07-23 02:06:18,953] WARNING - Redis unavailable, deferring sync
[2025-07-23 02:06:22,199] WARNING - Redis unavailable, deferring sync
[2025-07-23 02:06:22,324] WARNING - Redis unavailable, deferring sync
[2025-07-23 02:06:22,417] WARNING - Redis unavailable, deferring sync
[2025-07-23 02:06:26,058] WARNING - Redis unavailable, deferring sync
[2025-07-23 02:06:26,885] WARNING - Redis unavailable, deferring sync
[2025-07-23 02:06:27,155] WARNING - Redis unavailable, deferring sync
[2025-07-23 02:06:27,737] WARNING - Redis unavailable, deferring sync
[2025-07-23 02:06:29,781] WARNING - Redis unavailable, deferring sync
[2025-07-23 02:06:30,459] WARNING - Redis unavailable, deferring sync
[2025-07-23 02:06:30,916] WARNING - Redis unavailable, deferring sync
[2025-07-23 02:06:31,216] WARNING - Redis unavailable, deferring sync
[2025-07-23 02:06:32,981] WARNING - Redis unavailable, deferring sync
[2025-07-23 02:06:33,359] WARNING - Redis unavailable, deferring sync
[2025-07-23 02:06:33,811] WARNING - Redis unavailable, deferring sync
[2025-07-23 02:06:33,827] WARNING - Redis unavailable, deferring sync
[2025-07-23 02:06:36,646] WARNING - Redis unavailable, deferring sync
[2025-07-23 02:06:36,860] WARNING - Redis unavailable, deferring sync
[2025-07-23 02:06:36,937] WARNING - Redis unavailable, deferring sync
[2025-07-23 02:06:40,196] WARNING - Redis unavailable, deferring sync
[2025-07-23 02:06:41,025] WARNING - Redis unavailable, deferring sync
[2025-07-23 02:06:41,324] WARNING - Redis unavailable, deferring sync
[2025-07-23 02:06:41,895] WARNING - Redis unavailable, deferring sync
[2025-07-23 02:06:43,914] WARNING - Redis unavailable, deferring sync
[2025-07-23 02:06:44,598] WARNING - Redis unavailable, deferring sync
[2025-07-23 02:06:45,094] WARNING - Redis unavailable, deferring sync
[2025-07-23 02:06:45,311] WARNING - Redis unavailable, deferring sync
[2025-07-23 02:06:47,144] WARNING - Redis unavailable, deferring sync
[2025-07-23 02:06:47,471] WARNING - Redis unavailable, deferring sync
[2025-07-23 02:06:47,907] WARNING - Redis unavailable, deferring sync
[2025-07-23 02:06:47,921] WARNING - Redis unavailable, deferring sync
[2025-07-23 02:06:50,738] WARNING - Redis unavailable, deferring sync
[2025-07-23 02:06:50,955] WARNING - Redis unavailable, deferring sync
[2025-07-23 02:06:51,032] WARNING - Redis unavailable, deferring sync
[2025-07-23 02:06:54,300] WARNING - Redis unavailable, deferring sync
[2025-07-23 02:06:55,136] WARNING - Redis unavailable, deferring sync
[2025-07-23 02:06:55,428] WARNING - Redis unavailable, deferring sync
[2025-07-23 02:06:56,001] WARNING - Redis unavailable, deferring sync
[2025-07-23 02:06:58,016] WARNING - Redis unavailable, deferring sync
[2025-07-23 02:06:58,690] WARNING - Redis unavailable, deferring sync
[2025-07-23 02:06:59,177] WARNING - Redis unavailable, deferring sync
[2025-07-23 02:06:59,363] WARNING - Redis unavailable, deferring sync
[2025-07-23 02:07:00,183] INFO - Running job "create_app.<locals>.enqueue_sync (trigger: interval[0:01:00], next run at: 2025-07-23 02:08:00 CEST)" (scheduled at 2025-07-23 02:07:00.173420+02:00)
[2025-07-23 02:07:01,219] WARNING - Redis unavailable, deferring sync
[2025-07-23 02:07:01,563] WARNING - Redis unavailable, deferring sync
[2025-07-23 02:07:02,000] WARNING - Redis unavailable, deferring sync
[2025-07-23 02:07:02,000] WARNING - Redis unavailable, deferring sync
[2025-07-23 02:07:04,260] WARNING - Redis unavailable, deferring sync
[2025-07-23 02:07:04,328] INFO - Job "create_app.<locals>.enqueue_sync (trigger: interval[0:01:00], next run at: 2025-07-23 02:08:00 CEST)" executed successfully
[2025-07-23 02:07:04,826] WARNING - Redis unavailable, deferring sync
[2025-07-23 02:07:05,048] WARNING - Redis unavailable, deferring sync
[2025-07-23 02:07:05,128] WARNING - Redis unavailable, deferring sync
[2025-07-23 02:07:08,371] WARNING - Redis unavailable, deferring sync
[2025-07-23 02:07:09,618] WARNING - Redis unavailable, deferring sync
[2025-07-23 02:07:10,168] WARNING - Redis unavailable, deferring sync
[2025-07-23 02:07:10,596] WARNING - Redis unavailable, deferring sync
[2025-07-23 02:07:12,427] WARNING - Redis unavailable, deferring sync
[2025-07-23 02:07:12,929] WARNING - Redis unavailable, deferring sync
[2025-07-23 02:07:13,496] WARNING - Redis unavailable, deferring sync
[2025-07-23 02:07:13,998] WARNING - Redis unavailable, deferring sync
[2025-07-23 02:07:16,026] WARNING - Redis unavailable, deferring sync
[2025-07-23 02:07:16,182] WARNING - Redis unavailable, deferring sync
[2025-07-23 02:07:16,527] WARNING - Redis unavailable, deferring sync
[2025-07-23 02:07:16,794] WARNING - Redis unavailable, deferring sync
[2025-07-23 02:07:18,498] WARNING - Redis unavailable, deferring sync
[2025-07-23 02:07:18,931] WARNING - Redis unavailable, deferring sync
[2025-07-23 02:07:19,275] WARNING - Redis unavailable, deferring sync
[2025-07-23 02:07:19,321] WARNING - Redis unavailable, deferring sync
[2025-07-23 02:07:22,532] WARNING - Redis unavailable, deferring sync
[2025-07-23 02:07:23,770] WARNING - Redis unavailable, deferring sync
[2025-07-23 02:07:24,325] WARNING - Redis unavailable, deferring sync
[2025-07-23 02:07:24,789] WARNING - Redis unavailable, deferring sync
[2025-07-23 02:07:26,584] WARNING - Redis unavailable, deferring sync
[2025-07-23 02:07:27,102] WARNING - Redis unavailable, deferring sync
[2025-07-23 02:07:27,725] WARNING - Redis unavailable, deferring sync
[2025-07-23 02:07:28,116] WARNING - Redis unavailable, deferring sync
[2025-07-23 02:07:30,491] WARNING - Redis unavailable, deferring sync
[2025-07-23 02:07:30,507] WARNING - Redis unavailable, deferring sync
[2025-07-23 02:07:31,016] WARNING - Redis unavailable, deferring sync
[2025-07-23 02:07:31,160] WARNING - Redis unavailable, deferring sync
[2025-07-23 02:07:32,939] WARNING - Redis unavailable, deferring sync
[2025-07-23 02:07:33,453] WARNING - Redis unavailable, deferring sync
[2025-07-23 02:07:33,454] WARNING - Redis unavailable, deferring sync
[2025-07-23 02:07:33,530] WARNING - Redis unavailable, deferring sync
[2025-07-23 02:07:36,642] WARNING - Redis unavailable, deferring sync
[2025-07-23 02:07:37,891] WARNING - Redis unavailable, deferring sync
[2025-07-23 02:07:38,452] WARNING - Redis unavailable, deferring sync
[2025-07-23 02:07:38,888] WARNING - Redis unavailable, deferring sync
[2025-07-23 02:07:40,811] WARNING - Redis unavailable, deferring sync
[2025-07-23 02:07:41,448] WARNING - Redis unavailable, deferring sync
[2025-07-23 02:07:41,991] WARNING - Redis unavailable, deferring sync
[2025-07-23 02:07:42,272] WARNING - Redis unavailable, deferring sync
[2025-07-23 02:07:44,585] WARNING - Redis unavailable, deferring sync
[2025-07-23 02:07:44,600] WARNING - Redis unavailable, deferring sync
[2025-07-23 02:10:26,315] WARNING - Redis unavailable, tasks will run inline
[2025-07-23 02:10:26,346] INFO - Adding job tentatively -- it will be properly scheduled when the scheduler starts
[2025-07-23 02:10:26,348] INFO - Added job "create_app.<locals>.enqueue_sync" to job store "default"
[2025-07-23 02:10:26,363] INFO - Scheduler started
[2025-07-23 02:10:26,496] INFO - [31m[1mWARNING: This is a development server. Do not use it in a production deployment. Use a production WSGI server instead.[0m
 * Running on http://127.0.0.1:5000
[2025-07-23 02:10:26,497] INFO - [33mPress CTRL+C to quit[0m
[2025-07-23 02:10:29,722] INFO - 127.0.0.1 - - [23/Jul/2025 02:10:29] "GET /dashboard HTTP/1.1" 200 -
[2025-07-23 02:10:29,924] INFO - 127.0.0.1 - - [23/Jul/2025 02:10:29] "GET /static/styles.css HTTP/1.1" 200 -
[2025-07-23 02:10:29,929] INFO - 127.0.0.1 - - [23/Jul/2025 02:10:29] "GET /static/main.js HTTP/1.1" 200 -
[2025-07-23 02:10:32,682] INFO - 127.0.0.1 - - [23/Jul/2025 02:10:32] "[36mGET /static/manifest.json HTTP/1.1[0m" 304 -
[2025-07-23 02:10:35,204] INFO - 127.0.0.1 - - [23/Jul/2025 02:10:35] "[32mGET / HTTP/1.1[0m" 302 -
[2025-07-23 02:10:35,220] INFO - 127.0.0.1 - - [23/Jul/2025 02:10:35] "GET /login HTTP/1.1" 200 -
[2025-07-23 02:10:35,244] INFO - 127.0.0.1 - - [23/Jul/2025 02:10:35] "[36mGET /static/styles.css HTTP/1.1[0m" 304 -
[2025-07-23 02:10:38,673] INFO - 127.0.0.1 - - [23/Jul/2025 02:10:38] "[36mGET /static/manifest.json HTTP/1.1[0m" 304 -
[2025-07-23 02:10:46,445] INFO - 127.0.0.1 - - [23/Jul/2025 02:10:46] "[32mPOST /login HTTP/1.1[0m" 302 -
[2025-07-23 02:10:46,454] INFO - 127.0.0.1 - - [23/Jul/2025 02:10:46] "GET /dashboard HTTP/1.1" 200 -
[2025-07-23 02:10:46,513] INFO - 127.0.0.1 - - [23/Jul/2025 02:10:46] "[36mGET /static/styles.css HTTP/1.1[0m" 304 -
[2025-07-23 02:10:46,514] INFO - 127.0.0.1 - - [23/Jul/2025 02:10:46] "[36mGET /static/main.js HTTP/1.1[0m" 304 -
[2025-07-23 02:10:48,521] INFO - 127.0.0.1 - - [23/Jul/2025 02:10:48] "[36mGET /static/manifest.json HTTP/1.1[0m" 304 -
[2025-07-23 02:11:26,354] INFO - Running job "create_app.<locals>.enqueue_sync (trigger: interval[0:01:00], next run at: 2025-07-23 02:11:26 CEST)" (scheduled at 2025-07-23 02:11:26.346024+02:00)
[2025-07-23 02:11:30,407] WARNING - Redis unavailable, deferring sync
[2025-07-23 02:11:30,422] INFO - Job "create_app.<locals>.enqueue_sync (trigger: interval[0:01:00], next run at: 2025-07-23 02:12:26 CEST)" executed successfully
[2025-07-23 02:11:44,506] WARNING - Redis unavailable, deferring sync
[2025-07-23 02:22:20,934] WARNING - Redis unavailable, tasks will run inline
[2025-07-23 02:22:20,988] INFO - Adding job tentatively -- it will be properly scheduled when the scheduler starts
[2025-07-23 02:22:20,989] INFO - Added job "create_app.<locals>.enqueue_sync" to job store "default"
[2025-07-23 02:22:20,989] INFO - Scheduler started
[2025-07-23 02:22:21,101] INFO - [31m[1mWARNING: This is a development server. Do not use it in a production deployment. Use a production WSGI server instead.[0m
 * Running on http://127.0.0.1:5000
[2025-07-23 02:22:21,102] INFO - [33mPress CTRL+C to quit[0m
[2025-07-23 02:22:23,999] INFO - 127.0.0.1 - - [23/Jul/2025 02:22:23] "GET /dashboard HTTP/1.1" 200 -
[2025-07-23 02:22:24,371] INFO - 127.0.0.1 - - [23/Jul/2025 02:22:24] "[36mGET /static/styles.css HTTP/1.1[0m" 304 -
[2025-07-23 02:22:24,537] INFO - 127.0.0.1 - - [23/Jul/2025 02:22:24] "[36mGET /static/main.js HTTP/1.1[0m" 304 -
[2025-07-23 02:22:28,079] INFO - 127.0.0.1 - - [23/Jul/2025 02:22:28] "[36mGET /static/manifest.json HTTP/1.1[0m" 304 -
[2025-07-23 02:22:29,368] INFO - 127.0.0.1 - - [23/Jul/2025 02:22:29] "[32mGET / HTTP/1.1[0m" 302 -
[2025-07-23 02:22:29,405] INFO - 127.0.0.1 - - [23/Jul/2025 02:22:29] "GET /login HTTP/1.1" 200 -
[2025-07-23 02:22:29,503] INFO - 127.0.0.1 - - [23/Jul/2025 02:22:29] "[36mGET /static/styles.css HTTP/1.1[0m" 304 -
[2025-07-23 02:22:33,554] INFO - 127.0.0.1 - - [23/Jul/2025 02:22:33] "[36mGET /static/manifest.json HTTP/1.1[0m" 304 -
[2025-07-23 02:22:39,230] INFO - 127.0.0.1 - - [23/Jul/2025 02:22:39] "[32mPOST /login HTTP/1.1[0m" 302 -
[2025-07-23 02:22:39,240] INFO - 127.0.0.1 - - [23/Jul/2025 02:22:39] "GET /dashboard HTTP/1.1" 200 -
[2025-07-23 02:22:39,313] INFO - 127.0.0.1 - - [23/Jul/2025 02:22:39] "[36mGET /static/styles.css HTTP/1.1[0m" 304 -
[2025-07-23 02:22:39,331] INFO - 127.0.0.1 - - [23/Jul/2025 02:22:39] "[36mGET /static/main.js HTTP/1.1[0m" 304 -
[2025-07-23 02:22:41,783] INFO - 127.0.0.1 - - [23/Jul/2025 02:22:41] "[36mGET /static/manifest.json HTTP/1.1[0m" 304 -
[2025-07-23 02:23:20,991] INFO - Running job "create_app.<locals>.enqueue_sync (trigger: interval[0:01:00], next run at: 2025-07-23 02:23:20 CEST)" (scheduled at 2025-07-23 02:23:20.988386+02:00)
[2025-07-23 02:23:25,072] WARNING - Redis unavailable, deferring sync
[2025-07-23 02:23:25,164] INFO - Job "create_app.<locals>.enqueue_sync (trigger: interval[0:01:00], next run at: 2025-07-23 02:24:20 CEST)" executed successfully
[2025-07-23 02:25:09,912] WARNING - Redis unavailable, tasks will run inline
[2025-07-23 02:25:09,916] INFO - Adding job tentatively -- it will be properly scheduled when the scheduler starts
[2025-07-23 02:25:09,916] INFO - Added job "create_app.<locals>.enqueue_sync" to job store "default"
[2025-07-23 02:25:09,917] INFO - Scheduler started
[2025-07-23 02:25:09,950] INFO - [31m[1mWARNING: This is a development server. Do not use it in a production deployment. Use a production WSGI server instead.[0m
 * Running on http://127.0.0.1:5000
[2025-07-23 02:25:09,951] INFO - [33mPress CTRL+C to quit[0m
[2025-07-23 02:25:21,569] INFO - 127.0.0.1 - - [23/Jul/2025 02:25:21] "[32mGET / HTTP/1.1[0m" 302 -
[2025-07-23 02:25:21,602] INFO - 127.0.0.1 - - [23/Jul/2025 02:25:21] "GET /login HTTP/1.1" 200 -
[2025-07-23 02:25:21,841] INFO - 127.0.0.1 - - [23/Jul/2025 02:25:21] "[36mGET /static/styles.css HTTP/1.1[0m" 304 -
[2025-07-23 02:25:24,764] INFO - 127.0.0.1 - - [23/Jul/2025 02:25:24] "[36mGET /static/manifest.json HTTP/1.1[0m" 304 -
[2025-07-23 02:25:29,277] INFO - 127.0.0.1 - - [23/Jul/2025 02:25:29] "[32mPOST /login HTTP/1.1[0m" 302 -
[2025-07-23 02:25:29,294] INFO - 127.0.0.1 - - [23/Jul/2025 02:25:29] "GET /dashboard HTTP/1.1" 200 -
[2025-07-23 02:25:29,353] INFO - 127.0.0.1 - - [23/Jul/2025 02:25:29] "[36mGET /static/styles.css HTTP/1.1[0m" 304 -
[2025-07-23 02:25:29,354] INFO - 127.0.0.1 - - [23/Jul/2025 02:25:29] "[36mGET /static/main.js HTTP/1.1[0m" 304 -
[2025-07-23 02:25:31,079] INFO - 127.0.0.1 - - [23/Jul/2025 02:25:31] "[36mGET /static/manifest.json HTTP/1.1[0m" 304 -
[2025-07-23 02:26:09,988] INFO - Running job "create_app.<locals>.enqueue_sync (trigger: interval[0:01:00], next run at: 2025-07-23 02:26:09 CEST)" (scheduled at 2025-07-23 02:26:09.916477+02:00)
[2025-07-23 02:26:14,073] WARNING - Redis unavailable, deferring sync
[2025-07-23 02:26:14,081] INFO - Job "create_app.<locals>.enqueue_sync (trigger: interval[0:01:00], next run at: 2025-07-23 02:27:09 CEST)" executed successfully
[2025-07-23 02:26:28,183] WARNING - Redis unavailable, deferring sync
[2025-07-23 02:26:42,287] WARNING - Redis unavailable, deferring sync
[2025-07-23 02:26:56,425] WARNING - Redis unavailable, deferring sync
[2025-07-23 02:27:09,930] INFO - Running job "create_app.<locals>.enqueue_sync (trigger: interval[0:01:00], next run at: 2025-07-23 02:28:09 CEST)" (scheduled at 2025-07-23 02:27:09.916477+02:00)
[2025-07-23 02:27:10,519] WARNING - Redis unavailable, deferring sync
[2025-07-23 02:27:14,020] WARNING - Redis unavailable, deferring sync
[2025-07-23 02:27:14,022] INFO - Job "create_app.<locals>.enqueue_sync (trigger: interval[0:01:00], next run at: 2025-07-23 02:28:09 CEST)" executed successfully
[2025-07-23 02:27:16,322] INFO - 127.0.0.1 - - [23/Jul/2025 02:27:16] "[35m[1mGET /auth/token HTTP/1.1[0m" 500 -
[2025-07-23 02:27:16,454] INFO - 127.0.0.1 - - [23/Jul/2025 02:27:16] "GET /auth/token?__debugger__=yes&cmd=resource&f=debugger.js HTTP/1.1" 200 -
[2025-07-23 02:27:16,543] INFO - 127.0.0.1 - - [23/Jul/2025 02:27:16] "GET /auth/token?__debugger__=yes&cmd=resource&f=style.css HTTP/1.1" 200 -
[2025-07-23 02:27:18,672] INFO - 127.0.0.1 - - [23/Jul/2025 02:27:18] "GET /auth/token?__debugger__=yes&cmd=resource&f=console.png&s=wJcjRBR4pgMKLwkfuSgV HTTP/1.1" 200 -
[2025-07-23 02:27:18,675] INFO - 127.0.0.1 - - [23/Jul/2025 02:27:18] "GET /auth/token?__debugger__=yes&cmd=resource&f=console.png HTTP/1.1" 200 -
[2025-07-23 02:27:20,235] INFO - 127.0.0.1 - - [23/Jul/2025 02:27:20] "[36mGET /auth/token?__debugger__=yes&cmd=resource&f=console.png HTTP/1.1[0m" 304 -
[2025-07-23 02:27:24,619] WARNING - Redis unavailable, deferring sync
[2025-07-23 02:27:28,099] WARNING - Redis unavailable, deferring sync
[2025-07-23 02:27:38,701] WARNING - Redis unavailable, deferring sync
[2025-07-23 02:27:42,210] WARNING - Redis unavailable, deferring sync
[2025-07-23 14:49:33,964] WARNING - Redis unavailable, tasks will run inline
[2025-07-23 14:49:34,363] INFO - Adding job tentatively -- it will be properly scheduled when the scheduler starts
[2025-07-23 14:49:34,369] INFO - Added job "create_app.<locals>.enqueue_sync" to job store "default"
[2025-07-23 14:49:34,379] INFO - Scheduler started
[2025-07-23 14:49:34,462] INFO - [31m[1mWARNING: This is a development server. Do not use it in a production deployment. Use a production WSGI server instead.[0m
 * Running on http://127.0.0.1:5000
[2025-07-23 14:49:34,469] INFO - [33mPress CTRL+C to quit[0m
[2025-07-23 14:49:34,545] INFO - 127.0.0.1 - - [23/Jul/2025 14:49:34] "[32mGET / HTTP/1.1[0m" 302 -
[2025-07-23 14:49:34,768] INFO - 127.0.0.1 - - [23/Jul/2025 14:49:34] "GET /login HTTP/1.1" 200 -
[2025-07-23 14:49:35,006] INFO - 127.0.0.1 - - [23/Jul/2025 14:49:35] "[36mGET /static/styles.css HTTP/1.1[0m" 304 -
[2025-07-23 14:49:36,919] INFO - 127.0.0.1 - - [23/Jul/2025 14:49:36] "[36mGET /static/manifest.json HTTP/1.1[0m" 304 -
[2025-07-23 14:49:48,931] INFO - 127.0.0.1 - - [23/Jul/2025 14:49:48] "[32mPOST /login HTTP/1.1[0m" 302 -
[2025-07-23 14:49:48,956] INFO - 127.0.0.1 - - [23/Jul/2025 14:49:48] "GET /dashboard HTTP/1.1" 200 -
[2025-07-23 14:49:49,170] INFO - 127.0.0.1 - - [23/Jul/2025 14:49:49] "[36mGET /static/styles.css HTTP/1.1[0m" 304 -
[2025-07-23 14:49:49,469] INFO - 127.0.0.1 - - [23/Jul/2025 14:49:49] "[36mGET /static/main.js HTTP/1.1[0m" 304 -
[2025-07-23 14:49:50,093] INFO - 127.0.0.1 - - [23/Jul/2025 14:49:50] "[36mGET /static/manifest.json HTTP/1.1[0m" 304 -
[2025-07-23 14:49:58,042] WARNING - duplicate group name 123
[2025-07-23 14:49:58,044] INFO - 127.0.0.1 - - [23/Jul/2025 14:49:58] "[31m[1mPOST /dashboard/api/groups HTTP/1.1[0m" 400 -
[2025-07-23 14:50:00,031] WARNING - duplicate group name 123
[2025-07-23 14:50:00,033] INFO - 127.0.0.1 - - [23/Jul/2025 14:50:00] "[31m[1mPOST /dashboard/api/groups HTTP/1.1[0m" 400 -
[2025-07-23 14:50:16,882] WARNING - invalid group_id 123 for account erwegh
[2025-07-23 14:50:16,882] INFO - 127.0.0.1 - - [23/Jul/2025 14:50:16] "[31m[1mPOST /dashboard/api/accounts HTTP/1.1[0m" 400 -
[2025-07-23 14:50:21,057] WARNING - invalid group_id 123 for account erwegh
[2025-07-23 14:50:21,057] INFO - 127.0.0.1 - - [23/Jul/2025 14:50:21] "[31m[1mPOST /dashboard/api/accounts HTTP/1.1[0m" 400 -
[2025-07-23 14:50:21,530] WARNING - invalid group_id 123 for account erwegh
[2025-07-23 14:50:21,532] INFO - 127.0.0.1 - - [23/Jul/2025 14:50:21] "[31m[1mPOST /dashboard/api/accounts HTTP/1.1[0m" 400 -
[2025-07-23 14:50:22,253] WARNING - invalid group_id 123 for account erwegh
[2025-07-23 14:50:22,253] INFO - 127.0.0.1 - - [23/Jul/2025 14:50:22] "[31m[1mPOST /dashboard/api/accounts HTTP/1.1[0m" 400 -
[2025-07-23 14:50:22,702] WARNING - invalid group_id 123 for account erwegh
[2025-07-23 14:50:22,703] INFO - 127.0.0.1 - - [23/Jul/2025 14:50:22] "[31m[1mPOST /dashboard/api/accounts HTTP/1.1[0m" 400 -
[2025-07-23 14:50:22,906] WARNING - invalid group_id 123 for account erwegh
[2025-07-23 14:50:22,906] INFO - 127.0.0.1 - - [23/Jul/2025 14:50:22] "[31m[1mPOST /dashboard/api/accounts HTTP/1.1[0m" 400 -
[2025-07-23 14:50:23,173] WARNING - invalid group_id 123 for account erwegh
[2025-07-23 14:50:23,175] INFO - 127.0.0.1 - - [23/Jul/2025 14:50:23] "[31m[1mPOST /dashboard/api/accounts HTTP/1.1[0m" 400 -
[2025-07-23 14:50:23,434] WARNING - invalid group_id 123 for account erwegh
[2025-07-23 14:50:23,434] INFO - 127.0.0.1 - - [23/Jul/2025 14:50:23] "[31m[1mPOST /dashboard/api/accounts HTTP/1.1[0m" 400 -
[2025-07-23 14:50:23,690] WARNING - invalid group_id 123 for account erwegh
[2025-07-23 14:50:23,703] INFO - 127.0.0.1 - - [23/Jul/2025 14:50:23] "[31m[1mPOST /dashboard/api/accounts HTTP/1.1[0m" 400 -
[2025-07-23 14:50:23,983] WARNING - invalid group_id 123 for account erwegh
[2025-07-23 14:50:23,983] INFO - 127.0.0.1 - - [23/Jul/2025 14:50:23] "[31m[1mPOST /dashboard/api/accounts HTTP/1.1[0m" 400 -
[2025-07-23 14:50:24,209] WARNING - invalid group_id 123 for account erwegh
[2025-07-23 14:50:24,210] INFO - 127.0.0.1 - - [23/Jul/2025 14:50:24] "[31m[1mPOST /dashboard/api/accounts HTTP/1.1[0m" 400 -
[2025-07-23 14:50:24,450] WARNING - invalid group_id 123 for account erwegh
[2025-07-23 14:50:24,451] INFO - 127.0.0.1 - - [23/Jul/2025 14:50:24] "[31m[1mPOST /dashboard/api/accounts HTTP/1.1[0m" 400 -
[2025-07-23 14:50:29,014] INFO - created account erwegh in group 1
[2025-07-23 14:50:29,108] INFO - 127.0.0.1 - - [23/Jul/2025 14:50:29] "[35m[1mPOST /dashboard/api/accounts HTTP/1.1[0m" 201 -
[2025-07-23 14:50:29,136] INFO - 127.0.0.1 - - [23/Jul/2025 14:50:29] "[31m[1mGET /dashboard/api/bots HTTP/1.1[0m" 422 -
[2025-07-23 14:50:29,139] INFO - 127.0.0.1 - - [23/Jul/2025 14:50:29] "[31m[1mGET /dashboard/api/accounts HTTP/1.1[0m" 422 -
[2025-07-23 14:50:34,375] INFO - Running job "create_app.<locals>.enqueue_sync (trigger: interval[0:01:00], next run at: 2025-07-23 14:50:34 CEST)" (scheduled at 2025-07-23 14:50:34.363515+02:00)
[2025-07-23 14:50:38,468] WARNING - Redis unavailable, deferring sync
[2025-07-23 14:50:38,471] INFO - Job "create_app.<locals>.enqueue_sync (trigger: interval[0:01:00], next run at: 2025-07-23 14:51:34 CEST)" executed successfully
[2025-07-23 14:51:29,474] INFO - 127.0.0.1 - - [23/Jul/2025 14:51:29] "[33mGET /.well-known/appspecific/com.chrome.devtools.json HTTP/1.1[0m" 404 -
[2025-07-23 14:51:29,490] INFO - 127.0.0.1 - - [23/Jul/2025 14:51:29] "[36mGET /static/styles.css HTTP/1.1[0m" 304 -
[2025-07-23 14:51:29,505] INFO - 127.0.0.1 - - [23/Jul/2025 14:51:29] "[36mGET /static/manifest.json HTTP/1.1[0m" 304 -
[2025-07-23 14:51:34,373] INFO - Running job "create_app.<locals>.enqueue_sync (trigger: interval[0:01:00], next run at: 2025-07-23 14:52:34 CEST)" (scheduled at 2025-07-23 14:51:34.363515+02:00)
[2025-07-23 14:51:38,451] INFO - Job "create_app.<locals>.enqueue_sync (trigger: interval[0:01:00], next run at: 2025-07-23 14:52:34 CEST)" executed successfully
[2025-07-23 14:52:34,376] INFO - Running job "create_app.<locals>.enqueue_sync (trigger: interval[0:01:00], next run at: 2025-07-23 14:53:34 CEST)" (scheduled at 2025-07-23 14:52:34.363515+02:00)
[2025-07-23 14:52:38,461] INFO - Job "create_app.<locals>.enqueue_sync (trigger: interval[0:01:00], next run at: 2025-07-23 14:53:34 CEST)" executed successfully
[2025-07-23 14:53:34,376] INFO - Running job "create_app.<locals>.enqueue_sync (trigger: interval[0:01:00], next run at: 2025-07-23 14:54:34 CEST)" (scheduled at 2025-07-23 14:53:34.363515+02:00)
[2025-07-23 14:53:38,467] INFO - Job "create_app.<locals>.enqueue_sync (trigger: interval[0:01:00], next run at: 2025-07-23 14:54:34 CEST)" executed successfully
[2025-07-23 14:54:34,374] INFO - Running job "create_app.<locals>.enqueue_sync (trigger: interval[0:01:00], next run at: 2025-07-23 14:55:34 CEST)" (scheduled at 2025-07-23 14:54:34.363515+02:00)
[2025-07-23 14:54:38,458] INFO - Job "create_app.<locals>.enqueue_sync (trigger: interval[0:01:00], next run at: 2025-07-23 14:55:34 CEST)" executed successfully
[2025-07-23 14:55:34,375] INFO - Running job "create_app.<locals>.enqueue_sync (trigger: interval[0:01:00], next run at: 2025-07-23 14:56:34 CEST)" (scheduled at 2025-07-23 14:55:34.363515+02:00)
[2025-07-23 14:55:38,445] INFO - Job "create_app.<locals>.enqueue_sync (trigger: interval[0:01:00], next run at: 2025-07-23 14:56:34 CEST)" executed successfully
[2025-07-23 14:56:34,380] INFO - Running job "create_app.<locals>.enqueue_sync (trigger: interval[0:01:00], next run at: 2025-07-23 14:57:34 CEST)" (scheduled at 2025-07-23 14:56:34.363515+02:00)
[2025-07-23 14:56:38,441] INFO - Job "create_app.<locals>.enqueue_sync (trigger: interval[0:01:00], next run at: 2025-07-23 14:57:34 CEST)" executed successfully
[2025-07-23 14:57:34,366] INFO - Running job "create_app.<locals>.enqueue_sync (trigger: interval[0:01:00], next run at: 2025-07-23 14:58:34 CEST)" (scheduled at 2025-07-23 14:57:34.363515+02:00)
[2025-07-23 14:57:38,429] INFO - Job "create_app.<locals>.enqueue_sync (trigger: interval[0:01:00], next run at: 2025-07-23 14:58:34 CEST)" executed successfully
[2025-07-23 14:58:34,376] INFO - Running job "create_app.<locals>.enqueue_sync (trigger: interval[0:01:00], next run at: 2025-07-23 14:59:34 CEST)" (scheduled at 2025-07-23 14:58:34.363515+02:00)
[2025-07-23 14:58:38,444] INFO - Job "create_app.<locals>.enqueue_sync (trigger: interval[0:01:00], next run at: 2025-07-23 14:59:34 CEST)" executed successfully
[2025-07-23 14:59:34,365] INFO - Running job "create_app.<locals>.enqueue_sync (trigger: interval[0:01:00], next run at: 2025-07-23 15:00:34 CEST)" (scheduled at 2025-07-23 14:59:34.363515+02:00)
[2025-07-23 14:59:38,534] INFO - Job "create_app.<locals>.enqueue_sync (trigger: interval[0:01:00], next run at: 2025-07-23 15:00:34 CEST)" executed successfully
[2025-07-23 15:00:34,366] INFO - Running job "create_app.<locals>.enqueue_sync (trigger: interval[0:01:00], next run at: 2025-07-23 15:01:34 CEST)" (scheduled at 2025-07-23 15:00:34.363515+02:00)
[2025-07-23 15:00:38,424] INFO - Job "create_app.<locals>.enqueue_sync (trigger: interval[0:01:00], next run at: 2025-07-23 15:01:34 CEST)" executed successfully
[2025-07-23 15:01:34,366] INFO - Running job "create_app.<locals>.enqueue_sync (trigger: interval[0:01:00], next run at: 2025-07-23 15:02:34 CEST)" (scheduled at 2025-07-23 15:01:34.363515+02:00)
[2025-07-23 15:01:38,423] INFO - Job "create_app.<locals>.enqueue_sync (trigger: interval[0:01:00], next run at: 2025-07-23 15:02:34 CEST)" executed successfully
[2025-07-23 15:02:34,388] INFO - Running job "create_app.<locals>.enqueue_sync (trigger: interval[0:01:00], next run at: 2025-07-23 15:03:34 CEST)" (scheduled at 2025-07-23 15:02:34.363515+02:00)
[2025-07-23 15:02:38,456] INFO - Job "create_app.<locals>.enqueue_sync (trigger: interval[0:01:00], next run at: 2025-07-23 15:03:34 CEST)" executed successfully
[2025-07-23 15:03:34,382] INFO - Running job "create_app.<locals>.enqueue_sync (trigger: interval[0:01:00], next run at: 2025-07-23 15:04:34 CEST)" (scheduled at 2025-07-23 15:03:34.363515+02:00)
[2025-07-23 15:03:38,555] INFO - Job "create_app.<locals>.enqueue_sync (trigger: interval[0:01:00], next run at: 2025-07-23 15:04:34 CEST)" executed successfully
[2025-07-23 15:04:34,366] INFO - Running job "create_app.<locals>.enqueue_sync (trigger: interval[0:01:00], next run at: 2025-07-23 15:05:34 CEST)" (scheduled at 2025-07-23 15:04:34.363515+02:00)
[2025-07-23 15:04:38,397] INFO - Job "create_app.<locals>.enqueue_sync (trigger: interval[0:01:00], next run at: 2025-07-23 15:05:34 CEST)" executed successfully
[2025-07-23 15:05:34,365] INFO - Running job "create_app.<locals>.enqueue_sync (trigger: interval[0:01:00], next run at: 2025-07-23 15:06:34 CEST)" (scheduled at 2025-07-23 15:05:34.363515+02:00)
[2025-07-23 15:05:38,462] INFO - Job "create_app.<locals>.enqueue_sync (trigger: interval[0:01:00], next run at: 2025-07-23 15:06:34 CEST)" executed successfully
[2025-07-23 15:06:34,367] INFO - Running job "create_app.<locals>.enqueue_sync (trigger: interval[0:01:00], next run at: 2025-07-23 15:07:34 CEST)" (scheduled at 2025-07-23 15:06:34.363515+02:00)
[2025-07-23 15:06:38,448] INFO - Job "create_app.<locals>.enqueue_sync (trigger: interval[0:01:00], next run at: 2025-07-23 15:07:34 CEST)" executed successfully
[2025-07-23 15:07:34,369] INFO - Running job "create_app.<locals>.enqueue_sync (trigger: interval[0:01:00], next run at: 2025-07-23 15:08:34 CEST)" (scheduled at 2025-07-23 15:07:34.363515+02:00)
[2025-07-23 15:07:38,457] INFO - Job "create_app.<locals>.enqueue_sync (trigger: interval[0:01:00], next run at: 2025-07-23 15:08:34 CEST)" executed successfully
[2025-07-23 15:08:34,370] INFO - Running job "create_app.<locals>.enqueue_sync (trigger: interval[0:01:00], next run at: 2025-07-23 15:09:34 CEST)" (scheduled at 2025-07-23 15:08:34.363515+02:00)
[2025-07-23 15:08:38,449] INFO - Job "create_app.<locals>.enqueue_sync (trigger: interval[0:01:00], next run at: 2025-07-23 15:09:34 CEST)" executed successfully
[2025-07-23 15:09:34,373] INFO - Running job "create_app.<locals>.enqueue_sync (trigger: interval[0:01:00], next run at: 2025-07-23 15:10:34 CEST)" (scheduled at 2025-07-23 15:09:34.363515+02:00)
[2025-07-23 15:09:38,467] INFO - Job "create_app.<locals>.enqueue_sync (trigger: interval[0:01:00], next run at: 2025-07-23 15:10:34 CEST)" executed successfully
[2025-07-23 15:10:34,366] INFO - Running job "create_app.<locals>.enqueue_sync (trigger: interval[0:01:00], next run at: 2025-07-23 15:11:34 CEST)" (scheduled at 2025-07-23 15:10:34.363515+02:00)
[2025-07-23 15:14:41,189] WARNING - Redis unavailable, tasks will run inline
[2025-07-23 15:14:41,192] INFO - Adding job tentatively -- it will be properly scheduled when the scheduler starts
[2025-07-23 15:14:41,192] INFO - Added job "create_app.<locals>.enqueue_sync" to job store "default"
[2025-07-23 15:14:41,193] INFO - Scheduler started
[2025-07-23 15:14:41,225] INFO - [31m[1mWARNING: This is a development server. Do not use it in a production deployment. Use a production WSGI server instead.[0m
 * Running on http://127.0.0.1:5000
[2025-07-23 15:14:41,225] INFO - [33mPress CTRL+C to quit[0m
[2025-07-23 15:14:54,116] INFO - 127.0.0.1 - - [23/Jul/2025 15:14:54] "[32mGET / HTTP/1.1[0m" 302 -
[2025-07-23 15:14:54,141] INFO - 127.0.0.1 - - [23/Jul/2025 15:14:54] "GET /login HTTP/1.1" 200 -
[2025-07-23 15:14:56,272] INFO - 127.0.0.1 - - [23/Jul/2025 15:14:56] "[36mGET /static/styles.css HTTP/1.1[0m" 304 -
[2025-07-23 15:14:59,487] INFO - 127.0.0.1 - - [23/Jul/2025 15:14:59] "[36mGET /static/manifest.json HTTP/1.1[0m" 304 -
[2025-07-23 15:15:07,767] INFO - 127.0.0.1 - - [23/Jul/2025 15:15:07] "[32mPOST /login HTTP/1.1[0m" 302 -
[2025-07-23 15:15:07,788] INFO - 127.0.0.1 - - [23/Jul/2025 15:15:07] "GET /dashboard HTTP/1.1" 200 -
[2025-07-23 15:15:07,850] INFO - 127.0.0.1 - - [23/Jul/2025 15:15:07] "[36mGET /static/styles.css HTTP/1.1[0m" 304 -
[2025-07-23 15:15:07,851] INFO - 127.0.0.1 - - [23/Jul/2025 15:15:07] "[36mGET /static/main.js HTTP/1.1[0m" 304 -
[2025-07-23 15:15:09,995] INFO - 127.0.0.1 - - [23/Jul/2025 15:15:09] "[36mGET /static/manifest.json HTTP/1.1[0m" 304 -
[2025-07-23 15:15:20,996] INFO - 127.0.0.1 - - [23/Jul/2025 15:15:20] "[32mGET /logout HTTP/1.1[0m" 302 -
[2025-07-23 15:15:21,005] INFO - 127.0.0.1 - - [23/Jul/2025 15:15:21] "GET /login HTTP/1.1" 200 -
[2025-07-23 15:15:21,066] INFO - 127.0.0.1 - - [23/Jul/2025 15:15:21] "[36mGET /static/styles.css HTTP/1.1[0m" 304 -
[2025-07-23 15:15:22,821] INFO - 127.0.0.1 - - [23/Jul/2025 15:15:22] "[36mGET /static/manifest.json HTTP/1.1[0m" 304 -
[2025-07-23 15:15:27,947] INFO - 127.0.0.1 - - [23/Jul/2025 15:15:27] "[32mPOST /login HTTP/1.1[0m" 302 -
[2025-07-23 15:15:27,963] INFO - 127.0.0.1 - - [23/Jul/2025 15:15:27] "GET /dashboard HTTP/1.1" 200 -
[2025-07-23 15:15:28,019] INFO - 127.0.0.1 - - [23/Jul/2025 15:15:28] "[36mGET /static/styles.css HTTP/1.1[0m" 304 -
[2025-07-23 15:15:28,021] INFO - 127.0.0.1 - - [23/Jul/2025 15:15:28] "[36mGET /static/main.js HTTP/1.1[0m" 304 -
[2025-07-23 15:15:29,262] INFO - 127.0.0.1 - - [23/Jul/2025 15:15:29] "[36mGET /static/manifest.json HTTP/1.1[0m" 304 -
[2025-07-23 15:15:41,347] INFO - Running job "create_app.<locals>.enqueue_sync (trigger: interval[0:01:00], next run at: 2025-07-23 15:15:41 CEST)" (scheduled at 2025-07-23 15:15:41.192298+02:00)
[2025-07-23 15:15:45,398] WARNING - Redis unavailable, deferring sync
[2025-07-23 15:15:45,407] INFO - Job "create_app.<locals>.enqueue_sync (trigger: interval[0:01:00], next run at: 2025-07-23 15:16:41 CEST)" executed successfully
[2025-07-23 15:16:01,296] INFO - 127.0.0.1 - - [23/Jul/2025 15:16:01] "[35m[1mGET /auth/token HTTP/1.1[0m" 500 -
[2025-07-23 15:16:01,359] INFO - 127.0.0.1 - - [23/Jul/2025 15:16:01] "[36mGET /auth/token?__debugger__=yes&cmd=resource&f=debugger.js HTTP/1.1[0m" 304 -
[2025-07-23 15:16:01,490] INFO - 127.0.0.1 - - [23/Jul/2025 15:16:01] "[36mGET /auth/token?__debugger__=yes&cmd=resource&f=style.css HTTP/1.1[0m" 304 -
[2025-07-23 15:16:03,346] INFO - 127.0.0.1 - - [23/Jul/2025 15:16:03] "[36mGET /auth/token?__debugger__=yes&cmd=resource&f=console.png HTTP/1.1[0m" 304 -
[2025-07-23 15:16:03,348] INFO - 127.0.0.1 - - [23/Jul/2025 15:16:03] "GET /auth/token?__debugger__=yes&cmd=resource&f=console.png&s=pQlg8Q4NXquZkC4NCjzx HTTP/1.1" 200 -
[2025-07-23 15:16:41,199] INFO - Running job "create_app.<locals>.enqueue_sync (trigger: interval[0:01:00], next run at: 2025-07-23 15:17:41 CEST)" (scheduled at 2025-07-23 15:16:41.192298+02:00)
[2025-07-23 15:16:45,287] INFO - Job "create_app.<locals>.enqueue_sync (trigger: interval[0:01:00], next run at: 2025-07-23 15:17:41 CEST)" executed successfully
[2025-07-23 15:17:41,205] INFO - Running job "create_app.<locals>.enqueue_sync (trigger: interval[0:01:00], next run at: 2025-07-23 15:18:41 CEST)" (scheduled at 2025-07-23 15:17:41.192298+02:00)
[2025-07-23 15:17:45,312] INFO - Job "create_app.<locals>.enqueue_sync (trigger: interval[0:01:00], next run at: 2025-07-23 15:18:41 CEST)" executed successfully
[2025-07-23 15:18:41,206] INFO - Running job "create_app.<locals>.enqueue_sync (trigger: interval[0:01:00], next run at: 2025-07-23 15:19:41 CEST)" (scheduled at 2025-07-23 15:18:41.192298+02:00)
[2025-07-23 15:18:45,281] INFO - Job "create_app.<locals>.enqueue_sync (trigger: interval[0:01:00], next run at: 2025-07-23 15:19:41 CEST)" executed successfully
[2025-07-23 15:19:41,208] INFO - Running job "create_app.<locals>.enqueue_sync (trigger: interval[0:01:00], next run at: 2025-07-23 15:20:41 CEST)" (scheduled at 2025-07-23 15:19:41.192298+02:00)
[2025-07-23 15:19:45,293] INFO - Job "create_app.<locals>.enqueue_sync (trigger: interval[0:01:00], next run at: 2025-07-23 15:20:41 CEST)" executed successfully
[2025-07-23 15:20:41,204] INFO - Running job "create_app.<locals>.enqueue_sync (trigger: interval[0:01:00], next run at: 2025-07-23 15:21:41 CEST)" (scheduled at 2025-07-23 15:20:41.192298+02:00)
[2025-07-23 15:20:45,266] INFO - Job "create_app.<locals>.enqueue_sync (trigger: interval[0:01:00], next run at: 2025-07-23 15:21:41 CEST)" executed successfully
[2025-07-23 15:21:41,206] INFO - Running job "create_app.<locals>.enqueue_sync (trigger: interval[0:01:00], next run at: 2025-07-23 15:22:41 CEST)" (scheduled at 2025-07-23 15:21:41.192298+02:00)
[2025-07-23 15:21:45,280] INFO - Job "create_app.<locals>.enqueue_sync (trigger: interval[0:01:00], next run at: 2025-07-23 15:22:41 CEST)" executed successfully
[2025-07-23 15:22:41,194] INFO - Running job "create_app.<locals>.enqueue_sync (trigger: interval[0:01:00], next run at: 2025-07-23 15:23:41 CEST)" (scheduled at 2025-07-23 15:22:41.192298+02:00)
[2025-07-23 15:22:45,274] INFO - Job "create_app.<locals>.enqueue_sync (trigger: interval[0:01:00], next run at: 2025-07-23 15:23:41 CEST)" executed successfully
[2025-07-23 15:23:41,195] INFO - Running job "create_app.<locals>.enqueue_sync (trigger: interval[0:01:00], next run at: 2025-07-23 15:24:41 CEST)" (scheduled at 2025-07-23 15:23:41.192298+02:00)
[2025-07-23 15:23:45,274] INFO - Job "create_app.<locals>.enqueue_sync (trigger: interval[0:01:00], next run at: 2025-07-23 15:24:41 CEST)" executed successfully
[2025-07-23 15:48:13,676] WARNING - Redis unavailable, tasks will run inline
[2025-07-23 15:48:13,679] INFO - Adding job tentatively -- it will be properly scheduled when the scheduler starts
[2025-07-23 15:48:13,679] INFO - Added job "create_app.<locals>.enqueue_sync" to job store "default"
[2025-07-23 15:48:13,680] INFO - Scheduler started
[2025-07-23 15:48:13,744] INFO - [31m[1mWARNING: This is a development server. Do not use it in a production deployment. Use a production WSGI server instead.[0m
 * Running on http://127.0.0.1:5000
[2025-07-23 15:48:13,749] INFO - [33mPress CTRL+C to quit[0m
[2025-07-23 15:48:25,842] INFO - 127.0.0.1 - - [23/Jul/2025 15:48:25] "GET /dashboard HTTP/1.1" 200 -
[2025-07-23 15:48:26,103] INFO - 127.0.0.1 - - [23/Jul/2025 15:48:26] "[36mGET /static/styles.css HTTP/1.1[0m" 304 -
[2025-07-23 15:48:26,109] INFO - 127.0.0.1 - - [23/Jul/2025 15:48:26] "GET /static/main.js HTTP/1.1" 200 -
[2025-07-23 15:48:29,240] INFO - 127.0.0.1 - - [23/Jul/2025 15:48:29] "[36mGET /static/manifest.json HTTP/1.1[0m" 304 -
[2025-07-23 15:48:39,932] WARNING - invalid group_id 123 for account 123
[2025-07-23 15:48:39,933] INFO - 127.0.0.1 - - [23/Jul/2025 15:48:39] "[31m[1mPOST /dashboard/api/accounts HTTP/1.1[0m" 400 -
[2025-07-23 15:48:46,654] WARNING - duplicate group name 123
[2025-07-23 15:48:46,655] INFO - 127.0.0.1 - - [23/Jul/2025 15:48:46] "[31m[1mPOST /dashboard/api/groups HTTP/1.1[0m" 400 -
[2025-07-23 15:48:56,890] INFO - 127.0.0.1 - - [23/Jul/2025 15:48:56] "[31m[1mGET /dashboard/api/bots?search=123 HTTP/1.1[0m" 422 -
[2025-07-23 15:49:02,868] WARNING - invalid group_id 123 for account 123
[2025-07-23 15:49:02,870] INFO - 127.0.0.1 - - [23/Jul/2025 15:49:02] "[31m[1mPOST /dashboard/api/accounts HTTP/1.1[0m" 400 -
[2025-07-23 15:49:03,029] WARNING - invalid group_id 123 for account 123
[2025-07-23 15:49:03,030] INFO - 127.0.0.1 - - [23/Jul/2025 15:49:03] "[31m[1mPOST /dashboard/api/accounts HTTP/1.1[0m" 400 -
[2025-07-23 15:49:03,181] WARNING - invalid group_id 123 for account 123
[2025-07-23 15:49:03,182] INFO - 127.0.0.1 - - [23/Jul/2025 15:49:03] "[31m[1mPOST /dashboard/api/accounts HTTP/1.1[0m" 400 -
[2025-07-23 15:49:03,326] WARNING - invalid group_id 123 for account 123
[2025-07-23 15:49:03,327] INFO - 127.0.0.1 - - [23/Jul/2025 15:49:03] "[31m[1mPOST /dashboard/api/accounts HTTP/1.1[0m" 400 -
[2025-07-23 15:49:03,498] WARNING - invalid group_id 123 for account 123
[2025-07-23 15:49:03,499] INFO - 127.0.0.1 - - [23/Jul/2025 15:49:03] "[31m[1mPOST /dashboard/api/accounts HTTP/1.1[0m" 400 -
[2025-07-23 15:49:03,649] WARNING - invalid group_id 123 for account 123
[2025-07-23 15:49:03,650] INFO - 127.0.0.1 - - [23/Jul/2025 15:49:03] "[31m[1mPOST /dashboard/api/accounts HTTP/1.1[0m" 400 -
[2025-07-23 15:49:13,685] INFO - Running job "create_app.<locals>.enqueue_sync (trigger: interval[0:01:00], next run at: 2025-07-23 15:49:13 CEST)" (scheduled at 2025-07-23 15:49:13.679524+02:00)
[2025-07-23 15:49:17,773] WARNING - Redis unavailable, deferring sync
[2025-07-23 15:49:17,807] INFO - Job "create_app.<locals>.enqueue_sync (trigger: interval[0:01:00], next run at: 2025-07-23 15:50:13 CEST)" executed successfully
[2025-07-23 15:50:13,688] INFO - Running job "create_app.<locals>.enqueue_sync (trigger: interval[0:01:00], next run at: 2025-07-23 15:51:13 CEST)" (scheduled at 2025-07-23 15:50:13.679524+02:00)
[2025-07-23 15:50:17,751] INFO - Job "create_app.<locals>.enqueue_sync (trigger: interval[0:01:00], next run at: 2025-07-23 15:51:13 CEST)" executed successfully
[2025-07-23 15:51:13,691] INFO - Running job "create_app.<locals>.enqueue_sync (trigger: interval[0:01:00], next run at: 2025-07-23 15:52:13 CEST)" (scheduled at 2025-07-23 15:51:13.679524+02:00)
[2025-07-23 15:51:17,794] INFO - Job "create_app.<locals>.enqueue_sync (trigger: interval[0:01:00], next run at: 2025-07-23 15:52:13 CEST)" executed successfully
[2025-07-23 15:52:13,681] INFO - Running job "create_app.<locals>.enqueue_sync (trigger: interval[0:01:00], next run at: 2025-07-23 15:53:13 CEST)" (scheduled at 2025-07-23 15:52:13.679524+02:00)
[2025-07-23 15:52:17,798] INFO - Job "create_app.<locals>.enqueue_sync (trigger: interval[0:01:00], next run at: 2025-07-23 15:53:13 CEST)" executed successfully
[2025-07-24 01:33:05,531] WARNING - Redis unavailable, tasks will run inline
[2025-07-24 01:33:05,543] INFO - Adding job tentatively -- it will be properly scheduled when the scheduler starts
[2025-07-24 01:33:05,554] INFO - Added job "create_app.<locals>.enqueue_sync" to job store "default"
[2025-07-24 01:33:05,555] INFO - Scheduler started
[2025-07-24 01:33:05,652] INFO - [31m[1mWARNING: This is a development server. Do not use it in a production deployment. Use a production WSGI server instead.[0m
 * Running on http://127.0.0.1:5000
[2025-07-24 01:33:05,653] INFO - [33mPress CTRL+C to quit[0m
[2025-07-24 01:33:10,979] INFO - 127.0.0.1 - - [24/Jul/2025 01:33:10] "[32mGET /dashboard HTTP/1.1[0m" 302 -
[2025-07-24 01:33:11,012] INFO - 127.0.0.1 - - [24/Jul/2025 01:33:11] "GET /login HTTP/1.1" 200 -
[2025-07-24 01:33:11,439] INFO - 127.0.0.1 - - [24/Jul/2025 01:33:11] "[36mGET /static/styles.css HTTP/1.1[0m" 304 -
[2025-07-24 01:33:13,689] INFO - 127.0.0.1 - - [24/Jul/2025 01:33:13] "[36mGET /static/manifest.json HTTP/1.1[0m" 304 -
[2025-07-24 01:33:13,775] INFO - 127.0.0.1 - - [24/Jul/2025 01:33:13] "[33mGET /favicon.ico HTTP/1.1[0m" 404 -
[2025-07-24 01:33:29,291] INFO - 127.0.0.1 - - [24/Jul/2025 01:33:29] "[32mPOST /login HTTP/1.1[0m" 302 -
[2025-07-24 01:33:29,303] INFO - 127.0.0.1 - - [24/Jul/2025 01:33:29] "GET /dashboard HTTP/1.1" 200 -
[2025-07-24 01:33:29,353] INFO - 127.0.0.1 - - [24/Jul/2025 01:33:29] "[36mGET /static/styles.css HTTP/1.1[0m" 304 -
[2025-07-24 01:33:29,354] INFO - 127.0.0.1 - - [24/Jul/2025 01:33:29] "[36mGET /static/main.js HTTP/1.1[0m" 304 -
[2025-07-24 01:33:30,877] INFO - 127.0.0.1 - - [24/Jul/2025 01:33:30] "[36mGET /static/manifest.json HTTP/1.1[0m" 304 -
[2025-07-24 01:33:41,250] INFO - created group 1
[2025-07-24 01:33:41,336] INFO - 127.0.0.1 - - [24/Jul/2025 01:33:41] "[35m[1mPOST /dashboard/api/groups HTTP/1.1[0m" 201 -
[2025-07-24 01:33:41,398] INFO - 127.0.0.1 - - [24/Jul/2025 01:33:41] "[31m[1mGET /dashboard/api/groups HTTP/1.1[0m" 422 -
[2025-07-24 01:33:52,533] INFO - created account 1 in group 1
[2025-07-24 01:33:52,610] INFO - 127.0.0.1 - - [24/Jul/2025 01:33:52] "[35m[1mPOST /dashboard/api/accounts HTTP/1.1[0m" 201 -
[2025-07-24 01:33:52,622] INFO - 127.0.0.1 - - [24/Jul/2025 01:33:52] "[31m[1mGET /dashboard/api/accounts HTTP/1.1[0m" 422 -
[2025-07-24 01:33:52,623] INFO - 127.0.0.1 - - [24/Jul/2025 01:33:52] "[31m[1mGET /dashboard/api/bots HTTP/1.1[0m" 422 -
[2025-07-24 01:34:05,561] INFO - Running job "create_app.<locals>.enqueue_sync (trigger: interval[0:01:00], next run at: 2025-07-24 01:34:05 CEST)" (scheduled at 2025-07-24 01:34:05.543080+02:00)
[2025-07-24 01:34:09,641] WARNING - Redis unavailable, deferring sync
[2025-07-24 01:34:09,661] INFO - Job "create_app.<locals>.enqueue_sync (trigger: interval[0:01:00], next run at: 2025-07-24 01:35:05 CEST)" executed successfully
[2025-07-24 01:35:05,557] INFO - Running job "create_app.<locals>.enqueue_sync (trigger: interval[0:01:00], next run at: 2025-07-24 01:36:05 CEST)" (scheduled at 2025-07-24 01:35:05.543080+02:00)
[2025-07-24 01:35:09,638] INFO - Job "create_app.<locals>.enqueue_sync (trigger: interval[0:01:00], next run at: 2025-07-24 01:36:05 CEST)" executed successfully
[2025-07-24 01:36:05,544] INFO - Running job "create_app.<locals>.enqueue_sync (trigger: interval[0:01:00], next run at: 2025-07-24 01:37:05 CEST)" (scheduled at 2025-07-24 01:36:05.543080+02:00)
[2025-07-24 01:36:09,632] INFO - Job "create_app.<locals>.enqueue_sync (trigger: interval[0:01:00], next run at: 2025-07-24 01:37:05 CEST)" executed successfully
[2025-07-24 01:37:05,544] INFO - Running job "create_app.<locals>.enqueue_sync (trigger: interval[0:01:00], next run at: 2025-07-24 01:38:05 CEST)" (scheduled at 2025-07-24 01:37:05.543080+02:00)
[2025-07-24 01:37:09,644] INFO - Job "create_app.<locals>.enqueue_sync (trigger: interval[0:01:00], next run at: 2025-07-24 01:38:05 CEST)" executed successfully
[2025-07-24 01:38:05,558] INFO - Running job "create_app.<locals>.enqueue_sync (trigger: interval[0:01:00], next run at: 2025-07-24 01:39:05 CEST)" (scheduled at 2025-07-24 01:38:05.543080+02:00)
[2025-07-24 01:38:09,668] INFO - Job "create_app.<locals>.enqueue_sync (trigger: interval[0:01:00], next run at: 2025-07-24 01:39:05 CEST)" executed successfully
[2025-07-24 01:39:05,551] INFO - Running job "create_app.<locals>.enqueue_sync (trigger: interval[0:01:00], next run at: 2025-07-24 01:40:05 CEST)" (scheduled at 2025-07-24 01:39:05.543080+02:00)
[2025-07-24 01:39:09,624] INFO - Job "create_app.<locals>.enqueue_sync (trigger: interval[0:01:00], next run at: 2025-07-24 01:40:05 CEST)" executed successfully
[2025-07-24 01:40:05,548] INFO - Running job "create_app.<locals>.enqueue_sync (trigger: interval[0:01:00], next run at: 2025-07-24 01:41:05 CEST)" (scheduled at 2025-07-24 01:40:05.543080+02:00)
[2025-07-24 01:40:09,626] INFO - Job "create_app.<locals>.enqueue_sync (trigger: interval[0:01:00], next run at: 2025-07-24 01:41:05 CEST)" executed successfully
[2025-07-24 01:41:05,549] INFO - Running job "create_app.<locals>.enqueue_sync (trigger: interval[0:01:00], next run at: 2025-07-24 01:42:05 CEST)" (scheduled at 2025-07-24 01:41:05.543080+02:00)
[2025-07-24 01:41:09,624] INFO - Job "create_app.<locals>.enqueue_sync (trigger: interval[0:01:00], next run at: 2025-07-24 01:42:05 CEST)" executed successfully
[2025-07-24 01:42:05,547] INFO - Running job "create_app.<locals>.enqueue_sync (trigger: interval[0:01:00], next run at: 2025-07-24 01:43:05 CEST)" (scheduled at 2025-07-24 01:42:05.543080+02:00)
[2025-07-24 01:42:09,624] INFO - Job "create_app.<locals>.enqueue_sync (trigger: interval[0:01:00], next run at: 2025-07-24 01:43:05 CEST)" executed successfully
[2025-07-24 01:43:05,552] INFO - Running job "create_app.<locals>.enqueue_sync (trigger: interval[0:01:00], next run at: 2025-07-24 01:44:05 CEST)" (scheduled at 2025-07-24 01:43:05.543080+02:00)
[2025-07-24 01:43:09,656] INFO - Job "create_app.<locals>.enqueue_sync (trigger: interval[0:01:00], next run at: 2025-07-24 01:44:05 CEST)" executed successfully
[2025-07-24 01:44:05,556] INFO - Running job "create_app.<locals>.enqueue_sync (trigger: interval[0:01:00], next run at: 2025-07-24 01:45:05 CEST)" (scheduled at 2025-07-24 01:44:05.543080+02:00)
[2025-07-24 01:44:09,651] INFO - Job "create_app.<locals>.enqueue_sync (trigger: interval[0:01:00], next run at: 2025-07-24 01:45:05 CEST)" executed successfully
[2025-07-24 01:45:05,551] INFO - Running job "create_app.<locals>.enqueue_sync (trigger: interval[0:01:00], next run at: 2025-07-24 01:46:05 CEST)" (scheduled at 2025-07-24 01:45:05.543080+02:00)
[2025-07-24 01:45:09,664] INFO - Job "create_app.<locals>.enqueue_sync (trigger: interval[0:01:00], next run at: 2025-07-24 01:46:05 CEST)" executed successfully
[2025-07-24 01:46:05,553] INFO - Running job "create_app.<locals>.enqueue_sync (trigger: interval[0:01:00], next run at: 2025-07-24 01:47:05 CEST)" (scheduled at 2025-07-24 01:46:05.543080+02:00)
[2025-07-24 01:46:09,647] INFO - Job "create_app.<locals>.enqueue_sync (trigger: interval[0:01:00], next run at: 2025-07-24 01:47:05 CEST)" executed successfully
[2025-07-24 01:47:05,558] INFO - Running job "create_app.<locals>.enqueue_sync (trigger: interval[0:01:00], next run at: 2025-07-24 01:48:05 CEST)" (scheduled at 2025-07-24 01:47:05.543080+02:00)
[2025-07-24 01:47:09,633] INFO - Job "create_app.<locals>.enqueue_sync (trigger: interval[0:01:00], next run at: 2025-07-24 01:48:05 CEST)" executed successfully
[2025-07-24 01:48:05,552] INFO - Running job "create_app.<locals>.enqueue_sync (trigger: interval[0:01:00], next run at: 2025-07-24 01:49:05 CEST)" (scheduled at 2025-07-24 01:48:05.543080+02:00)
[2025-07-24 01:48:09,654] INFO - Job "create_app.<locals>.enqueue_sync (trigger: interval[0:01:00], next run at: 2025-07-24 01:49:05 CEST)" executed successfully
[2025-07-24 01:49:05,556] INFO - Running job "create_app.<locals>.enqueue_sync (trigger: interval[0:01:00], next run at: 2025-07-24 01:50:05 CEST)" (scheduled at 2025-07-24 01:49:05.543080+02:00)
[2025-07-24 01:49:09,650] INFO - Job "create_app.<locals>.enqueue_sync (trigger: interval[0:01:00], next run at: 2025-07-24 01:50:05 CEST)" executed successfully
[2025-07-24 01:50:05,553] INFO - Running job "create_app.<locals>.enqueue_sync (trigger: interval[0:01:00], next run at: 2025-07-24 01:51:05 CEST)" (scheduled at 2025-07-24 01:50:05.543080+02:00)
[2025-07-24 01:50:09,626] INFO - Job "create_app.<locals>.enqueue_sync (trigger: interval[0:01:00], next run at: 2025-07-24 01:51:05 CEST)" executed successfully
[2025-07-24 01:51:05,550] INFO - Running job "create_app.<locals>.enqueue_sync (trigger: interval[0:01:00], next run at: 2025-07-24 01:52:05 CEST)" (scheduled at 2025-07-24 01:51:05.543080+02:00)
[2025-07-24 01:51:09,635] INFO - Job "create_app.<locals>.enqueue_sync (trigger: interval[0:01:00], next run at: 2025-07-24 01:52:05 CEST)" executed successfully
[2025-07-24 01:52:05,558] INFO - Running job "create_app.<locals>.enqueue_sync (trigger: interval[0:01:00], next run at: 2025-07-24 01:53:05 CEST)" (scheduled at 2025-07-24 01:52:05.543080+02:00)
[2025-07-24 01:52:09,751] INFO - Job "create_app.<locals>.enqueue_sync (trigger: interval[0:01:00], next run at: 2025-07-24 01:53:05 CEST)" executed successfully
[2025-07-24 01:53:05,548] INFO - Running job "create_app.<locals>.enqueue_sync (trigger: interval[0:01:00], next run at: 2025-07-24 01:54:05 CEST)" (scheduled at 2025-07-24 01:53:05.543080+02:00)
[2025-07-24 01:53:09,636] INFO - Job "create_app.<locals>.enqueue_sync (trigger: interval[0:01:00], next run at: 2025-07-24 01:54:05 CEST)" executed successfully
[2025-07-24 01:54:05,557] INFO - Running job "create_app.<locals>.enqueue_sync (trigger: interval[0:01:00], next run at: 2025-07-24 01:55:05 CEST)" (scheduled at 2025-07-24 01:54:05.543080+02:00)
[2025-07-24 01:54:09,647] INFO - Job "create_app.<locals>.enqueue_sync (trigger: interval[0:01:00], next run at: 2025-07-24 01:55:05 CEST)" executed successfully
[2025-07-24 01:55:05,557] INFO - Running job "create_app.<locals>.enqueue_sync (trigger: interval[0:01:00], next run at: 2025-07-24 01:56:05 CEST)" (scheduled at 2025-07-24 01:55:05.543080+02:00)
[2025-07-24 01:55:09,636] INFO - Job "create_app.<locals>.enqueue_sync (trigger: interval[0:01:00], next run at: 2025-07-24 01:56:05 CEST)" executed successfully
[2025-07-24 01:56:05,551] INFO - Running job "create_app.<locals>.enqueue_sync (trigger: interval[0:01:00], next run at: 2025-07-24 01:57:05 CEST)" (scheduled at 2025-07-24 01:56:05.543080+02:00)
[2025-07-24 01:56:09,665] INFO - Job "create_app.<locals>.enqueue_sync (trigger: interval[0:01:00], next run at: 2025-07-24 01:57:05 CEST)" executed successfully
[2025-07-24 01:57:05,578] INFO - Running job "create_app.<locals>.enqueue_sync (trigger: interval[0:01:00], next run at: 2025-07-24 01:58:05 CEST)" (scheduled at 2025-07-24 01:57:05.543080+02:00)
[2025-07-24 01:57:10,345] INFO - Job "create_app.<locals>.enqueue_sync (trigger: interval[0:01:00], next run at: 2025-07-24 01:58:05 CEST)" executed successfully
[2025-07-24 01:58:05,552] INFO - Running job "create_app.<locals>.enqueue_sync (trigger: interval[0:01:00], next run at: 2025-07-24 01:59:05 CEST)" (scheduled at 2025-07-24 01:58:05.543080+02:00)
[2025-07-24 01:58:10,014] INFO - Job "create_app.<locals>.enqueue_sync (trigger: interval[0:01:00], next run at: 2025-07-24 01:59:05 CEST)" executed successfully
[2025-07-24 01:59:05,555] INFO - Running job "create_app.<locals>.enqueue_sync (trigger: interval[0:01:00], next run at: 2025-07-24 02:00:05 CEST)" (scheduled at 2025-07-24 01:59:05.543080+02:00)
[2025-07-24 01:59:09,642] INFO - Job "create_app.<locals>.enqueue_sync (trigger: interval[0:01:00], next run at: 2025-07-24 02:00:05 CEST)" executed successfully
[2025-07-24 02:00:05,555] INFO - Running job "create_app.<locals>.enqueue_sync (trigger: interval[0:01:00], next run at: 2025-07-24 02:01:05 CEST)" (scheduled at 2025-07-24 02:00:05.543080+02:00)
[2025-07-24 02:00:10,647] INFO - Job "create_app.<locals>.enqueue_sync (trigger: interval[0:01:00], next run at: 2025-07-24 02:01:05 CEST)" executed successfully
[2025-07-24 02:01:05,567] INFO - Running job "create_app.<locals>.enqueue_sync (trigger: interval[0:01:00], next run at: 2025-07-24 02:02:05 CEST)" (scheduled at 2025-07-24 02:01:05.543080+02:00)
[2025-07-24 02:01:10,382] INFO - Job "create_app.<locals>.enqueue_sync (trigger: interval[0:01:00], next run at: 2025-07-24 02:02:05 CEST)" executed successfully
[2025-07-24 02:02:05,554] INFO - Running job "create_app.<locals>.enqueue_sync (trigger: interval[0:01:00], next run at: 2025-07-24 02:03:05 CEST)" (scheduled at 2025-07-24 02:02:05.543080+02:00)
[2025-07-24 02:02:10,075] INFO - Job "create_app.<locals>.enqueue_sync (trigger: interval[0:01:00], next run at: 2025-07-24 02:03:05 CEST)" executed successfully
[2025-07-24 02:03:05,560] INFO - Running job "create_app.<locals>.enqueue_sync (trigger: interval[0:01:00], next run at: 2025-07-24 02:04:05 CEST)" (scheduled at 2025-07-24 02:03:05.543080+02:00)
[2025-07-24 02:03:10,535] INFO - Job "create_app.<locals>.enqueue_sync (trigger: interval[0:01:00], next run at: 2025-07-24 02:04:05 CEST)" executed successfully
[2025-07-24 02:04:05,555] INFO - Running job "create_app.<locals>.enqueue_sync (trigger: interval[0:01:00], next run at: 2025-07-24 02:05:05 CEST)" (scheduled at 2025-07-24 02:04:05.543080+02:00)
[2025-07-24 02:04:09,645] INFO - Job "create_app.<locals>.enqueue_sync (trigger: interval[0:01:00], next run at: 2025-07-24 02:05:05 CEST)" executed successfully
[2025-07-24 02:05:05,565] INFO - Running job "create_app.<locals>.enqueue_sync (trigger: interval[0:01:00], next run at: 2025-07-24 02:06:05 CEST)" (scheduled at 2025-07-24 02:05:05.543080+02:00)
[2025-07-24 02:05:10,219] INFO - Job "create_app.<locals>.enqueue_sync (trigger: interval[0:01:00], next run at: 2025-07-24 02:06:05 CEST)" executed successfully
[2025-07-24 02:06:05,551] INFO - Running job "create_app.<locals>.enqueue_sync (trigger: interval[0:01:00], next run at: 2025-07-24 02:07:05 CEST)" (scheduled at 2025-07-24 02:06:05.543080+02:00)
[2025-07-24 02:06:10,328] INFO - Job "create_app.<locals>.enqueue_sync (trigger: interval[0:01:00], next run at: 2025-07-24 02:07:05 CEST)" executed successfully
[2025-07-24 02:07:05,557] INFO - Running job "create_app.<locals>.enqueue_sync (trigger: interval[0:01:00], next run at: 2025-07-24 02:08:05 CEST)" (scheduled at 2025-07-24 02:07:05.543080+02:00)
[2025-07-24 02:07:09,632] INFO - Job "create_app.<locals>.enqueue_sync (trigger: interval[0:01:00], next run at: 2025-07-24 02:08:05 CEST)" executed successfully
[2025-07-24 02:08:05,572] INFO - Running job "create_app.<locals>.enqueue_sync (trigger: interval[0:01:00], next run at: 2025-07-24 02:09:05 CEST)" (scheduled at 2025-07-24 02:08:05.543080+02:00)
[2025-07-24 02:08:09,659] INFO - Job "create_app.<locals>.enqueue_sync (trigger: interval[0:01:00], next run at: 2025-07-24 02:09:05 CEST)" executed successfully
[2025-07-24 02:09:05,554] INFO - Running job "create_app.<locals>.enqueue_sync (trigger: interval[0:01:00], next run at: 2025-07-24 02:10:05 CEST)" (scheduled at 2025-07-24 02:09:05.543080+02:00)
[2025-07-24 13:04:11,589] WARNING - Redis unavailable, tasks will run inline
[2025-07-24 13:04:11,610] INFO - Adding job tentatively -- it will be properly scheduled when the scheduler starts
[2025-07-24 13:04:11,610] INFO - Added job "create_app.<locals>.enqueue_sync" to job store "default"
[2025-07-24 13:04:11,611] INFO - Scheduler started
[2025-07-24 13:04:11,694] INFO - [31m[1mWARNING: This is a development server. Do not use it in a production deployment. Use a production WSGI server instead.[0m
 * Running on http://127.0.0.1:5000
[2025-07-24 13:04:11,695] INFO - [33mPress CTRL+C to quit[0m
[2025-07-24 13:04:32,176] INFO - 127.0.0.1 - - [24/Jul/2025 13:04:32] "[32mGET / HTTP/1.1[0m" 302 -
[2025-07-24 13:04:32,233] INFO - 127.0.0.1 - - [24/Jul/2025 13:04:32] "GET /dashboard HTTP/1.1" 200 -
[2025-07-24 13:04:32,596] INFO - 127.0.0.1 - - [24/Jul/2025 13:04:32] "[36mGET /static/main.js HTTP/1.1[0m" 304 -
[2025-07-24 13:04:32,598] INFO - 127.0.0.1 - - [24/Jul/2025 13:04:32] "[36mGET /static/styles.css HTTP/1.1[0m" 304 -
[2025-07-24 13:04:35,102] INFO - 127.0.0.1 - - [24/Jul/2025 13:04:35] "[36mGET /static/manifest.json HTTP/1.1[0m" 304 -
[2025-07-24 13:05:00,506] WARNING - duplicate account username 1
[2025-07-24 13:05:00,507] INFO - 127.0.0.1 - - [24/Jul/2025 13:05:00] "[31m[1mPOST /dashboard/api/accounts HTTP/1.1[0m" 400 -
[2025-07-24 13:05:04,778] WARNING - duplicate account username 1
[2025-07-24 13:05:04,778] INFO - 127.0.0.1 - - [24/Jul/2025 13:05:04] "[31m[1mPOST /dashboard/api/accounts HTTP/1.1[0m" 400 -
[2025-07-24 13:05:10,173] WARNING - duplicate account username 12
[2025-07-24 13:05:10,174] INFO - 127.0.0.1 - - [24/Jul/2025 13:05:10] "[31m[1mPOST /dashboard/api/accounts HTTP/1.1[0m" 400 -
[2025-07-24 13:05:11,625] INFO - Running job "create_app.<locals>.enqueue_sync (trigger: interval[0:01:00], next run at: 2025-07-24 13:05:11 CEST)" (scheduled at 2025-07-24 13:05:11.610439+02:00)
[2025-07-24 13:05:15,692] WARNING - Redis unavailable, deferring sync
[2025-07-24 13:05:15,732] INFO - Job "create_app.<locals>.enqueue_sync (trigger: interval[0:01:00], next run at: 2025-07-24 13:06:11 CEST)" executed successfully
[2025-07-24 13:05:16,973] WARNING - duplicate group name 1
[2025-07-24 13:05:16,974] INFO - 127.0.0.1 - - [24/Jul/2025 13:05:16] "[31m[1mPOST /dashboard/api/groups HTTP/1.1[0m" 400 -
[2025-07-24 13:05:21,777] WARNING - duplicate group name 12
[2025-07-24 13:05:21,778] INFO - 127.0.0.1 - - [24/Jul/2025 13:05:21] "[31m[1mPOST /dashboard/api/groups HTTP/1.1[0m" 400 -
[2025-07-24 13:05:24,854] WARNING - duplicate group name 123
[2025-07-24 13:05:24,855] INFO - 127.0.0.1 - - [24/Jul/2025 13:05:24] "[31m[1mPOST /dashboard/api/groups HTTP/1.1[0m" 400 -
[2025-07-24 13:05:27,009] WARNING - duplicate group name 123
[2025-07-24 13:05:27,010] INFO - 127.0.0.1 - - [24/Jul/2025 13:05:27] "[31m[1mPOST /dashboard/api/groups HTTP/1.1[0m" 400 -
[2025-07-24 13:05:27,821] WARNING - duplicate group name 123
[2025-07-24 13:05:27,822] INFO - 127.0.0.1 - - [24/Jul/2025 13:05:27] "[31m[1mPOST /dashboard/api/groups HTTP/1.1[0m" 400 -
[2025-07-24 13:05:27,999] WARNING - duplicate group name 123
[2025-07-24 13:05:27,999] INFO - 127.0.0.1 - - [24/Jul/2025 13:05:27] "[31m[1mPOST /dashboard/api/groups HTTP/1.1[0m" 400 -
[2025-07-24 13:05:28,170] WARNING - duplicate group name 123
[2025-07-24 13:05:28,171] INFO - 127.0.0.1 - - [24/Jul/2025 13:05:28] "[31m[1mPOST /dashboard/api/groups HTTP/1.1[0m" 400 -
[2025-07-24 13:05:28,332] WARNING - duplicate group name 123
[2025-07-24 13:05:28,332] INFO - 127.0.0.1 - - [24/Jul/2025 13:05:28] "[31m[1mPOST /dashboard/api/groups HTTP/1.1[0m" 400 -
[2025-07-24 13:05:28,490] WARNING - duplicate group name 123
[2025-07-24 13:05:28,491] INFO - 127.0.0.1 - - [24/Jul/2025 13:05:28] "[31m[1mPOST /dashboard/api/groups HTTP/1.1[0m" 400 -
[2025-07-24 13:05:28,768] WARNING - duplicate group name 123
[2025-07-24 13:05:28,768] INFO - 127.0.0.1 - - [24/Jul/2025 13:05:28] "[31m[1mPOST /dashboard/api/groups HTTP/1.1[0m" 400 -
[2025-07-24 13:06:11,613] INFO - Running job "create_app.<locals>.enqueue_sync (trigger: interval[0:01:00], next run at: 2025-07-24 13:07:11 CEST)" (scheduled at 2025-07-24 13:06:11.610439+02:00)
[2025-07-24 13:06:15,701] INFO - Job "create_app.<locals>.enqueue_sync (trigger: interval[0:01:00], next run at: 2025-07-24 13:07:11 CEST)" executed successfully
[2025-07-24 13:07:11,619] INFO - Running job "create_app.<locals>.enqueue_sync (trigger: interval[0:01:00], next run at: 2025-07-24 13:08:11 CEST)" (scheduled at 2025-07-24 13:07:11.610439+02:00)
[2025-07-24 13:07:15,718] INFO - Job "create_app.<locals>.enqueue_sync (trigger: interval[0:01:00], next run at: 2025-07-24 13:08:11 CEST)" executed successfully
[2025-07-24 13:08:11,611] INFO - Running job "create_app.<locals>.enqueue_sync (trigger: interval[0:01:00], next run at: 2025-07-24 13:09:11 CEST)" (scheduled at 2025-07-24 13:08:11.610439+02:00)
[2025-07-24 13:08:15,682] INFO - Job "create_app.<locals>.enqueue_sync (trigger: interval[0:01:00], next run at: 2025-07-24 13:09:11 CEST)" executed successfully
[2025-07-24 13:09:11,631] INFO - Running job "create_app.<locals>.enqueue_sync (trigger: interval[0:01:00], next run at: 2025-07-24 13:10:11 CEST)" (scheduled at 2025-07-24 13:09:11.610439+02:00)
[2025-07-24 13:09:16,480] INFO - Job "create_app.<locals>.enqueue_sync (trigger: interval[0:01:00], next run at: 2025-07-24 13:10:11 CEST)" executed successfully
[2025-07-24 13:10:11,730] INFO - Running job "create_app.<locals>.enqueue_sync (trigger: interval[0:01:00], next run at: 2025-07-24 13:11:11 CEST)" (scheduled at 2025-07-24 13:10:11.610439+02:00)
[2025-07-24 13:10:15,819] INFO - Job "create_app.<locals>.enqueue_sync (trigger: interval[0:01:00], next run at: 2025-07-24 13:11:11 CEST)" executed successfully
[2025-07-24 13:11:11,627] INFO - Running job "create_app.<locals>.enqueue_sync (trigger: interval[0:01:00], next run at: 2025-07-24 13:12:11 CEST)" (scheduled at 2025-07-24 13:11:11.610439+02:00)
[2025-07-24 13:11:15,713] INFO - Job "create_app.<locals>.enqueue_sync (trigger: interval[0:01:00], next run at: 2025-07-24 13:12:11 CEST)" executed successfully
[2025-07-24 13:12:11,622] INFO - Running job "create_app.<locals>.enqueue_sync (trigger: interval[0:01:00], next run at: 2025-07-24 13:13:11 CEST)" (scheduled at 2025-07-24 13:12:11.610439+02:00)
[2025-07-24 13:12:15,696] INFO - Job "create_app.<locals>.enqueue_sync (trigger: interval[0:01:00], next run at: 2025-07-24 13:13:11 CEST)" executed successfully
[2025-07-24 13:13:11,620] INFO - Running job "create_app.<locals>.enqueue_sync (trigger: interval[0:01:00], next run at: 2025-07-24 13:14:11 CEST)" (scheduled at 2025-07-24 13:13:11.610439+02:00)
[2025-07-24 13:13:15,706] INFO - Job "create_app.<locals>.enqueue_sync (trigger: interval[0:01:00], next run at: 2025-07-24 13:14:11 CEST)" executed successfully
[2025-07-24 13:14:11,625] INFO - Running job "create_app.<locals>.enqueue_sync (trigger: interval[0:01:00], next run at: 2025-07-24 13:15:11 CEST)" (scheduled at 2025-07-24 13:14:11.610439+02:00)
[2025-07-24 13:14:15,696] INFO - Job "create_app.<locals>.enqueue_sync (trigger: interval[0:01:00], next run at: 2025-07-24 13:15:11 CEST)" executed successfully
[2025-07-24 13:15:11,645] INFO - Running job "create_app.<locals>.enqueue_sync (trigger: interval[0:01:00], next run at: 2025-07-24 13:16:11 CEST)" (scheduled at 2025-07-24 13:15:11.610439+02:00)
[2025-07-24 13:15:15,721] INFO - Job "create_app.<locals>.enqueue_sync (trigger: interval[0:01:00], next run at: 2025-07-24 13:16:11 CEST)" executed successfully
[2025-07-24 13:16:11,625] INFO - Running job "create_app.<locals>.enqueue_sync (trigger: interval[0:01:00], next run at: 2025-07-24 13:17:11 CEST)" (scheduled at 2025-07-24 13:16:11.610439+02:00)
[2025-07-24 13:16:15,709] INFO - Job "create_app.<locals>.enqueue_sync (trigger: interval[0:01:00], next run at: 2025-07-24 13:17:11 CEST)" executed successfully
[2025-07-24 13:17:11,626] INFO - Running job "create_app.<locals>.enqueue_sync (trigger: interval[0:01:00], next run at: 2025-07-24 13:18:11 CEST)" (scheduled at 2025-07-24 13:17:11.610439+02:00)
[2025-07-24 13:17:15,706] INFO - Job "create_app.<locals>.enqueue_sync (trigger: interval[0:01:00], next run at: 2025-07-24 13:18:11 CEST)" executed successfully
[2025-07-24 13:18:11,625] INFO - Running job "create_app.<locals>.enqueue_sync (trigger: interval[0:01:00], next run at: 2025-07-24 13:19:11 CEST)" (scheduled at 2025-07-24 13:18:11.610439+02:00)
[2025-07-24 13:18:15,710] INFO - Job "create_app.<locals>.enqueue_sync (trigger: interval[0:01:00], next run at: 2025-07-24 13:19:11 CEST)" executed successfully
[2025-07-24 13:19:58,892] WARNING - Redis unavailable, tasks will run inline
[2025-07-24 13:19:58,902] INFO - Adding job tentatively -- it will be properly scheduled when the scheduler starts
[2025-07-24 13:19:58,902] INFO - Adding job tentatively -- it will be properly scheduled when the scheduler starts
[2025-07-24 13:19:58,903] INFO - Added job "create_app.<locals>.enqueue_sync" to job store "default"
[2025-07-24 13:19:58,904] INFO - Added job "create_app.<locals>.<lambda>" to job store "default"
[2025-07-24 13:19:58,904] INFO - Scheduler started
[2025-07-24 13:19:58,966] INFO - [31m[1mWARNING: This is a development server. Do not use it in a production deployment. Use a production WSGI server instead.[0m
 * Running on http://127.0.0.1:5000
[2025-07-24 13:19:58,967] INFO - [33mPress CTRL+C to quit[0m
[2025-07-24 13:19:59,028] INFO - 127.0.0.1 - - [24/Jul/2025 13:19:59] "GET /dashboard HTTP/1.1" 200 -
[2025-07-24 13:19:59,173] INFO - 127.0.0.1 - - [24/Jul/2025 13:19:59] "[36mGET /static/styles.css HTTP/1.1[0m" 304 -
[2025-07-24 13:19:59,256] INFO - 127.0.0.1 - - [24/Jul/2025 13:19:59] "[36mGET /static/main.js HTTP/1.1[0m" 304 -
[2025-07-24 13:20:01,254] INFO - 127.0.0.1 - - [24/Jul/2025 13:20:01] "[36mGET /static/manifest.json HTTP/1.1[0m" 304 -
[2025-07-24 13:20:03,918] INFO - Running job "create_app.<locals>.<lambda> (trigger: interval[0:00:05], next run at: 2025-07-24 13:20:03 CEST)" (scheduled at 2025-07-24 13:20:03.902763+02:00)
[2025-07-24 13:20:03,919] INFO - Job "create_app.<locals>.<lambda> (trigger: interval[0:00:05], next run at: 2025-07-24 13:20:08 CEST)" executed successfully
[2025-07-24 13:20:08,908] INFO - Running job "create_app.<locals>.<lambda> (trigger: interval[0:00:05], next run at: 2025-07-24 13:20:13 CEST)" (scheduled at 2025-07-24 13:20:08.902763+02:00)
[2025-07-24 13:20:08,909] INFO - Job "create_app.<locals>.<lambda> (trigger: interval[0:00:05], next run at: 2025-07-24 13:20:13 CEST)" executed successfully
[2025-07-24 13:20:13,917] INFO - Running job "create_app.<locals>.<lambda> (trigger: interval[0:00:05], next run at: 2025-07-24 13:20:18 CEST)" (scheduled at 2025-07-24 13:20:13.902763+02:00)
[2025-07-24 13:20:13,918] INFO - Job "create_app.<locals>.<lambda> (trigger: interval[0:00:05], next run at: 2025-07-24 13:20:18 CEST)" executed successfully
[2025-07-24 13:20:18,914] INFO - Running job "create_app.<locals>.<lambda> (trigger: interval[0:00:05], next run at: 2025-07-24 13:20:23 CEST)" (scheduled at 2025-07-24 13:20:18.902763+02:00)
[2025-07-24 13:20:18,915] INFO - Job "create_app.<locals>.<lambda> (trigger: interval[0:00:05], next run at: 2025-07-24 13:20:23 CEST)" executed successfully
[2025-07-24 13:20:23,907] INFO - Running job "create_app.<locals>.<lambda> (trigger: interval[0:00:05], next run at: 2025-07-24 13:20:28 CEST)" (scheduled at 2025-07-24 13:20:23.902763+02:00)
[2025-07-24 13:20:23,908] INFO - Job "create_app.<locals>.<lambda> (trigger: interval[0:00:05], next run at: 2025-07-24 13:20:28 CEST)" executed successfully
[2025-07-24 13:20:28,911] INFO - Running job "create_app.<locals>.<lambda> (trigger: interval[0:00:05], next run at: 2025-07-24 13:20:33 CEST)" (scheduled at 2025-07-24 13:20:28.902763+02:00)
[2025-07-24 13:20:28,911] INFO - Job "create_app.<locals>.<lambda> (trigger: interval[0:00:05], next run at: 2025-07-24 13:20:33 CEST)" executed successfully
[2025-07-24 13:20:33,908] INFO - Running job "create_app.<locals>.<lambda> (trigger: interval[0:00:05], next run at: 2025-07-24 13:20:38 CEST)" (scheduled at 2025-07-24 13:20:33.902763+02:00)
[2025-07-24 13:20:33,908] INFO - Job "create_app.<locals>.<lambda> (trigger: interval[0:00:05], next run at: 2025-07-24 13:20:38 CEST)" executed successfully
[2025-07-24 13:20:38,909] INFO - Running job "create_app.<locals>.<lambda> (trigger: interval[0:00:05], next run at: 2025-07-24 13:20:43 CEST)" (scheduled at 2025-07-24 13:20:38.902763+02:00)
[2025-07-24 13:20:38,909] INFO - Job "create_app.<locals>.<lambda> (trigger: interval[0:00:05], next run at: 2025-07-24 13:20:43 CEST)" executed successfully
[2025-07-24 13:20:43,906] INFO - Running job "create_app.<locals>.<lambda> (trigger: interval[0:00:05], next run at: 2025-07-24 13:20:48 CEST)" (scheduled at 2025-07-24 13:20:43.902763+02:00)
[2025-07-24 13:20:43,906] INFO - Job "create_app.<locals>.<lambda> (trigger: interval[0:00:05], next run at: 2025-07-24 13:20:48 CEST)" executed successfully
[2025-07-24 13:20:48,917] INFO - Running job "create_app.<locals>.<lambda> (trigger: interval[0:00:05], next run at: 2025-07-24 13:20:53 CEST)" (scheduled at 2025-07-24 13:20:48.902763+02:00)
[2025-07-24 13:20:48,918] INFO - Job "create_app.<locals>.<lambda> (trigger: interval[0:00:05], next run at: 2025-07-24 13:20:53 CEST)" executed successfully
[2025-07-24 13:20:53,655] INFO - 127.0.0.1 - - [24/Jul/2025 13:20:53] "GET /dashboard HTTP/1.1" 200 -
[2025-07-24 13:20:53,739] INFO - 127.0.0.1 - - [24/Jul/2025 13:20:53] "[36mGET /static/styles.css HTTP/1.1[0m" 304 -
[2025-07-24 13:20:53,756] INFO - 127.0.0.1 - - [24/Jul/2025 13:20:53] "[36mGET /static/main.js HTTP/1.1[0m" 304 -
[2025-07-24 13:20:53,917] INFO - Running job "create_app.<locals>.<lambda> (trigger: interval[0:00:05], next run at: 2025-07-24 13:20:58 CEST)" (scheduled at 2025-07-24 13:20:53.902763+02:00)
[2025-07-24 13:20:53,918] INFO - Job "create_app.<locals>.<lambda> (trigger: interval[0:00:05], next run at: 2025-07-24 13:20:58 CEST)" executed successfully
[2025-07-24 13:20:55,418] INFO - 127.0.0.1 - - [24/Jul/2025 13:20:55] "[36mGET /static/manifest.json HTTP/1.1[0m" 304 -
[2025-07-24 13:20:57,466] INFO - 127.0.0.1 - - [24/Jul/2025 13:20:57] "GET /dashboard HTTP/1.1" 200 -
[2025-07-24 13:20:57,503] INFO - 127.0.0.1 - - [24/Jul/2025 13:20:57] "[36mGET /static/styles.css HTTP/1.1[0m" 304 -
[2025-07-24 13:20:57,506] INFO - 127.0.0.1 - - [24/Jul/2025 13:20:57] "[36mGET /static/main.js HTTP/1.1[0m" 304 -
[2025-07-24 13:20:58,234] INFO - 127.0.0.1 - - [24/Jul/2025 13:20:58] "[36mGET /static/manifest.json HTTP/1.1[0m" 304 -
[2025-07-24 13:20:58,919] INFO - Running job "create_app.<locals>.enqueue_sync (trigger: interval[0:01:00], next run at: 2025-07-24 13:21:58 CEST)" (scheduled at 2025-07-24 13:20:58.901869+02:00)
[2025-07-24 13:20:58,919] INFO - Running job "create_app.<locals>.<lambda> (trigger: interval[0:00:05], next run at: 2025-07-24 13:21:03 CEST)" (scheduled at 2025-07-24 13:20:58.902763+02:00)
[2025-07-24 13:20:58,920] INFO - Job "create_app.<locals>.<lambda> (trigger: interval[0:00:05], next run at: 2025-07-24 13:21:03 CEST)" executed successfully
[2025-07-24 13:21:02,995] WARNING - Redis unavailable, deferring sync
[2025-07-24 13:21:03,007] INFO - Job "create_app.<locals>.enqueue_sync (trigger: interval[0:01:00], next run at: 2025-07-24 13:21:58 CEST)" executed successfully
[2025-07-24 13:21:03,915] INFO - Running job "create_app.<locals>.<lambda> (trigger: interval[0:00:05], next run at: 2025-07-24 13:21:08 CEST)" (scheduled at 2025-07-24 13:21:03.902763+02:00)
[2025-07-24 13:21:03,915] INFO - Job "create_app.<locals>.<lambda> (trigger: interval[0:00:05], next run at: 2025-07-24 13:21:08 CEST)" executed successfully
[2025-07-24 13:21:08,916] INFO - Running job "create_app.<locals>.<lambda> (trigger: interval[0:00:05], next run at: 2025-07-24 13:21:13 CEST)" (scheduled at 2025-07-24 13:21:08.902763+02:00)
[2025-07-24 13:21:08,916] INFO - Job "create_app.<locals>.<lambda> (trigger: interval[0:00:05], next run at: 2025-07-24 13:21:13 CEST)" executed successfully
[2025-07-24 13:21:13,908] INFO - Running job "create_app.<locals>.<lambda> (trigger: interval[0:00:05], next run at: 2025-07-24 13:21:18 CEST)" (scheduled at 2025-07-24 13:21:13.902763+02:00)
[2025-07-24 13:21:13,917] INFO - Job "create_app.<locals>.<lambda> (trigger: interval[0:00:05], next run at: 2025-07-24 13:21:18 CEST)" executed successfully
[2025-07-24 13:21:18,917] INFO - Running job "create_app.<locals>.<lambda> (trigger: interval[0:00:05], next run at: 2025-07-24 13:21:23 CEST)" (scheduled at 2025-07-24 13:21:18.902763+02:00)
[2025-07-24 13:21:18,917] INFO - Job "create_app.<locals>.<lambda> (trigger: interval[0:00:05], next run at: 2025-07-24 13:21:23 CEST)" executed successfully
[2025-07-24 13:21:23,908] INFO - Running job "create_app.<locals>.<lambda> (trigger: interval[0:00:05], next run at: 2025-07-24 13:21:28 CEST)" (scheduled at 2025-07-24 13:21:23.902763+02:00)
[2025-07-24 13:21:23,908] INFO - Job "create_app.<locals>.<lambda> (trigger: interval[0:00:05], next run at: 2025-07-24 13:21:28 CEST)" executed successfully
[2025-07-24 13:21:28,910] INFO - Running job "create_app.<locals>.<lambda> (trigger: interval[0:00:05], next run at: 2025-07-24 13:21:33 CEST)" (scheduled at 2025-07-24 13:21:28.902763+02:00)
[2025-07-24 13:21:28,911] INFO - Job "create_app.<locals>.<lambda> (trigger: interval[0:00:05], next run at: 2025-07-24 13:21:33 CEST)" executed successfully
[2025-07-24 13:21:33,905] INFO - Running job "create_app.<locals>.<lambda> (trigger: interval[0:00:05], next run at: 2025-07-24 13:21:38 CEST)" (scheduled at 2025-07-24 13:21:33.902763+02:00)
[2025-07-24 13:21:33,905] INFO - Job "create_app.<locals>.<lambda> (trigger: interval[0:00:05], next run at: 2025-07-24 13:21:38 CEST)" executed successfully
[2025-07-24 13:21:37,633] INFO - 127.0.0.1 - - [24/Jul/2025 13:21:37] "[32mGET /logout HTTP/1.1[0m" 302 -
[2025-07-24 13:21:37,654] INFO - 127.0.0.1 - - [24/Jul/2025 13:21:37] "GET /login HTTP/1.1" 200 -
[2025-07-24 13:21:37,703] INFO - 127.0.0.1 - - [24/Jul/2025 13:21:37] "[36mGET /static/styles.css HTTP/1.1[0m" 304 -
[2025-07-24 13:21:38,916] INFO - Running job "create_app.<locals>.<lambda> (trigger: interval[0:00:05], next run at: 2025-07-24 13:21:43 CEST)" (scheduled at 2025-07-24 13:21:38.902763+02:00)
[2025-07-24 13:21:38,917] INFO - Job "create_app.<locals>.<lambda> (trigger: interval[0:00:05], next run at: 2025-07-24 13:21:43 CEST)" executed successfully
[2025-07-24 13:21:40,413] INFO - 127.0.0.1 - - [24/Jul/2025 13:21:40] "[36mGET /static/manifest.json HTTP/1.1[0m" 304 -
[2025-07-24 13:21:43,912] INFO - Running job "create_app.<locals>.<lambda> (trigger: interval[0:00:05], next run at: 2025-07-24 13:21:48 CEST)" (scheduled at 2025-07-24 13:21:43.902763+02:00)
[2025-07-24 13:21:43,912] INFO - Job "create_app.<locals>.<lambda> (trigger: interval[0:00:05], next run at: 2025-07-24 13:21:48 CEST)" executed successfully
[2025-07-24 13:21:48,904] INFO - Running job "create_app.<locals>.<lambda> (trigger: interval[0:00:05], next run at: 2025-07-24 13:21:53 CEST)" (scheduled at 2025-07-24 13:21:48.902763+02:00)
[2025-07-24 13:21:48,904] INFO - Job "create_app.<locals>.<lambda> (trigger: interval[0:00:05], next run at: 2025-07-24 13:21:53 CEST)" executed successfully
[2025-07-24 13:21:53,916] INFO - Running job "create_app.<locals>.<lambda> (trigger: interval[0:00:05], next run at: 2025-07-24 13:21:58 CEST)" (scheduled at 2025-07-24 13:21:53.902763+02:00)
[2025-07-24 13:21:53,917] INFO - Job "create_app.<locals>.<lambda> (trigger: interval[0:00:05], next run at: 2025-07-24 13:21:58 CEST)" executed successfully
[2025-07-24 13:21:58,911] INFO - Running job "create_app.<locals>.enqueue_sync (trigger: interval[0:01:00], next run at: 2025-07-24 13:22:58 CEST)" (scheduled at 2025-07-24 13:21:58.901869+02:00)
[2025-07-24 13:21:58,912] INFO - Running job "create_app.<locals>.<lambda> (trigger: interval[0:00:05], next run at: 2025-07-24 13:22:03 CEST)" (scheduled at 2025-07-24 13:21:58.902763+02:00)
[2025-07-24 13:21:58,912] INFO - Job "create_app.<locals>.<lambda> (trigger: interval[0:00:05], next run at: 2025-07-24 13:22:03 CEST)" executed successfully
[2025-07-24 13:22:03,014] INFO - Job "create_app.<locals>.enqueue_sync (trigger: interval[0:01:00], next run at: 2025-07-24 13:22:58 CEST)" executed successfully
[2025-07-24 13:22:03,906] INFO - Running job "create_app.<locals>.<lambda> (trigger: interval[0:00:05], next run at: 2025-07-24 13:22:08 CEST)" (scheduled at 2025-07-24 13:22:03.902763+02:00)
[2025-07-24 13:22:03,906] INFO - Job "create_app.<locals>.<lambda> (trigger: interval[0:00:05], next run at: 2025-07-24 13:22:08 CEST)" executed successfully
[2025-07-24 13:22:08,908] INFO - Running job "create_app.<locals>.<lambda> (trigger: interval[0:00:05], next run at: 2025-07-24 13:22:13 CEST)" (scheduled at 2025-07-24 13:22:08.902763+02:00)
[2025-07-24 13:22:08,908] INFO - Job "create_app.<locals>.<lambda> (trigger: interval[0:00:05], next run at: 2025-07-24 13:22:13 CEST)" executed successfully
[2025-07-24 13:22:13,913] INFO - Running job "create_app.<locals>.<lambda> (trigger: interval[0:00:05], next run at: 2025-07-24 13:22:18 CEST)" (scheduled at 2025-07-24 13:22:13.902763+02:00)
[2025-07-24 13:22:13,913] INFO - Job "create_app.<locals>.<lambda> (trigger: interval[0:00:05], next run at: 2025-07-24 13:22:18 CEST)" executed successfully
[2025-07-24 13:22:18,912] INFO - Running job "create_app.<locals>.<lambda> (trigger: interval[0:00:05], next run at: 2025-07-24 13:22:23 CEST)" (scheduled at 2025-07-24 13:22:18.902763+02:00)
[2025-07-24 13:22:18,912] INFO - Job "create_app.<locals>.<lambda> (trigger: interval[0:00:05], next run at: 2025-07-24 13:22:23 CEST)" executed successfully
[2025-07-24 13:22:23,904] INFO - Running job "create_app.<locals>.<lambda> (trigger: interval[0:00:05], next run at: 2025-07-24 13:22:28 CEST)" (scheduled at 2025-07-24 13:22:23.902763+02:00)
[2025-07-24 13:22:23,904] INFO - Job "create_app.<locals>.<lambda> (trigger: interval[0:00:05], next run at: 2025-07-24 13:22:28 CEST)" executed successfully
[2025-07-24 14:06:48,286] INFO - Connected to Redis
[2025-07-24 14:06:48,294] INFO - Adding job tentatively -- it will be properly scheduled when the scheduler starts
[2025-07-24 14:06:48,294] INFO - Adding job tentatively -- it will be properly scheduled when the scheduler starts
[2025-07-24 14:06:48,295] INFO - Added job "create_app.<locals>.enqueue_sync" to job store "default"
[2025-07-24 14:06:48,295] INFO - Added job "create_app.<locals>.<lambda>" to job store "default"
[2025-07-24 14:06:48,295] INFO - Scheduler started
[2025-07-24 14:06:48,368] INFO - [31m[1mWARNING: This is a development server. Do not use it in a production deployment. Use a production WSGI server instead.[0m
 * Running on http://127.0.0.1:5000
[2025-07-24 14:06:48,369] INFO - [33mPress CTRL+C to quit[0m
[2025-07-24 14:06:53,302] INFO - Running job "create_app.<locals>.<lambda> (trigger: interval[0:00:05], next run at: 2025-07-24 14:06:53 CEST)" (scheduled at 2025-07-24 14:06:53.294677+02:00)
[2025-07-24 14:06:53,303] INFO - Job "create_app.<locals>.<lambda> (trigger: interval[0:00:05], next run at: 2025-07-24 14:06:58 CEST)" executed successfully
[2025-07-24 14:06:58,297] INFO - Running job "create_app.<locals>.<lambda> (trigger: interval[0:00:05], next run at: 2025-07-24 14:07:03 CEST)" (scheduled at 2025-07-24 14:06:58.294677+02:00)
[2025-07-24 14:06:58,298] INFO - Job "create_app.<locals>.<lambda> (trigger: interval[0:00:05], next run at: 2025-07-24 14:07:03 CEST)" executed successfully
[2025-07-24 14:07:02,582] INFO - 127.0.0.1 - - [24/Jul/2025 14:07:02] "GET /login HTTP/1.1" 200 -
[2025-07-24 14:07:02,732] INFO - 127.0.0.1 - - [24/Jul/2025 14:07:02] "[36mGET /static/styles.css HTTP/1.1[0m" 304 -
[2025-07-24 14:07:03,308] INFO - Running job "create_app.<locals>.<lambda> (trigger: interval[0:00:05], next run at: 2025-07-24 14:07:08 CEST)" (scheduled at 2025-07-24 14:07:03.294677+02:00)
[2025-07-24 14:07:03,308] INFO - Job "create_app.<locals>.<lambda> (trigger: interval[0:00:05], next run at: 2025-07-24 14:07:08 CEST)" executed successfully
[2025-07-24 14:07:04,793] INFO - 127.0.0.1 - - [24/Jul/2025 14:07:04] "[36mGET /static/manifest.json HTTP/1.1[0m" 304 -
[2025-07-24 14:07:04,831] INFO - 127.0.0.1 - - [24/Jul/2025 14:07:04] "[33mGET /favicon.ico HTTP/1.1[0m" 404 -
[2025-07-24 14:07:08,300] INFO - Running job "create_app.<locals>.<lambda> (trigger: interval[0:00:05], next run at: 2025-07-24 14:07:13 CEST)" (scheduled at 2025-07-24 14:07:08.294677+02:00)
[2025-07-24 14:07:08,300] INFO - Job "create_app.<locals>.<lambda> (trigger: interval[0:00:05], next run at: 2025-07-24 14:07:13 CEST)" executed successfully
[2025-07-24 14:07:10,362] INFO - 127.0.0.1 - - [24/Jul/2025 14:07:10] "[32mPOST /login HTTP/1.1[0m" 302 -
[2025-07-24 14:07:10,383] INFO - 127.0.0.1 - - [24/Jul/2025 14:07:10] "GET /dashboard HTTP/1.1" 200 -
[2025-07-24 14:07:10,434] INFO - 127.0.0.1 - - [24/Jul/2025 14:07:10] "[36mGET /static/styles.css HTTP/1.1[0m" 304 -
[2025-07-24 14:07:10,437] INFO - 127.0.0.1 - - [24/Jul/2025 14:07:10] "[36mGET /static/main.js HTTP/1.1[0m" 304 -
[2025-07-24 14:07:11,878] INFO - 127.0.0.1 - - [24/Jul/2025 14:07:11] "[36mGET /static/manifest.json HTTP/1.1[0m" 304 -
[2025-07-24 14:07:13,300] INFO - Running job "create_app.<locals>.<lambda> (trigger: interval[0:00:05], next run at: 2025-07-24 14:07:18 CEST)" (scheduled at 2025-07-24 14:07:13.294677+02:00)
[2025-07-24 14:07:13,300] INFO - Job "create_app.<locals>.<lambda> (trigger: interval[0:00:05], next run at: 2025-07-24 14:07:18 CEST)" executed successfully
[2025-07-24 14:07:18,303] INFO - Running job "create_app.<locals>.<lambda> (trigger: interval[0:00:05], next run at: 2025-07-24 14:07:23 CEST)" (scheduled at 2025-07-24 14:07:18.294677+02:00)
[2025-07-24 14:07:18,304] INFO - Job "create_app.<locals>.<lambda> (trigger: interval[0:00:05], next run at: 2025-07-24 14:07:23 CEST)" executed successfully
[2025-07-24 14:07:19,418] WARNING - duplicate group name 1
[2025-07-24 14:07:19,419] INFO - 127.0.0.1 - - [24/Jul/2025 14:07:19] "[31m[1mPOST /dashboard/api/groups HTTP/1.1[0m" 400 -
[2025-07-24 14:07:20,584] WARNING - duplicate group name 1
[2025-07-24 14:07:20,585] INFO - 127.0.0.1 - - [24/Jul/2025 14:07:20] "[31m[1mPOST /dashboard/api/groups HTTP/1.1[0m" 400 -
[2025-07-24 14:07:23,297] INFO - Running job "create_app.<locals>.<lambda> (trigger: interval[0:00:05], next run at: 2025-07-24 14:07:28 CEST)" (scheduled at 2025-07-24 14:07:23.294677+02:00)
[2025-07-24 14:07:23,298] INFO - Job "create_app.<locals>.<lambda> (trigger: interval[0:00:05], next run at: 2025-07-24 14:07:28 CEST)" executed successfully
[2025-07-24 14:07:26,123] WARNING - duplicate account username 1
[2025-07-24 14:07:26,125] INFO - 127.0.0.1 - - [24/Jul/2025 14:07:26] "[31m[1mPOST /dashboard/api/accounts HTTP/1.1[0m" 400 -
[2025-07-24 14:07:28,299] INFO - Running job "create_app.<locals>.<lambda> (trigger: interval[0:00:05], next run at: 2025-07-24 14:07:33 CEST)" (scheduled at 2025-07-24 14:07:28.294677+02:00)
[2025-07-24 14:07:28,300] INFO - Job "create_app.<locals>.<lambda> (trigger: interval[0:00:05], next run at: 2025-07-24 14:07:33 CEST)" executed successfully
[2025-07-24 14:07:33,303] INFO - Running job "create_app.<locals>.<lambda> (trigger: interval[0:00:05], next run at: 2025-07-24 14:07:38 CEST)" (scheduled at 2025-07-24 14:07:33.294677+02:00)
[2025-07-24 14:07:33,303] INFO - Job "create_app.<locals>.<lambda> (trigger: interval[0:00:05], next run at: 2025-07-24 14:07:38 CEST)" executed successfully
[2025-07-24 14:07:38,296] INFO - Running job "create_app.<locals>.<lambda> (trigger: interval[0:00:05], next run at: 2025-07-24 14:07:43 CEST)" (scheduled at 2025-07-24 14:07:38.294677+02:00)
[2025-07-24 14:07:38,296] INFO - Job "create_app.<locals>.<lambda> (trigger: interval[0:00:05], next run at: 2025-07-24 14:07:43 CEST)" executed successfully
[2025-07-24 14:07:43,299] INFO - Running job "create_app.<locals>.<lambda> (trigger: interval[0:00:05], next run at: 2025-07-24 14:07:48 CEST)" (scheduled at 2025-07-24 14:07:43.294677+02:00)
[2025-07-24 14:07:43,300] INFO - Job "create_app.<locals>.<lambda> (trigger: interval[0:00:05], next run at: 2025-07-24 14:07:48 CEST)" executed successfully
[2025-07-24 14:07:48,304] INFO - Running job "create_app.<locals>.enqueue_sync (trigger: interval[0:01:00], next run at: 2025-07-24 14:08:48 CEST)" (scheduled at 2025-07-24 14:07:48.294278+02:00)
[2025-07-24 14:07:48,304] INFO - Running job "create_app.<locals>.<lambda> (trigger: interval[0:00:05], next run at: 2025-07-24 14:07:53 CEST)" (scheduled at 2025-07-24 14:07:48.294677+02:00)
[2025-07-24 14:07:48,305] INFO - Job "create_app.<locals>.<lambda> (trigger: interval[0:00:05], next run at: 2025-07-24 14:07:53 CEST)" executed successfully
[2025-07-24 14:07:48,370] ERROR - Job "create_app.<locals>.enqueue_sync (trigger: interval[0:01:00], next run at: 2025-07-24 14:08:48 CEST)" raised an exception
Traceback (most recent call last):
  File "C:\Users\norbe\AppData\Local\Programs\Python\Python313\Lib\site-packages\apscheduler\executors\base.py", line 125, in run_job
    retval = job.func(*job.args, **job.kwargs)
  File "F:\kick-multibot-panel\backend\__init__.py", line 91, in enqueue_sync
    scheduler.queue.enqueue(process_unsent_events, socketio)
    ~~~~~~~~~~~~~~~~~~~~~~~^^^^^^^^^^^^^^^^^^^^^^^^^^^^^^^^^
  File "C:\Users\norbe\AppData\Local\Programs\Python\Python313\Lib\site-packages\rq\queue.py", line 1011, in enqueue
    return self.enqueue_call(
           ~~~~~~~~~~~~~~~~~^
        func=f,
        ^^^^^^^
    ...<16 lines>...
        pipeline=pipeline,
        ^^^^^^^^^^^^^^^^^^
    )
    ^
  File "C:\Users\norbe\AppData\Local\Programs\Python\Python313\Lib\site-packages\rq\queue.py", line 743, in enqueue_call
    return self.enqueue_job(job, pipeline=pipeline, at_front=at_front)
           ~~~~~~~~~~~~~~~~^^^^^^^^^^^^^^^^^^^^^^^^^^^^^^^^^^^^^^^^^^^
  File "C:\Users\norbe\AppData\Local\Programs\Python\Python313\Lib\site-packages\rq\queue.py", line 1142, in enqueue_job
    return self._enqueue_job(job, pipeline=pipeline, at_front=at_front)
           ~~~~~~~~~~~~~~~~~^^^^^^^^^^^^^^^^^^^^^^^^^^^^^^^^^^^^^^^^^^^
  File "C:\Users\norbe\AppData\Local\Programs\Python\Python313\Lib\site-packages\rq\queue.py", line 1168, in _enqueue_job
    job.save(pipeline=pipe)
    ~~~~~~~~^^^^^^^^^^^^^^^
  File "C:\Users\norbe\AppData\Local\Programs\Python\Python313\Lib\site-packages\rq\job.py", line 1142, in save
    mapping = self.to_dict(include_meta=include_meta, include_result=include_result)
  File "C:\Users\norbe\AppData\Local\Programs\Python\Python313\Lib\site-packages\rq\job.py", line 1057, in to_dict
    'data': zlib.compress(self.data),
                          ^^^^^^^^^
  File "C:\Users\norbe\AppData\Local\Programs\Python\Python313\Lib\site-packages\rq\job.py", line 590, in data
    self._data = self.serializer.dumps(job_tuple)
                 ~~~~~~~~~~~~~~~~~~~~~^^^^^^^^^^^
AttributeError: Can't get local object 'Flask.__init__.<locals>.<lambda>'. Did you mean: '_data'?
[2025-07-24 14:07:53,301] INFO - Running job "create_app.<locals>.<lambda> (trigger: interval[0:00:05], next run at: 2025-07-24 14:07:58 CEST)" (scheduled at 2025-07-24 14:07:53.294677+02:00)
[2025-07-24 14:07:53,301] INFO - Job "create_app.<locals>.<lambda> (trigger: interval[0:00:05], next run at: 2025-07-24 14:07:58 CEST)" executed successfully
[2025-07-24 14:07:58,306] INFO - Running job "create_app.<locals>.<lambda> (trigger: interval[0:00:05], next run at: 2025-07-24 14:08:03 CEST)" (scheduled at 2025-07-24 14:07:58.294677+02:00)
[2025-07-24 14:07:58,307] INFO - Job "create_app.<locals>.<lambda> (trigger: interval[0:00:05], next run at: 2025-07-24 14:08:03 CEST)" executed successfully
[2025-07-24 14:08:03,309] INFO - Running job "create_app.<locals>.<lambda> (trigger: interval[0:00:05], next run at: 2025-07-24 14:08:08 CEST)" (scheduled at 2025-07-24 14:08:03.294677+02:00)
[2025-07-24 14:08:03,310] INFO - Job "create_app.<locals>.<lambda> (trigger: interval[0:00:05], next run at: 2025-07-24 14:08:08 CEST)" executed successfully
[2025-07-24 14:08:08,307] INFO - Running job "create_app.<locals>.<lambda> (trigger: interval[0:00:05], next run at: 2025-07-24 14:08:13 CEST)" (scheduled at 2025-07-24 14:08:08.294677+02:00)
[2025-07-24 14:08:08,308] INFO - Job "create_app.<locals>.<lambda> (trigger: interval[0:00:05], next run at: 2025-07-24 14:08:13 CEST)" executed successfully
[2025-07-24 14:08:13,307] INFO - Running job "create_app.<locals>.<lambda> (trigger: interval[0:00:05], next run at: 2025-07-24 14:08:18 CEST)" (scheduled at 2025-07-24 14:08:13.294677+02:00)
[2025-07-24 14:08:13,308] INFO - Job "create_app.<locals>.<lambda> (trigger: interval[0:00:05], next run at: 2025-07-24 14:08:18 CEST)" executed successfully
[2025-07-24 14:08:18,304] INFO - Running job "create_app.<locals>.<lambda> (trigger: interval[0:00:05], next run at: 2025-07-24 14:08:23 CEST)" (scheduled at 2025-07-24 14:08:18.294677+02:00)
[2025-07-24 14:08:18,304] INFO - Job "create_app.<locals>.<lambda> (trigger: interval[0:00:05], next run at: 2025-07-24 14:08:23 CEST)" executed successfully
[2025-07-24 14:08:23,301] INFO - Running job "create_app.<locals>.<lambda> (trigger: interval[0:00:05], next run at: 2025-07-24 14:08:28 CEST)" (scheduled at 2025-07-24 14:08:23.294677+02:00)
[2025-07-24 14:08:23,301] INFO - Job "create_app.<locals>.<lambda> (trigger: interval[0:00:05], next run at: 2025-07-24 14:08:28 CEST)" executed successfully
[2025-07-24 14:08:28,297] INFO - Running job "create_app.<locals>.<lambda> (trigger: interval[0:00:05], next run at: 2025-07-24 14:08:33 CEST)" (scheduled at 2025-07-24 14:08:28.294677+02:00)
[2025-07-24 14:08:28,297] INFO - Job "create_app.<locals>.<lambda> (trigger: interval[0:00:05], next run at: 2025-07-24 14:08:33 CEST)" executed successfully
[2025-07-24 14:08:33,301] INFO - Running job "create_app.<locals>.<lambda> (trigger: interval[0:00:05], next run at: 2025-07-24 14:08:38 CEST)" (scheduled at 2025-07-24 14:08:33.294677+02:00)
[2025-07-24 14:08:33,301] INFO - Job "create_app.<locals>.<lambda> (trigger: interval[0:00:05], next run at: 2025-07-24 14:08:38 CEST)" executed successfully
[2025-07-24 14:08:38,300] INFO - Running job "create_app.<locals>.<lambda> (trigger: interval[0:00:05], next run at: 2025-07-24 14:08:43 CEST)" (scheduled at 2025-07-24 14:08:38.294677+02:00)
[2025-07-24 14:08:38,300] INFO - Job "create_app.<locals>.<lambda> (trigger: interval[0:00:05], next run at: 2025-07-24 14:08:43 CEST)" executed successfully
[2025-07-24 14:08:43,306] INFO - Running job "create_app.<locals>.<lambda> (trigger: interval[0:00:05], next run at: 2025-07-24 14:08:48 CEST)" (scheduled at 2025-07-24 14:08:43.294677+02:00)
[2025-07-24 14:08:43,307] INFO - Job "create_app.<locals>.<lambda> (trigger: interval[0:00:05], next run at: 2025-07-24 14:08:48 CEST)" executed successfully
[2025-07-24 14:08:48,305] INFO - Running job "create_app.<locals>.enqueue_sync (trigger: interval[0:01:00], next run at: 2025-07-24 14:09:48 CEST)" (scheduled at 2025-07-24 14:08:48.294278+02:00)
[2025-07-24 14:08:48,305] INFO - Running job "create_app.<locals>.<lambda> (trigger: interval[0:00:05], next run at: 2025-07-24 14:08:53 CEST)" (scheduled at 2025-07-24 14:08:48.294677+02:00)
[2025-07-24 14:08:48,305] INFO - Job "create_app.<locals>.<lambda> (trigger: interval[0:00:05], next run at: 2025-07-24 14:08:53 CEST)" executed successfully
[2025-07-24 14:08:48,312] ERROR - Job "create_app.<locals>.enqueue_sync (trigger: interval[0:01:00], next run at: 2025-07-24 14:09:48 CEST)" raised an exception
Traceback (most recent call last):
  File "C:\Users\norbe\AppData\Local\Programs\Python\Python313\Lib\site-packages\apscheduler\executors\base.py", line 125, in run_job
    retval = job.func(*job.args, **job.kwargs)
  File "F:\kick-multibot-panel\backend\__init__.py", line 91, in enqueue_sync
    scheduler.queue.enqueue(process_unsent_events, socketio)
    ~~~~~~~~~~~~~~~~~~~~~~~^^^^^^^^^^^^^^^^^^^^^^^^^^^^^^^^^
  File "C:\Users\norbe\AppData\Local\Programs\Python\Python313\Lib\site-packages\rq\queue.py", line 1011, in enqueue
    return self.enqueue_call(
           ~~~~~~~~~~~~~~~~~^
        func=f,
        ^^^^^^^
    ...<16 lines>...
        pipeline=pipeline,
        ^^^^^^^^^^^^^^^^^^
    )
    ^
  File "C:\Users\norbe\AppData\Local\Programs\Python\Python313\Lib\site-packages\rq\queue.py", line 743, in enqueue_call
    return self.enqueue_job(job, pipeline=pipeline, at_front=at_front)
           ~~~~~~~~~~~~~~~~^^^^^^^^^^^^^^^^^^^^^^^^^^^^^^^^^^^^^^^^^^^
  File "C:\Users\norbe\AppData\Local\Programs\Python\Python313\Lib\site-packages\rq\queue.py", line 1142, in enqueue_job
    return self._enqueue_job(job, pipeline=pipeline, at_front=at_front)
           ~~~~~~~~~~~~~~~~~^^^^^^^^^^^^^^^^^^^^^^^^^^^^^^^^^^^^^^^^^^^
  File "C:\Users\norbe\AppData\Local\Programs\Python\Python313\Lib\site-packages\rq\queue.py", line 1168, in _enqueue_job
    job.save(pipeline=pipe)
    ~~~~~~~~^^^^^^^^^^^^^^^
  File "C:\Users\norbe\AppData\Local\Programs\Python\Python313\Lib\site-packages\rq\job.py", line 1142, in save
    mapping = self.to_dict(include_meta=include_meta, include_result=include_result)
  File "C:\Users\norbe\AppData\Local\Programs\Python\Python313\Lib\site-packages\rq\job.py", line 1057, in to_dict
    'data': zlib.compress(self.data),
                          ^^^^^^^^^
  File "C:\Users\norbe\AppData\Local\Programs\Python\Python313\Lib\site-packages\rq\job.py", line 590, in data
    self._data = self.serializer.dumps(job_tuple)
                 ~~~~~~~~~~~~~~~~~~~~~^^^^^^^^^^^
AttributeError: Can't get local object 'Flask.__init__.<locals>.<lambda>'
[2025-07-24 14:08:53,305] INFO - Running job "create_app.<locals>.<lambda> (trigger: interval[0:00:05], next run at: 2025-07-24 14:08:58 CEST)" (scheduled at 2025-07-24 14:08:53.294677+02:00)
[2025-07-24 14:08:53,305] INFO - Job "create_app.<locals>.<lambda> (trigger: interval[0:00:05], next run at: 2025-07-24 14:08:58 CEST)" executed successfully
[2025-07-24 14:08:58,298] INFO - Running job "create_app.<locals>.<lambda> (trigger: interval[0:00:05], next run at: 2025-07-24 14:09:03 CEST)" (scheduled at 2025-07-24 14:08:58.294677+02:00)
[2025-07-24 14:08:58,298] INFO - Job "create_app.<locals>.<lambda> (trigger: interval[0:00:05], next run at: 2025-07-24 14:09:03 CEST)" executed successfully
[2025-07-24 14:09:03,305] INFO - Running job "create_app.<locals>.<lambda> (trigger: interval[0:00:05], next run at: 2025-07-24 14:09:08 CEST)" (scheduled at 2025-07-24 14:09:03.294677+02:00)
[2025-07-24 14:09:03,305] INFO - Job "create_app.<locals>.<lambda> (trigger: interval[0:00:05], next run at: 2025-07-24 14:09:08 CEST)" executed successfully
[2025-07-24 14:09:08,308] INFO - Running job "create_app.<locals>.<lambda> (trigger: interval[0:00:05], next run at: 2025-07-24 14:09:13 CEST)" (scheduled at 2025-07-24 14:09:08.294677+02:00)
[2025-07-24 14:09:08,308] INFO - Job "create_app.<locals>.<lambda> (trigger: interval[0:00:05], next run at: 2025-07-24 14:09:13 CEST)" executed successfully
[2025-07-24 14:09:13,296] INFO - Running job "create_app.<locals>.<lambda> (trigger: interval[0:00:05], next run at: 2025-07-24 14:09:18 CEST)" (scheduled at 2025-07-24 14:09:13.294677+02:00)
[2025-07-24 14:09:13,296] INFO - Job "create_app.<locals>.<lambda> (trigger: interval[0:00:05], next run at: 2025-07-24 14:09:18 CEST)" executed successfully
[2025-07-24 14:09:18,297] INFO - Running job "create_app.<locals>.<lambda> (trigger: interval[0:00:05], next run at: 2025-07-24 14:09:23 CEST)" (scheduled at 2025-07-24 14:09:18.294677+02:00)
[2025-07-24 14:09:18,298] INFO - Job "create_app.<locals>.<lambda> (trigger: interval[0:00:05], next run at: 2025-07-24 14:09:23 CEST)" executed successfully
[2025-07-24 14:09:23,296] INFO - Running job "create_app.<locals>.<lambda> (trigger: interval[0:00:05], next run at: 2025-07-24 14:09:28 CEST)" (scheduled at 2025-07-24 14:09:23.294677+02:00)
[2025-07-24 14:09:23,296] INFO - Job "create_app.<locals>.<lambda> (trigger: interval[0:00:05], next run at: 2025-07-24 14:09:28 CEST)" executed successfully
[2025-07-24 14:09:28,298] INFO - Running job "create_app.<locals>.<lambda> (trigger: interval[0:00:05], next run at: 2025-07-24 14:09:33 CEST)" (scheduled at 2025-07-24 14:09:28.294677+02:00)
[2025-07-24 14:09:28,305] INFO - Job "create_app.<locals>.<lambda> (trigger: interval[0:00:05], next run at: 2025-07-24 14:09:33 CEST)" executed successfully
[2025-07-24 14:09:33,301] INFO - Running job "create_app.<locals>.<lambda> (trigger: interval[0:00:05], next run at: 2025-07-24 14:09:38 CEST)" (scheduled at 2025-07-24 14:09:33.294677+02:00)
[2025-07-24 14:09:33,302] INFO - Job "create_app.<locals>.<lambda> (trigger: interval[0:00:05], next run at: 2025-07-24 14:09:38 CEST)" executed successfully
[2025-07-24 14:09:38,307] INFO - Running job "create_app.<locals>.<lambda> (trigger: interval[0:00:05], next run at: 2025-07-24 14:09:43 CEST)" (scheduled at 2025-07-24 14:09:38.294677+02:00)
[2025-07-24 14:09:38,308] INFO - Job "create_app.<locals>.<lambda> (trigger: interval[0:00:05], next run at: 2025-07-24 14:09:43 CEST)" executed successfully
[2025-07-24 14:09:43,298] INFO - Running job "create_app.<locals>.<lambda> (trigger: interval[0:00:05], next run at: 2025-07-24 14:09:48 CEST)" (scheduled at 2025-07-24 14:09:43.294677+02:00)
[2025-07-24 14:09:43,299] INFO - Job "create_app.<locals>.<lambda> (trigger: interval[0:00:05], next run at: 2025-07-24 14:09:48 CEST)" executed successfully
[2025-07-24 15:03:44,754] INFO - Connected to Redis
[2025-07-24 15:03:44,767] INFO - Adding job tentatively -- it will be properly scheduled when the scheduler starts
[2025-07-24 15:03:44,767] INFO - Added job "create_app.<locals>.enqueue_sync" to job store "default"
[2025-07-24 15:03:44,767] INFO - Scheduler started
[2025-07-24 15:03:44,836] INFO - [31m[1mWARNING: This is a development server. Do not use it in a production deployment. Use a production WSGI server instead.[0m
 * Running on http://127.0.0.1:5000
[2025-07-24 15:03:44,845] INFO - [33mPress CTRL+C to quit[0m
[2025-07-24 15:03:54,803] INFO - 127.0.0.1 - - [24/Jul/2025 15:03:54] "[32mGET /logout HTTP/1.1[0m" 302 -
[2025-07-24 15:03:54,827] INFO - 127.0.0.1 - - [24/Jul/2025 15:03:54] "GET /login HTTP/1.1" 200 -
[2025-07-24 15:03:55,817] INFO - 127.0.0.1 - - [24/Jul/2025 15:03:55] "[36mGET /static/styles.css HTTP/1.1[0m" 304 -
[2025-07-24 15:03:59,521] INFO - 127.0.0.1 - - [24/Jul/2025 15:03:59] "[36mGET /static/manifest.json HTTP/1.1[0m" 304 -
[2025-07-24 15:04:06,029] INFO - 127.0.0.1 - - [24/Jul/2025 15:04:06] "[32mPOST /login HTTP/1.1[0m" 302 -
[2025-07-24 15:04:06,041] INFO - 127.0.0.1 - - [24/Jul/2025 15:04:06] "GET /dashboard HTTP/1.1" 200 -
[2025-07-24 15:04:06,096] INFO - 127.0.0.1 - - [24/Jul/2025 15:04:06] "[36mGET /static/styles.css HTTP/1.1[0m" 304 -
[2025-07-24 15:04:06,099] INFO - 127.0.0.1 - - [24/Jul/2025 15:04:06] "GET /static/main.js HTTP/1.1" 200 -
[2025-07-24 15:04:07,491] INFO - 127.0.0.1 - - [24/Jul/2025 15:04:07] "[36mGET /static/manifest.json HTTP/1.1[0m" 304 -
[2025-07-24 15:05:03,093] INFO - Connected to Redis
[2025-07-24 15:05:03,096] INFO - Adding job tentatively -- it will be properly scheduled when the scheduler starts
[2025-07-24 15:05:03,097] INFO - Added job "create_app.<locals>.enqueue_sync" to job store "default"
[2025-07-24 15:05:03,097] INFO - Scheduler started
[2025-07-24 15:05:03,134] INFO - [31m[1mWARNING: This is a development server. Do not use it in a production deployment. Use a production WSGI server instead.[0m
 * Running on http://127.0.0.1:5000
[2025-07-24 15:05:03,134] INFO - [33mPress CTRL+C to quit[0m
[2025-07-24 15:05:05,882] INFO - 127.0.0.1 - - [24/Jul/2025 15:05:05] "GET /dashboard HTTP/1.1" 200 -
[2025-07-24 15:05:06,124] INFO - 127.0.0.1 - - [24/Jul/2025 15:05:06] "[36mGET /static/styles.css HTTP/1.1[0m" 304 -
[2025-07-24 15:05:06,147] INFO - 127.0.0.1 - - [24/Jul/2025 15:05:06] "[36mGET /static/main.js HTTP/1.1[0m" 304 -
[2025-07-24 15:05:06,878] INFO - 127.0.0.1 - - [24/Jul/2025 15:05:06] "[36mGET /static/manifest.json HTTP/1.1[0m" 304 -
[2025-07-24 15:05:09,174] INFO - 127.0.0.1 - - [24/Jul/2025 15:05:09] "[32mGET /logout HTTP/1.1[0m" 302 -
[2025-07-24 15:05:09,187] INFO - 127.0.0.1 - - [24/Jul/2025 15:05:09] "GET /login HTTP/1.1" 200 -
[2025-07-24 15:05:09,233] INFO - 127.0.0.1 - - [24/Jul/2025 15:05:09] "[36mGET /static/styles.css HTTP/1.1[0m" 304 -
[2025-07-24 15:05:10,898] INFO - 127.0.0.1 - - [24/Jul/2025 15:05:10] "[36mGET /static/manifest.json HTTP/1.1[0m" 304 -
[2025-07-24 15:05:17,737] INFO - 127.0.0.1 - - [24/Jul/2025 15:05:17] "[32mPOST /login HTTP/1.1[0m" 302 -
[2025-07-24 15:05:17,746] INFO - 127.0.0.1 - - [24/Jul/2025 15:05:17] "GET /dashboard HTTP/1.1" 200 -
[2025-07-24 15:05:17,805] INFO - 127.0.0.1 - - [24/Jul/2025 15:05:17] "[36mGET /static/main.js HTTP/1.1[0m" 304 -
[2025-07-24 15:05:17,807] INFO - 127.0.0.1 - - [24/Jul/2025 15:05:17] "[36mGET /static/styles.css HTTP/1.1[0m" 304 -
[2025-07-24 15:05:19,484] INFO - 127.0.0.1 - - [24/Jul/2025 15:05:19] "[36mGET /static/manifest.json HTTP/1.1[0m" 304 -
[2025-07-24 15:05:32,462] INFO - 127.0.0.1 - - [24/Jul/2025 15:05:32] "[36mGET /static/styles.css HTTP/1.1[0m" 304 -
[2025-07-24 15:05:32,483] INFO - 127.0.0.1 - - [24/Jul/2025 15:05:32] "[36mGET /static/manifest.json HTTP/1.1[0m" 304 -
[2025-07-24 15:05:32,499] INFO - 127.0.0.1 - - [24/Jul/2025 15:05:32] "[33mGET /.well-known/appspecific/com.chrome.devtools.json HTTP/1.1[0m" 404 -
[2025-07-24 15:06:03,106] INFO - Running job "create_app.<locals>.enqueue_sync (trigger: interval[0:01:00], next run at: 2025-07-24 15:06:03 CEST)" (scheduled at 2025-07-24 15:06:03.096660+02:00)
[2025-07-24 15:06:03,114] INFO - Job "create_app.<locals>.enqueue_sync (trigger: interval[0:01:00], next run at: 2025-07-24 15:07:03 CEST)" executed successfully
[2025-07-24 15:07:03,111] INFO - Running job "create_app.<locals>.enqueue_sync (trigger: interval[0:01:00], next run at: 2025-07-24 15:08:03 CEST)" (scheduled at 2025-07-24 15:07:03.096660+02:00)
[2025-07-24 15:07:03,113] INFO - Job "create_app.<locals>.enqueue_sync (trigger: interval[0:01:00], next run at: 2025-07-24 15:08:03 CEST)" executed successfully
[2025-07-24 15:08:03,103] INFO - Running job "create_app.<locals>.enqueue_sync (trigger: interval[0:01:00], next run at: 2025-07-24 15:09:03 CEST)" (scheduled at 2025-07-24 15:08:03.096660+02:00)
[2025-07-24 15:08:03,105] INFO - Job "create_app.<locals>.enqueue_sync (trigger: interval[0:01:00], next run at: 2025-07-24 15:09:03 CEST)" executed successfully
[2025-07-24 15:09:03,108] INFO - Running job "create_app.<locals>.enqueue_sync (trigger: interval[0:01:00], next run at: 2025-07-24 15:10:03 CEST)" (scheduled at 2025-07-24 15:09:03.096660+02:00)
[2025-07-24 15:09:03,110] INFO - Job "create_app.<locals>.enqueue_sync (trigger: interval[0:01:00], next run at: 2025-07-24 15:10:03 CEST)" executed successfully
[2025-07-24 15:10:03,098] INFO - Running job "create_app.<locals>.enqueue_sync (trigger: interval[0:01:00], next run at: 2025-07-24 15:11:03 CEST)" (scheduled at 2025-07-24 15:10:03.096660+02:00)
[2025-07-24 15:10:03,101] INFO - Job "create_app.<locals>.enqueue_sync (trigger: interval[0:01:00], next run at: 2025-07-24 15:11:03 CEST)" executed successfully
[2025-07-24 15:11:03,112] INFO - Running job "create_app.<locals>.enqueue_sync (trigger: interval[0:01:00], next run at: 2025-07-24 15:12:03 CEST)" (scheduled at 2025-07-24 15:11:03.096660+02:00)
[2025-07-24 15:11:03,114] INFO - Job "create_app.<locals>.enqueue_sync (trigger: interval[0:01:00], next run at: 2025-07-24 15:12:03 CEST)" executed successfully
[2025-07-24 15:12:03,105] INFO - Running job "create_app.<locals>.enqueue_sync (trigger: interval[0:01:00], next run at: 2025-07-24 15:13:03 CEST)" (scheduled at 2025-07-24 15:12:03.096660+02:00)
[2025-07-24 15:12:03,108] INFO - Job "create_app.<locals>.enqueue_sync (trigger: interval[0:01:00], next run at: 2025-07-24 15:13:03 CEST)" executed successfully
[2025-07-24 15:13:03,103] INFO - Running job "create_app.<locals>.enqueue_sync (trigger: interval[0:01:00], next run at: 2025-07-24 15:14:03 CEST)" (scheduled at 2025-07-24 15:13:03.096660+02:00)
[2025-07-24 15:13:03,105] INFO - Job "create_app.<locals>.enqueue_sync (trigger: interval[0:01:00], next run at: 2025-07-24 15:14:03 CEST)" executed successfully
[2025-07-24 15:14:03,152] INFO - Running job "create_app.<locals>.enqueue_sync (trigger: interval[0:01:00], next run at: 2025-07-24 15:15:03 CEST)" (scheduled at 2025-07-24 15:14:03.096660+02:00)
[2025-07-24 15:14:03,169] INFO - Job "create_app.<locals>.enqueue_sync (trigger: interval[0:01:00], next run at: 2025-07-24 15:15:03 CEST)" executed successfully
[2025-07-24 15:15:03,111] INFO - Running job "create_app.<locals>.enqueue_sync (trigger: interval[0:01:00], next run at: 2025-07-24 15:16:03 CEST)" (scheduled at 2025-07-24 15:15:03.096660+02:00)
[2025-07-24 15:15:03,126] INFO - Job "create_app.<locals>.enqueue_sync (trigger: interval[0:01:00], next run at: 2025-07-24 15:16:03 CEST)" executed successfully
[2025-07-24 15:16:03,124] INFO - Running job "create_app.<locals>.enqueue_sync (trigger: interval[0:01:00], next run at: 2025-07-24 15:17:03 CEST)" (scheduled at 2025-07-24 15:16:03.096660+02:00)
[2025-07-24 15:16:03,150] INFO - Job "create_app.<locals>.enqueue_sync (trigger: interval[0:01:00], next run at: 2025-07-24 15:17:03 CEST)" executed successfully
[2025-07-24 15:17:03,133] INFO - Running job "create_app.<locals>.enqueue_sync (trigger: interval[0:01:00], next run at: 2025-07-24 15:18:03 CEST)" (scheduled at 2025-07-24 15:17:03.096660+02:00)
[2025-07-24 15:17:03,208] INFO - Job "create_app.<locals>.enqueue_sync (trigger: interval[0:01:00], next run at: 2025-07-24 15:18:03 CEST)" executed successfully
[2025-07-24 15:18:03,183] INFO - Running job "create_app.<locals>.enqueue_sync (trigger: interval[0:01:00], next run at: 2025-07-24 15:19:03 CEST)" (scheduled at 2025-07-24 15:18:03.096660+02:00)
[2025-07-24 15:18:03,243] INFO - Job "create_app.<locals>.enqueue_sync (trigger: interval[0:01:00], next run at: 2025-07-24 15:19:03 CEST)" executed successfully
[2025-07-24 15:19:03,217] INFO - Running job "create_app.<locals>.enqueue_sync (trigger: interval[0:01:00], next run at: 2025-07-24 15:20:03 CEST)" (scheduled at 2025-07-24 15:19:03.096660+02:00)
[2025-07-24 15:19:03,389] INFO - Job "create_app.<locals>.enqueue_sync (trigger: interval[0:01:00], next run at: 2025-07-24 15:20:03 CEST)" executed successfully
[2025-07-24 15:20:03,112] INFO - Running job "create_app.<locals>.enqueue_sync (trigger: interval[0:01:00], next run at: 2025-07-24 15:21:03 CEST)" (scheduled at 2025-07-24 15:20:03.096660+02:00)
[2025-07-24 15:20:03,153] INFO - Job "create_app.<locals>.enqueue_sync (trigger: interval[0:01:00], next run at: 2025-07-24 15:21:03 CEST)" executed successfully
[2025-07-24 15:21:03,159] INFO - Running job "create_app.<locals>.enqueue_sync (trigger: interval[0:01:00], next run at: 2025-07-24 15:22:03 CEST)" (scheduled at 2025-07-24 15:21:03.096660+02:00)
[2025-07-24 15:21:03,276] INFO - Job "create_app.<locals>.enqueue_sync (trigger: interval[0:01:00], next run at: 2025-07-24 15:22:03 CEST)" executed successfully
[2025-07-24 15:22:03,186] INFO - Running job "create_app.<locals>.enqueue_sync (trigger: interval[0:01:00], next run at: 2025-07-24 15:23:03 CEST)" (scheduled at 2025-07-24 15:22:03.096660+02:00)
[2025-07-24 15:22:03,335] INFO - Job "create_app.<locals>.enqueue_sync (trigger: interval[0:01:00], next run at: 2025-07-24 15:23:03 CEST)" executed successfully
[2025-07-24 15:23:03,131] INFO - Running job "create_app.<locals>.enqueue_sync (trigger: interval[0:01:00], next run at: 2025-07-24 15:24:03 CEST)" (scheduled at 2025-07-24 15:23:03.096660+02:00)
[2025-07-24 15:23:03,182] INFO - Job "create_app.<locals>.enqueue_sync (trigger: interval[0:01:00], next run at: 2025-07-24 15:24:03 CEST)" executed successfully
[2025-07-24 15:24:03,148] INFO - Running job "create_app.<locals>.enqueue_sync (trigger: interval[0:01:00], next run at: 2025-07-24 15:25:03 CEST)" (scheduled at 2025-07-24 15:24:03.096660+02:00)
[2025-07-24 15:24:03,199] INFO - Job "create_app.<locals>.enqueue_sync (trigger: interval[0:01:00], next run at: 2025-07-24 15:25:03 CEST)" executed successfully
[2025-07-24 15:25:03,106] INFO - Running job "create_app.<locals>.enqueue_sync (trigger: interval[0:01:00], next run at: 2025-07-24 15:26:03 CEST)" (scheduled at 2025-07-24 15:25:03.096660+02:00)
[2025-07-24 15:25:03,141] INFO - Job "create_app.<locals>.enqueue_sync (trigger: interval[0:01:00], next run at: 2025-07-24 15:26:03 CEST)" executed successfully
[2025-07-24 15:26:03,109] INFO - Running job "create_app.<locals>.enqueue_sync (trigger: interval[0:01:00], next run at: 2025-07-24 15:27:03 CEST)" (scheduled at 2025-07-24 15:26:03.096660+02:00)
[2025-07-24 15:26:03,156] INFO - Job "create_app.<locals>.enqueue_sync (trigger: interval[0:01:00], next run at: 2025-07-24 15:27:03 CEST)" executed successfully
[2025-07-24 15:27:03,129] INFO - Running job "create_app.<locals>.enqueue_sync (trigger: interval[0:01:00], next run at: 2025-07-24 15:27:03 CEST)" (scheduled at 2025-07-24 15:27:03.096660+02:00)
[2025-07-24 15:27:03,178] INFO - Job "create_app.<locals>.enqueue_sync (trigger: interval[0:01:00], next run at: 2025-07-24 15:28:03 CEST)" executed successfully
[2025-07-24 15:28:03,109] INFO - Running job "create_app.<locals>.enqueue_sync (trigger: interval[0:01:00], next run at: 2025-07-24 15:29:03 CEST)" (scheduled at 2025-07-24 15:28:03.096660+02:00)
[2025-07-24 15:28:03,127] INFO - Job "create_app.<locals>.enqueue_sync (trigger: interval[0:01:00], next run at: 2025-07-24 15:29:03 CEST)" executed successfully
[2025-07-24 15:29:03,116] INFO - Running job "create_app.<locals>.enqueue_sync (trigger: interval[0:01:00], next run at: 2025-07-24 15:30:03 CEST)" (scheduled at 2025-07-24 15:29:03.096660+02:00)
[2025-07-24 15:29:03,130] INFO - Job "create_app.<locals>.enqueue_sync (trigger: interval[0:01:00], next run at: 2025-07-24 15:30:03 CEST)" executed successfully
[2025-07-24 15:30:03,112] INFO - Running job "create_app.<locals>.enqueue_sync (trigger: interval[0:01:00], next run at: 2025-07-24 15:31:03 CEST)" (scheduled at 2025-07-24 15:30:03.096660+02:00)
[2025-07-24 15:30:03,144] INFO - Job "create_app.<locals>.enqueue_sync (trigger: interval[0:01:00], next run at: 2025-07-24 15:31:03 CEST)" executed successfully
[2025-07-24 15:31:03,122] INFO - Running job "create_app.<locals>.enqueue_sync (trigger: interval[0:01:00], next run at: 2025-07-24 15:32:03 CEST)" (scheduled at 2025-07-24 15:31:03.096660+02:00)
[2025-07-24 15:31:03,124] INFO - Job "create_app.<locals>.enqueue_sync (trigger: interval[0:01:00], next run at: 2025-07-24 15:32:03 CEST)" executed successfully
[2025-07-24 15:32:03,122] INFO - Running job "create_app.<locals>.enqueue_sync (trigger: interval[0:01:00], next run at: 2025-07-24 15:33:03 CEST)" (scheduled at 2025-07-24 15:32:03.096660+02:00)
[2025-07-24 15:32:03,135] INFO - Job "create_app.<locals>.enqueue_sync (trigger: interval[0:01:00], next run at: 2025-07-24 15:33:03 CEST)" executed successfully
[2025-07-24 15:33:03,115] INFO - Running job "create_app.<locals>.enqueue_sync (trigger: interval[0:01:00], next run at: 2025-07-24 15:34:03 CEST)" (scheduled at 2025-07-24 15:33:03.096660+02:00)
[2025-07-24 15:33:03,116] INFO - Job "create_app.<locals>.enqueue_sync (trigger: interval[0:01:00], next run at: 2025-07-24 15:34:03 CEST)" executed successfully
[2025-07-24 15:34:01,384] INFO - Connected to Redis
[2025-07-24 15:34:01,388] INFO - Adding job tentatively -- it will be properly scheduled when the scheduler starts
[2025-07-24 15:34:01,389] INFO - Added job "create_app.<locals>.enqueue_sync" to job store "default"
[2025-07-24 15:34:01,389] INFO - Scheduler started
[2025-07-24 15:34:01,448] INFO - [31m[1mWARNING: This is a development server. Do not use it in a production deployment. Use a production WSGI server instead.[0m
 * Running on http://127.0.0.1:5000
[2025-07-24 15:34:01,449] INFO - [33mPress CTRL+C to quit[0m
[2025-07-24 15:34:01,921] INFO - 127.0.0.1 - - [24/Jul/2025 15:34:01] "[32mGET /logout HTTP/1.1[0m" 302 -
[2025-07-24 15:34:01,969] INFO - 127.0.0.1 - - [24/Jul/2025 15:34:01] "GET /login HTTP/1.1" 200 -
[2025-07-24 15:34:04,114] INFO - 127.0.0.1 - - [24/Jul/2025 15:34:04] "[36mGET /static/styles.css HTTP/1.1[0m" 304 -
[2025-07-24 15:34:07,423] INFO - 127.0.0.1 - - [24/Jul/2025 15:34:07] "[36mGET /static/manifest.json HTTP/1.1[0m" 304 -
[2025-07-24 15:34:18,029] INFO - 127.0.0.1 - - [24/Jul/2025 15:34:18] "[32mPOST /login HTTP/1.1[0m" 302 -
[2025-07-24 15:34:18,040] INFO - 127.0.0.1 - - [24/Jul/2025 15:34:18] "GET /dashboard HTTP/1.1" 200 -
[2025-07-24 15:34:18,097] INFO - 127.0.0.1 - - [24/Jul/2025 15:34:18] "GET /static/main.js HTTP/1.1" 200 -
[2025-07-24 15:34:18,103] INFO - 127.0.0.1 - - [24/Jul/2025 15:34:18] "[36mGET /static/styles.css HTTP/1.1[0m" 304 -
[2025-07-24 15:34:19,676] INFO - 127.0.0.1 - - [24/Jul/2025 15:34:19] "[36mGET /static/manifest.json HTTP/1.1[0m" 304 -
[2025-07-24 15:34:26,019] WARNING - duplicate group name 1
[2025-07-24 15:34:26,020] INFO - 127.0.0.1 - - [24/Jul/2025 15:34:26] "[31m[1mPOST /dashboard/api/groups HTTP/1.1[0m" 400 -
[2025-07-24 15:34:30,673] WARNING - duplicate group name 123
[2025-07-24 15:34:30,673] INFO - 127.0.0.1 - - [24/Jul/2025 15:34:30] "[31m[1mPOST /dashboard/api/groups HTTP/1.1[0m" 400 -
[2025-07-24 15:34:32,642] INFO - created group 1231
[2025-07-24 15:34:32,772] INFO - 127.0.0.1 - - [24/Jul/2025 15:34:32] "[35m[1mPOST /dashboard/api/groups HTTP/1.1[0m" 201 -
[2025-07-24 15:34:32,809] INFO - 127.0.0.1 - - [24/Jul/2025 15:34:32] "[31m[1mGET /dashboard/api/groups HTTP/1.1[0m" 422 -
[2025-07-24 15:34:41,572] WARNING - invalid group_id 123 for account 123
[2025-07-24 15:34:41,573] INFO - 127.0.0.1 - - [24/Jul/2025 15:34:41] "[31m[1mPOST /dashboard/api/accounts HTTP/1.1[0m" 400 -
[2025-07-24 15:34:44,433] WARNING - duplicate account username 123
[2025-07-24 15:34:44,434] INFO - 127.0.0.1 - - [24/Jul/2025 15:34:44] "[31m[1mPOST /dashboard/api/accounts HTTP/1.1[0m" 400 -
[2025-07-24 15:34:47,064] WARNING - duplicate account username 123
[2025-07-24 15:34:47,065] INFO - 127.0.0.1 - - [24/Jul/2025 15:34:47] "[31m[1mPOST /dashboard/api/accounts HTTP/1.1[0m" 400 -
[2025-07-24 15:34:49,657] INFO - created account 2345 in group 2
[2025-07-24 15:34:49,729] INFO - 127.0.0.1 - - [24/Jul/2025 15:34:49] "[35m[1mPOST /dashboard/api/accounts HTTP/1.1[0m" 201 -
[2025-07-24 15:34:49,794] INFO - 127.0.0.1 - - [24/Jul/2025 15:34:49] "[31m[1mGET /dashboard/api/accounts HTTP/1.1[0m" 422 -
[2025-07-24 15:34:49,836] INFO - 127.0.0.1 - - [24/Jul/2025 15:34:49] "[31m[1mGET /dashboard/api/bots HTTP/1.1[0m" 422 -
[2025-07-24 15:34:57,673] INFO - 127.0.0.1 - - [24/Jul/2025 15:34:57] "[31m[1mGET /dashboard/api/bots?search=1234 HTTP/1.1[0m" 422 -
[2025-07-24 15:35:01,401] INFO - Running job "create_app.<locals>.enqueue_sync (trigger: interval[0:01:00], next run at: 2025-07-24 15:35:01 CEST)" (scheduled at 2025-07-24 15:35:01.388555+02:00)
[2025-07-24 15:35:01,414] ERROR - Job "create_app.<locals>.enqueue_sync (trigger: interval[0:01:00], next run at: 2025-07-24 15:36:01 CEST)" raised an exception
Traceback (most recent call last):
  File "C:\Users\norbe\AppData\Local\Programs\Python\Python313\Lib\site-packages\apscheduler\executors\base.py", line 125, in run_job
    retval = job.func(*job.args, **job.kwargs)
  File "F:\kick-multibot-panel\backend\__init__.py", line 91, in enqueue_sync
    scheduler.queue.enqueue(process_unsent_events, socketio)
    ~~~~~~~~~~~~~~~~~~~~~~~^^^^^^^^^^^^^^^^^^^^^^^^^^^^^^^^^
  File "C:\Users\norbe\AppData\Local\Programs\Python\Python313\Lib\site-packages\rq\queue.py", line 1011, in enqueue
    return self.enqueue_call(
           ~~~~~~~~~~~~~~~~~^
        func=f,
        ^^^^^^^
    ...<16 lines>...
        pipeline=pipeline,
        ^^^^^^^^^^^^^^^^^^
    )
    ^
  File "C:\Users\norbe\AppData\Local\Programs\Python\Python313\Lib\site-packages\rq\queue.py", line 743, in enqueue_call
    return self.enqueue_job(job, pipeline=pipeline, at_front=at_front)
           ~~~~~~~~~~~~~~~~^^^^^^^^^^^^^^^^^^^^^^^^^^^^^^^^^^^^^^^^^^^
  File "C:\Users\norbe\AppData\Local\Programs\Python\Python313\Lib\site-packages\rq\queue.py", line 1142, in enqueue_job
    return self._enqueue_job(job, pipeline=pipeline, at_front=at_front)
           ~~~~~~~~~~~~~~~~~^^^^^^^^^^^^^^^^^^^^^^^^^^^^^^^^^^^^^^^^^^^
  File "C:\Users\norbe\AppData\Local\Programs\Python\Python313\Lib\site-packages\rq\queue.py", line 1168, in _enqueue_job
    job.save(pipeline=pipe)
    ~~~~~~~~^^^^^^^^^^^^^^^
  File "C:\Users\norbe\AppData\Local\Programs\Python\Python313\Lib\site-packages\rq\job.py", line 1142, in save
    mapping = self.to_dict(include_meta=include_meta, include_result=include_result)
  File "C:\Users\norbe\AppData\Local\Programs\Python\Python313\Lib\site-packages\rq\job.py", line 1057, in to_dict
    'data': zlib.compress(self.data),
                          ^^^^^^^^^
  File "C:\Users\norbe\AppData\Local\Programs\Python\Python313\Lib\site-packages\rq\job.py", line 590, in data
    self._data = self.serializer.dumps(job_tuple)
                 ~~~~~~~~~~~~~~~~~~~~~^^^^^^^^^^^
AttributeError: Can't get local object 'Flask.__init__.<locals>.<lambda>'. Did you mean: '_data'?
[2025-07-24 15:36:01,404] INFO - Running job "create_app.<locals>.enqueue_sync (trigger: interval[0:01:00], next run at: 2025-07-24 15:37:01 CEST)" (scheduled at 2025-07-24 15:36:01.388555+02:00)
[2025-07-24 15:36:01,408] ERROR - Job "create_app.<locals>.enqueue_sync (trigger: interval[0:01:00], next run at: 2025-07-24 15:37:01 CEST)" raised an exception
Traceback (most recent call last):
  File "C:\Users\norbe\AppData\Local\Programs\Python\Python313\Lib\site-packages\apscheduler\executors\base.py", line 125, in run_job
    retval = job.func(*job.args, **job.kwargs)
  File "F:\kick-multibot-panel\backend\__init__.py", line 91, in enqueue_sync
    scheduler.queue.enqueue(process_unsent_events, socketio)
    ~~~~~~~~~~~~~~~~~~~~~~~^^^^^^^^^^^^^^^^^^^^^^^^^^^^^^^^^
  File "C:\Users\norbe\AppData\Local\Programs\Python\Python313\Lib\site-packages\rq\queue.py", line 1011, in enqueue
    return self.enqueue_call(
           ~~~~~~~~~~~~~~~~~^
        func=f,
        ^^^^^^^
    ...<16 lines>...
        pipeline=pipeline,
        ^^^^^^^^^^^^^^^^^^
    )
    ^
  File "C:\Users\norbe\AppData\Local\Programs\Python\Python313\Lib\site-packages\rq\queue.py", line 743, in enqueue_call
    return self.enqueue_job(job, pipeline=pipeline, at_front=at_front)
           ~~~~~~~~~~~~~~~~^^^^^^^^^^^^^^^^^^^^^^^^^^^^^^^^^^^^^^^^^^^
  File "C:\Users\norbe\AppData\Local\Programs\Python\Python313\Lib\site-packages\rq\queue.py", line 1142, in enqueue_job
    return self._enqueue_job(job, pipeline=pipeline, at_front=at_front)
           ~~~~~~~~~~~~~~~~~^^^^^^^^^^^^^^^^^^^^^^^^^^^^^^^^^^^^^^^^^^^
  File "C:\Users\norbe\AppData\Local\Programs\Python\Python313\Lib\site-packages\rq\queue.py", line 1168, in _enqueue_job
    job.save(pipeline=pipe)
    ~~~~~~~~^^^^^^^^^^^^^^^
  File "C:\Users\norbe\AppData\Local\Programs\Python\Python313\Lib\site-packages\rq\job.py", line 1142, in save
    mapping = self.to_dict(include_meta=include_meta, include_result=include_result)
  File "C:\Users\norbe\AppData\Local\Programs\Python\Python313\Lib\site-packages\rq\job.py", line 1057, in to_dict
    'data': zlib.compress(self.data),
                          ^^^^^^^^^
  File "C:\Users\norbe\AppData\Local\Programs\Python\Python313\Lib\site-packages\rq\job.py", line 590, in data
    self._data = self.serializer.dumps(job_tuple)
                 ~~~~~~~~~~~~~~~~~~~~~^^^^^^^^^^^
AttributeError: Can't get local object 'Flask.__init__.<locals>.<lambda>'
[2025-07-24 15:37:01,396] INFO - Running job "create_app.<locals>.enqueue_sync (trigger: interval[0:01:00], next run at: 2025-07-24 15:38:01 CEST)" (scheduled at 2025-07-24 15:37:01.388555+02:00)
[2025-07-24 15:37:01,400] ERROR - Job "create_app.<locals>.enqueue_sync (trigger: interval[0:01:00], next run at: 2025-07-24 15:38:01 CEST)" raised an exception
Traceback (most recent call last):
  File "C:\Users\norbe\AppData\Local\Programs\Python\Python313\Lib\site-packages\apscheduler\executors\base.py", line 125, in run_job
    retval = job.func(*job.args, **job.kwargs)
  File "F:\kick-multibot-panel\backend\__init__.py", line 91, in enqueue_sync
    scheduler.queue.enqueue(process_unsent_events, socketio)
    ~~~~~~~~~~~~~~~~~~~~~~~^^^^^^^^^^^^^^^^^^^^^^^^^^^^^^^^^
  File "C:\Users\norbe\AppData\Local\Programs\Python\Python313\Lib\site-packages\rq\queue.py", line 1011, in enqueue
    return self.enqueue_call(
           ~~~~~~~~~~~~~~~~~^
        func=f,
        ^^^^^^^
    ...<16 lines>...
        pipeline=pipeline,
        ^^^^^^^^^^^^^^^^^^
    )
    ^
  File "C:\Users\norbe\AppData\Local\Programs\Python\Python313\Lib\site-packages\rq\queue.py", line 743, in enqueue_call
    return self.enqueue_job(job, pipeline=pipeline, at_front=at_front)
           ~~~~~~~~~~~~~~~~^^^^^^^^^^^^^^^^^^^^^^^^^^^^^^^^^^^^^^^^^^^
  File "C:\Users\norbe\AppData\Local\Programs\Python\Python313\Lib\site-packages\rq\queue.py", line 1142, in enqueue_job
    return self._enqueue_job(job, pipeline=pipeline, at_front=at_front)
           ~~~~~~~~~~~~~~~~~^^^^^^^^^^^^^^^^^^^^^^^^^^^^^^^^^^^^^^^^^^^
  File "C:\Users\norbe\AppData\Local\Programs\Python\Python313\Lib\site-packages\rq\queue.py", line 1168, in _enqueue_job
    job.save(pipeline=pipe)
    ~~~~~~~~^^^^^^^^^^^^^^^
  File "C:\Users\norbe\AppData\Local\Programs\Python\Python313\Lib\site-packages\rq\job.py", line 1142, in save
    mapping = self.to_dict(include_meta=include_meta, include_result=include_result)
  File "C:\Users\norbe\AppData\Local\Programs\Python\Python313\Lib\site-packages\rq\job.py", line 1057, in to_dict
    'data': zlib.compress(self.data),
                          ^^^^^^^^^
  File "C:\Users\norbe\AppData\Local\Programs\Python\Python313\Lib\site-packages\rq\job.py", line 590, in data
    self._data = self.serializer.dumps(job_tuple)
                 ~~~~~~~~~~~~~~~~~~~~~^^^^^^^^^^^
AttributeError: Can't get local object 'Flask.__init__.<locals>.<lambda>'
[2025-07-24 15:38:01,394] INFO - Running job "create_app.<locals>.enqueue_sync (trigger: interval[0:01:00], next run at: 2025-07-24 15:39:01 CEST)" (scheduled at 2025-07-24 15:38:01.388555+02:00)
[2025-07-24 15:38:01,398] ERROR - Job "create_app.<locals>.enqueue_sync (trigger: interval[0:01:00], next run at: 2025-07-24 15:39:01 CEST)" raised an exception
Traceback (most recent call last):
  File "C:\Users\norbe\AppData\Local\Programs\Python\Python313\Lib\site-packages\apscheduler\executors\base.py", line 125, in run_job
    retval = job.func(*job.args, **job.kwargs)
  File "F:\kick-multibot-panel\backend\__init__.py", line 91, in enqueue_sync
    scheduler.queue.enqueue(process_unsent_events, socketio)
    ~~~~~~~~~~~~~~~~~~~~~~~^^^^^^^^^^^^^^^^^^^^^^^^^^^^^^^^^
  File "C:\Users\norbe\AppData\Local\Programs\Python\Python313\Lib\site-packages\rq\queue.py", line 1011, in enqueue
    return self.enqueue_call(
           ~~~~~~~~~~~~~~~~~^
        func=f,
        ^^^^^^^
    ...<16 lines>...
        pipeline=pipeline,
        ^^^^^^^^^^^^^^^^^^
    )
    ^
  File "C:\Users\norbe\AppData\Local\Programs\Python\Python313\Lib\site-packages\rq\queue.py", line 743, in enqueue_call
    return self.enqueue_job(job, pipeline=pipeline, at_front=at_front)
           ~~~~~~~~~~~~~~~~^^^^^^^^^^^^^^^^^^^^^^^^^^^^^^^^^^^^^^^^^^^
  File "C:\Users\norbe\AppData\Local\Programs\Python\Python313\Lib\site-packages\rq\queue.py", line 1142, in enqueue_job
    return self._enqueue_job(job, pipeline=pipeline, at_front=at_front)
           ~~~~~~~~~~~~~~~~~^^^^^^^^^^^^^^^^^^^^^^^^^^^^^^^^^^^^^^^^^^^
  File "C:\Users\norbe\AppData\Local\Programs\Python\Python313\Lib\site-packages\rq\queue.py", line 1168, in _enqueue_job
    job.save(pipeline=pipe)
    ~~~~~~~~^^^^^^^^^^^^^^^
  File "C:\Users\norbe\AppData\Local\Programs\Python\Python313\Lib\site-packages\rq\job.py", line 1142, in save
    mapping = self.to_dict(include_meta=include_meta, include_result=include_result)
  File "C:\Users\norbe\AppData\Local\Programs\Python\Python313\Lib\site-packages\rq\job.py", line 1057, in to_dict
    'data': zlib.compress(self.data),
                          ^^^^^^^^^
  File "C:\Users\norbe\AppData\Local\Programs\Python\Python313\Lib\site-packages\rq\job.py", line 590, in data
    self._data = self.serializer.dumps(job_tuple)
                 ~~~~~~~~~~~~~~~~~~~~~^^^^^^^^^^^
AttributeError: Can't get local object 'Flask.__init__.<locals>.<lambda>'
[2025-07-24 15:39:01,390] INFO - Running job "create_app.<locals>.enqueue_sync (trigger: interval[0:01:00], next run at: 2025-07-24 15:40:01 CEST)" (scheduled at 2025-07-24 15:39:01.388555+02:00)
[2025-07-24 15:39:01,394] ERROR - Job "create_app.<locals>.enqueue_sync (trigger: interval[0:01:00], next run at: 2025-07-24 15:40:01 CEST)" raised an exception
Traceback (most recent call last):
  File "C:\Users\norbe\AppData\Local\Programs\Python\Python313\Lib\site-packages\apscheduler\executors\base.py", line 125, in run_job
    retval = job.func(*job.args, **job.kwargs)
  File "F:\kick-multibot-panel\backend\__init__.py", line 91, in enqueue_sync
    scheduler.queue.enqueue(process_unsent_events, socketio)
    ~~~~~~~~~~~~~~~~~~~~~~~^^^^^^^^^^^^^^^^^^^^^^^^^^^^^^^^^
  File "C:\Users\norbe\AppData\Local\Programs\Python\Python313\Lib\site-packages\rq\queue.py", line 1011, in enqueue
    return self.enqueue_call(
           ~~~~~~~~~~~~~~~~~^
        func=f,
        ^^^^^^^
    ...<16 lines>...
        pipeline=pipeline,
        ^^^^^^^^^^^^^^^^^^
    )
    ^
  File "C:\Users\norbe\AppData\Local\Programs\Python\Python313\Lib\site-packages\rq\queue.py", line 743, in enqueue_call
    return self.enqueue_job(job, pipeline=pipeline, at_front=at_front)
           ~~~~~~~~~~~~~~~~^^^^^^^^^^^^^^^^^^^^^^^^^^^^^^^^^^^^^^^^^^^
  File "C:\Users\norbe\AppData\Local\Programs\Python\Python313\Lib\site-packages\rq\queue.py", line 1142, in enqueue_job
    return self._enqueue_job(job, pipeline=pipeline, at_front=at_front)
           ~~~~~~~~~~~~~~~~~^^^^^^^^^^^^^^^^^^^^^^^^^^^^^^^^^^^^^^^^^^^
  File "C:\Users\norbe\AppData\Local\Programs\Python\Python313\Lib\site-packages\rq\queue.py", line 1168, in _enqueue_job
    job.save(pipeline=pipe)
    ~~~~~~~~^^^^^^^^^^^^^^^
  File "C:\Users\norbe\AppData\Local\Programs\Python\Python313\Lib\site-packages\rq\job.py", line 1142, in save
    mapping = self.to_dict(include_meta=include_meta, include_result=include_result)
  File "C:\Users\norbe\AppData\Local\Programs\Python\Python313\Lib\site-packages\rq\job.py", line 1057, in to_dict
    'data': zlib.compress(self.data),
                          ^^^^^^^^^
  File "C:\Users\norbe\AppData\Local\Programs\Python\Python313\Lib\site-packages\rq\job.py", line 590, in data
    self._data = self.serializer.dumps(job_tuple)
                 ~~~~~~~~~~~~~~~~~~~~~^^^^^^^^^^^
AttributeError: Can't get local object 'Flask.__init__.<locals>.<lambda>'
[2025-07-24 15:40:01,393] INFO - Running job "create_app.<locals>.enqueue_sync (trigger: interval[0:01:00], next run at: 2025-07-24 15:41:01 CEST)" (scheduled at 2025-07-24 15:40:01.388555+02:00)
[2025-07-24 15:40:01,397] ERROR - Job "create_app.<locals>.enqueue_sync (trigger: interval[0:01:00], next run at: 2025-07-24 15:41:01 CEST)" raised an exception
Traceback (most recent call last):
  File "C:\Users\norbe\AppData\Local\Programs\Python\Python313\Lib\site-packages\apscheduler\executors\base.py", line 125, in run_job
    retval = job.func(*job.args, **job.kwargs)
  File "F:\kick-multibot-panel\backend\__init__.py", line 91, in enqueue_sync
    scheduler.queue.enqueue(process_unsent_events, socketio)
    ~~~~~~~~~~~~~~~~~~~~~~~^^^^^^^^^^^^^^^^^^^^^^^^^^^^^^^^^
  File "C:\Users\norbe\AppData\Local\Programs\Python\Python313\Lib\site-packages\rq\queue.py", line 1011, in enqueue
    return self.enqueue_call(
           ~~~~~~~~~~~~~~~~~^
        func=f,
        ^^^^^^^
    ...<16 lines>...
        pipeline=pipeline,
        ^^^^^^^^^^^^^^^^^^
    )
    ^
  File "C:\Users\norbe\AppData\Local\Programs\Python\Python313\Lib\site-packages\rq\queue.py", line 743, in enqueue_call
    return self.enqueue_job(job, pipeline=pipeline, at_front=at_front)
           ~~~~~~~~~~~~~~~~^^^^^^^^^^^^^^^^^^^^^^^^^^^^^^^^^^^^^^^^^^^
  File "C:\Users\norbe\AppData\Local\Programs\Python\Python313\Lib\site-packages\rq\queue.py", line 1142, in enqueue_job
    return self._enqueue_job(job, pipeline=pipeline, at_front=at_front)
           ~~~~~~~~~~~~~~~~~^^^^^^^^^^^^^^^^^^^^^^^^^^^^^^^^^^^^^^^^^^^
  File "C:\Users\norbe\AppData\Local\Programs\Python\Python313\Lib\site-packages\rq\queue.py", line 1168, in _enqueue_job
    job.save(pipeline=pipe)
    ~~~~~~~~^^^^^^^^^^^^^^^
  File "C:\Users\norbe\AppData\Local\Programs\Python\Python313\Lib\site-packages\rq\job.py", line 1142, in save
    mapping = self.to_dict(include_meta=include_meta, include_result=include_result)
  File "C:\Users\norbe\AppData\Local\Programs\Python\Python313\Lib\site-packages\rq\job.py", line 1057, in to_dict
    'data': zlib.compress(self.data),
                          ^^^^^^^^^
  File "C:\Users\norbe\AppData\Local\Programs\Python\Python313\Lib\site-packages\rq\job.py", line 590, in data
    self._data = self.serializer.dumps(job_tuple)
                 ~~~~~~~~~~~~~~~~~~~~~^^^^^^^^^^^
AttributeError: Can't get local object 'Flask.__init__.<locals>.<lambda>'
[2025-07-24 15:41:01,400] INFO - Running job "create_app.<locals>.enqueue_sync (trigger: interval[0:01:00], next run at: 2025-07-24 15:42:01 CEST)" (scheduled at 2025-07-24 15:41:01.388555+02:00)
[2025-07-24 15:41:01,405] ERROR - Job "create_app.<locals>.enqueue_sync (trigger: interval[0:01:00], next run at: 2025-07-24 15:42:01 CEST)" raised an exception
Traceback (most recent call last):
  File "C:\Users\norbe\AppData\Local\Programs\Python\Python313\Lib\site-packages\apscheduler\executors\base.py", line 125, in run_job
    retval = job.func(*job.args, **job.kwargs)
  File "F:\kick-multibot-panel\backend\__init__.py", line 91, in enqueue_sync
    scheduler.queue.enqueue(process_unsent_events, socketio)
    ~~~~~~~~~~~~~~~~~~~~~~~^^^^^^^^^^^^^^^^^^^^^^^^^^^^^^^^^
  File "C:\Users\norbe\AppData\Local\Programs\Python\Python313\Lib\site-packages\rq\queue.py", line 1011, in enqueue
    return self.enqueue_call(
           ~~~~~~~~~~~~~~~~~^
        func=f,
        ^^^^^^^
    ...<16 lines>...
        pipeline=pipeline,
        ^^^^^^^^^^^^^^^^^^
    )
    ^
  File "C:\Users\norbe\AppData\Local\Programs\Python\Python313\Lib\site-packages\rq\queue.py", line 743, in enqueue_call
    return self.enqueue_job(job, pipeline=pipeline, at_front=at_front)
           ~~~~~~~~~~~~~~~~^^^^^^^^^^^^^^^^^^^^^^^^^^^^^^^^^^^^^^^^^^^
  File "C:\Users\norbe\AppData\Local\Programs\Python\Python313\Lib\site-packages\rq\queue.py", line 1142, in enqueue_job
    return self._enqueue_job(job, pipeline=pipeline, at_front=at_front)
           ~~~~~~~~~~~~~~~~~^^^^^^^^^^^^^^^^^^^^^^^^^^^^^^^^^^^^^^^^^^^
  File "C:\Users\norbe\AppData\Local\Programs\Python\Python313\Lib\site-packages\rq\queue.py", line 1168, in _enqueue_job
    job.save(pipeline=pipe)
    ~~~~~~~~^^^^^^^^^^^^^^^
  File "C:\Users\norbe\AppData\Local\Programs\Python\Python313\Lib\site-packages\rq\job.py", line 1142, in save
    mapping = self.to_dict(include_meta=include_meta, include_result=include_result)
  File "C:\Users\norbe\AppData\Local\Programs\Python\Python313\Lib\site-packages\rq\job.py", line 1057, in to_dict
    'data': zlib.compress(self.data),
                          ^^^^^^^^^
  File "C:\Users\norbe\AppData\Local\Programs\Python\Python313\Lib\site-packages\rq\job.py", line 590, in data
    self._data = self.serializer.dumps(job_tuple)
                 ~~~~~~~~~~~~~~~~~~~~~^^^^^^^^^^^
AttributeError: Can't get local object 'Flask.__init__.<locals>.<lambda>'
[2025-07-24 15:42:01,391] INFO - Running job "create_app.<locals>.enqueue_sync (trigger: interval[0:01:00], next run at: 2025-07-24 15:43:01 CEST)" (scheduled at 2025-07-24 15:42:01.388555+02:00)
[2025-07-24 15:42:01,395] ERROR - Job "create_app.<locals>.enqueue_sync (trigger: interval[0:01:00], next run at: 2025-07-24 15:43:01 CEST)" raised an exception
Traceback (most recent call last):
  File "C:\Users\norbe\AppData\Local\Programs\Python\Python313\Lib\site-packages\apscheduler\executors\base.py", line 125, in run_job
    retval = job.func(*job.args, **job.kwargs)
  File "F:\kick-multibot-panel\backend\__init__.py", line 91, in enqueue_sync
    scheduler.queue.enqueue(process_unsent_events, socketio)
    ~~~~~~~~~~~~~~~~~~~~~~~^^^^^^^^^^^^^^^^^^^^^^^^^^^^^^^^^
  File "C:\Users\norbe\AppData\Local\Programs\Python\Python313\Lib\site-packages\rq\queue.py", line 1011, in enqueue
    return self.enqueue_call(
           ~~~~~~~~~~~~~~~~~^
        func=f,
        ^^^^^^^
    ...<16 lines>...
        pipeline=pipeline,
        ^^^^^^^^^^^^^^^^^^
    )
    ^
  File "C:\Users\norbe\AppData\Local\Programs\Python\Python313\Lib\site-packages\rq\queue.py", line 743, in enqueue_call
    return self.enqueue_job(job, pipeline=pipeline, at_front=at_front)
           ~~~~~~~~~~~~~~~~^^^^^^^^^^^^^^^^^^^^^^^^^^^^^^^^^^^^^^^^^^^
  File "C:\Users\norbe\AppData\Local\Programs\Python\Python313\Lib\site-packages\rq\queue.py", line 1142, in enqueue_job
    return self._enqueue_job(job, pipeline=pipeline, at_front=at_front)
           ~~~~~~~~~~~~~~~~~^^^^^^^^^^^^^^^^^^^^^^^^^^^^^^^^^^^^^^^^^^^
  File "C:\Users\norbe\AppData\Local\Programs\Python\Python313\Lib\site-packages\rq\queue.py", line 1168, in _enqueue_job
    job.save(pipeline=pipe)
    ~~~~~~~~^^^^^^^^^^^^^^^
  File "C:\Users\norbe\AppData\Local\Programs\Python\Python313\Lib\site-packages\rq\job.py", line 1142, in save
    mapping = self.to_dict(include_meta=include_meta, include_result=include_result)
  File "C:\Users\norbe\AppData\Local\Programs\Python\Python313\Lib\site-packages\rq\job.py", line 1057, in to_dict
    'data': zlib.compress(self.data),
                          ^^^^^^^^^
  File "C:\Users\norbe\AppData\Local\Programs\Python\Python313\Lib\site-packages\rq\job.py", line 590, in data
    self._data = self.serializer.dumps(job_tuple)
                 ~~~~~~~~~~~~~~~~~~~~~^^^^^^^^^^^
AttributeError: Can't get local object 'Flask.__init__.<locals>.<lambda>'
[2025-07-24 15:43:01,391] INFO - Running job "create_app.<locals>.enqueue_sync (trigger: interval[0:01:00], next run at: 2025-07-24 15:44:01 CEST)" (scheduled at 2025-07-24 15:43:01.388555+02:00)
[2025-07-24 15:43:01,396] ERROR - Job "create_app.<locals>.enqueue_sync (trigger: interval[0:01:00], next run at: 2025-07-24 15:44:01 CEST)" raised an exception
Traceback (most recent call last):
  File "C:\Users\norbe\AppData\Local\Programs\Python\Python313\Lib\site-packages\apscheduler\executors\base.py", line 125, in run_job
    retval = job.func(*job.args, **job.kwargs)
  File "F:\kick-multibot-panel\backend\__init__.py", line 91, in enqueue_sync
    scheduler.queue.enqueue(process_unsent_events, socketio)
    ~~~~~~~~~~~~~~~~~~~~~~~^^^^^^^^^^^^^^^^^^^^^^^^^^^^^^^^^
  File "C:\Users\norbe\AppData\Local\Programs\Python\Python313\Lib\site-packages\rq\queue.py", line 1011, in enqueue
    return self.enqueue_call(
           ~~~~~~~~~~~~~~~~~^
        func=f,
        ^^^^^^^
    ...<16 lines>...
        pipeline=pipeline,
        ^^^^^^^^^^^^^^^^^^
    )
    ^
  File "C:\Users\norbe\AppData\Local\Programs\Python\Python313\Lib\site-packages\rq\queue.py", line 743, in enqueue_call
    return self.enqueue_job(job, pipeline=pipeline, at_front=at_front)
           ~~~~~~~~~~~~~~~~^^^^^^^^^^^^^^^^^^^^^^^^^^^^^^^^^^^^^^^^^^^
  File "C:\Users\norbe\AppData\Local\Programs\Python\Python313\Lib\site-packages\rq\queue.py", line 1142, in enqueue_job
    return self._enqueue_job(job, pipeline=pipeline, at_front=at_front)
           ~~~~~~~~~~~~~~~~~^^^^^^^^^^^^^^^^^^^^^^^^^^^^^^^^^^^^^^^^^^^
  File "C:\Users\norbe\AppData\Local\Programs\Python\Python313\Lib\site-packages\rq\queue.py", line 1168, in _enqueue_job
    job.save(pipeline=pipe)
    ~~~~~~~~^^^^^^^^^^^^^^^
  File "C:\Users\norbe\AppData\Local\Programs\Python\Python313\Lib\site-packages\rq\job.py", line 1142, in save
    mapping = self.to_dict(include_meta=include_meta, include_result=include_result)
  File "C:\Users\norbe\AppData\Local\Programs\Python\Python313\Lib\site-packages\rq\job.py", line 1057, in to_dict
    'data': zlib.compress(self.data),
                          ^^^^^^^^^
  File "C:\Users\norbe\AppData\Local\Programs\Python\Python313\Lib\site-packages\rq\job.py", line 590, in data
    self._data = self.serializer.dumps(job_tuple)
                 ~~~~~~~~~~~~~~~~~~~~~^^^^^^^^^^^
AttributeError: Can't get local object 'Flask.__init__.<locals>.<lambda>'
[2025-07-24 15:44:01,403] INFO - Running job "create_app.<locals>.enqueue_sync (trigger: interval[0:01:00], next run at: 2025-07-24 15:45:01 CEST)" (scheduled at 2025-07-24 15:44:01.388555+02:00)
[2025-07-24 15:44:01,409] ERROR - Job "create_app.<locals>.enqueue_sync (trigger: interval[0:01:00], next run at: 2025-07-24 15:45:01 CEST)" raised an exception
Traceback (most recent call last):
  File "C:\Users\norbe\AppData\Local\Programs\Python\Python313\Lib\site-packages\apscheduler\executors\base.py", line 125, in run_job
    retval = job.func(*job.args, **job.kwargs)
  File "F:\kick-multibot-panel\backend\__init__.py", line 91, in enqueue_sync
    scheduler.queue.enqueue(process_unsent_events, socketio)
    ~~~~~~~~~~~~~~~~~~~~~~~^^^^^^^^^^^^^^^^^^^^^^^^^^^^^^^^^
  File "C:\Users\norbe\AppData\Local\Programs\Python\Python313\Lib\site-packages\rq\queue.py", line 1011, in enqueue
    return self.enqueue_call(
           ~~~~~~~~~~~~~~~~~^
        func=f,
        ^^^^^^^
    ...<16 lines>...
        pipeline=pipeline,
        ^^^^^^^^^^^^^^^^^^
    )
    ^
  File "C:\Users\norbe\AppData\Local\Programs\Python\Python313\Lib\site-packages\rq\queue.py", line 743, in enqueue_call
    return self.enqueue_job(job, pipeline=pipeline, at_front=at_front)
           ~~~~~~~~~~~~~~~~^^^^^^^^^^^^^^^^^^^^^^^^^^^^^^^^^^^^^^^^^^^
  File "C:\Users\norbe\AppData\Local\Programs\Python\Python313\Lib\site-packages\rq\queue.py", line 1142, in enqueue_job
    return self._enqueue_job(job, pipeline=pipeline, at_front=at_front)
           ~~~~~~~~~~~~~~~~~^^^^^^^^^^^^^^^^^^^^^^^^^^^^^^^^^^^^^^^^^^^
  File "C:\Users\norbe\AppData\Local\Programs\Python\Python313\Lib\site-packages\rq\queue.py", line 1168, in _enqueue_job
    job.save(pipeline=pipe)
    ~~~~~~~~^^^^^^^^^^^^^^^
  File "C:\Users\norbe\AppData\Local\Programs\Python\Python313\Lib\site-packages\rq\job.py", line 1142, in save
    mapping = self.to_dict(include_meta=include_meta, include_result=include_result)
  File "C:\Users\norbe\AppData\Local\Programs\Python\Python313\Lib\site-packages\rq\job.py", line 1057, in to_dict
    'data': zlib.compress(self.data),
                          ^^^^^^^^^
  File "C:\Users\norbe\AppData\Local\Programs\Python\Python313\Lib\site-packages\rq\job.py", line 590, in data
    self._data = self.serializer.dumps(job_tuple)
                 ~~~~~~~~~~~~~~~~~~~~~^^^^^^^^^^^
AttributeError: Can't get local object 'Flask.__init__.<locals>.<lambda>'
[2025-07-24 15:45:01,393] INFO - Running job "create_app.<locals>.enqueue_sync (trigger: interval[0:01:00], next run at: 2025-07-24 15:46:01 CEST)" (scheduled at 2025-07-24 15:45:01.388555+02:00)
[2025-07-24 15:45:01,396] ERROR - Job "create_app.<locals>.enqueue_sync (trigger: interval[0:01:00], next run at: 2025-07-24 15:46:01 CEST)" raised an exception
Traceback (most recent call last):
  File "C:\Users\norbe\AppData\Local\Programs\Python\Python313\Lib\site-packages\apscheduler\executors\base.py", line 125, in run_job
    retval = job.func(*job.args, **job.kwargs)
  File "F:\kick-multibot-panel\backend\__init__.py", line 91, in enqueue_sync
    scheduler.queue.enqueue(process_unsent_events, socketio)
    ~~~~~~~~~~~~~~~~~~~~~~~^^^^^^^^^^^^^^^^^^^^^^^^^^^^^^^^^
  File "C:\Users\norbe\AppData\Local\Programs\Python\Python313\Lib\site-packages\rq\queue.py", line 1011, in enqueue
    return self.enqueue_call(
           ~~~~~~~~~~~~~~~~~^
        func=f,
        ^^^^^^^
    ...<16 lines>...
        pipeline=pipeline,
        ^^^^^^^^^^^^^^^^^^
    )
    ^
  File "C:\Users\norbe\AppData\Local\Programs\Python\Python313\Lib\site-packages\rq\queue.py", line 743, in enqueue_call
    return self.enqueue_job(job, pipeline=pipeline, at_front=at_front)
           ~~~~~~~~~~~~~~~~^^^^^^^^^^^^^^^^^^^^^^^^^^^^^^^^^^^^^^^^^^^
  File "C:\Users\norbe\AppData\Local\Programs\Python\Python313\Lib\site-packages\rq\queue.py", line 1142, in enqueue_job
    return self._enqueue_job(job, pipeline=pipeline, at_front=at_front)
           ~~~~~~~~~~~~~~~~~^^^^^^^^^^^^^^^^^^^^^^^^^^^^^^^^^^^^^^^^^^^
  File "C:\Users\norbe\AppData\Local\Programs\Python\Python313\Lib\site-packages\rq\queue.py", line 1168, in _enqueue_job
    job.save(pipeline=pipe)
    ~~~~~~~~^^^^^^^^^^^^^^^
  File "C:\Users\norbe\AppData\Local\Programs\Python\Python313\Lib\site-packages\rq\job.py", line 1142, in save
    mapping = self.to_dict(include_meta=include_meta, include_result=include_result)
  File "C:\Users\norbe\AppData\Local\Programs\Python\Python313\Lib\site-packages\rq\job.py", line 1057, in to_dict
    'data': zlib.compress(self.data),
                          ^^^^^^^^^
  File "C:\Users\norbe\AppData\Local\Programs\Python\Python313\Lib\site-packages\rq\job.py", line 590, in data
    self._data = self.serializer.dumps(job_tuple)
                 ~~~~~~~~~~~~~~~~~~~~~^^^^^^^^^^^
AttributeError: Can't get local object 'Flask.__init__.<locals>.<lambda>'
[2025-07-24 15:46:01,401] INFO - Running job "create_app.<locals>.enqueue_sync (trigger: interval[0:01:00], next run at: 2025-07-24 15:47:01 CEST)" (scheduled at 2025-07-24 15:46:01.388555+02:00)
[2025-07-24 15:46:01,407] ERROR - Job "create_app.<locals>.enqueue_sync (trigger: interval[0:01:00], next run at: 2025-07-24 15:47:01 CEST)" raised an exception
Traceback (most recent call last):
  File "C:\Users\norbe\AppData\Local\Programs\Python\Python313\Lib\site-packages\apscheduler\executors\base.py", line 125, in run_job
    retval = job.func(*job.args, **job.kwargs)
  File "F:\kick-multibot-panel\backend\__init__.py", line 91, in enqueue_sync
    scheduler.queue.enqueue(process_unsent_events, socketio)
    ~~~~~~~~~~~~~~~~~~~~~~~^^^^^^^^^^^^^^^^^^^^^^^^^^^^^^^^^
  File "C:\Users\norbe\AppData\Local\Programs\Python\Python313\Lib\site-packages\rq\queue.py", line 1011, in enqueue
    return self.enqueue_call(
           ~~~~~~~~~~~~~~~~~^
        func=f,
        ^^^^^^^
    ...<16 lines>...
        pipeline=pipeline,
        ^^^^^^^^^^^^^^^^^^
    )
    ^
  File "C:\Users\norbe\AppData\Local\Programs\Python\Python313\Lib\site-packages\rq\queue.py", line 743, in enqueue_call
    return self.enqueue_job(job, pipeline=pipeline, at_front=at_front)
           ~~~~~~~~~~~~~~~~^^^^^^^^^^^^^^^^^^^^^^^^^^^^^^^^^^^^^^^^^^^
  File "C:\Users\norbe\AppData\Local\Programs\Python\Python313\Lib\site-packages\rq\queue.py", line 1142, in enqueue_job
    return self._enqueue_job(job, pipeline=pipeline, at_front=at_front)
           ~~~~~~~~~~~~~~~~~^^^^^^^^^^^^^^^^^^^^^^^^^^^^^^^^^^^^^^^^^^^
  File "C:\Users\norbe\AppData\Local\Programs\Python\Python313\Lib\site-packages\rq\queue.py", line 1168, in _enqueue_job
    job.save(pipeline=pipe)
    ~~~~~~~~^^^^^^^^^^^^^^^
  File "C:\Users\norbe\AppData\Local\Programs\Python\Python313\Lib\site-packages\rq\job.py", line 1142, in save
    mapping = self.to_dict(include_meta=include_meta, include_result=include_result)
  File "C:\Users\norbe\AppData\Local\Programs\Python\Python313\Lib\site-packages\rq\job.py", line 1057, in to_dict
    'data': zlib.compress(self.data),
                          ^^^^^^^^^
  File "C:\Users\norbe\AppData\Local\Programs\Python\Python313\Lib\site-packages\rq\job.py", line 590, in data
    self._data = self.serializer.dumps(job_tuple)
                 ~~~~~~~~~~~~~~~~~~~~~^^^^^^^^^^^
AttributeError: Can't get local object 'Flask.__init__.<locals>.<lambda>'
[2025-07-24 15:47:01,391] INFO - Running job "create_app.<locals>.enqueue_sync (trigger: interval[0:01:00], next run at: 2025-07-24 15:48:01 CEST)" (scheduled at 2025-07-24 15:47:01.388555+02:00)
[2025-07-24 15:47:01,396] ERROR - Job "create_app.<locals>.enqueue_sync (trigger: interval[0:01:00], next run at: 2025-07-24 15:48:01 CEST)" raised an exception
Traceback (most recent call last):
  File "C:\Users\norbe\AppData\Local\Programs\Python\Python313\Lib\site-packages\apscheduler\executors\base.py", line 125, in run_job
    retval = job.func(*job.args, **job.kwargs)
  File "F:\kick-multibot-panel\backend\__init__.py", line 91, in enqueue_sync
    scheduler.queue.enqueue(process_unsent_events, socketio)
    ~~~~~~~~~~~~~~~~~~~~~~~^^^^^^^^^^^^^^^^^^^^^^^^^^^^^^^^^
  File "C:\Users\norbe\AppData\Local\Programs\Python\Python313\Lib\site-packages\rq\queue.py", line 1011, in enqueue
    return self.enqueue_call(
           ~~~~~~~~~~~~~~~~~^
        func=f,
        ^^^^^^^
    ...<16 lines>...
        pipeline=pipeline,
        ^^^^^^^^^^^^^^^^^^
    )
    ^
  File "C:\Users\norbe\AppData\Local\Programs\Python\Python313\Lib\site-packages\rq\queue.py", line 743, in enqueue_call
    return self.enqueue_job(job, pipeline=pipeline, at_front=at_front)
           ~~~~~~~~~~~~~~~~^^^^^^^^^^^^^^^^^^^^^^^^^^^^^^^^^^^^^^^^^^^
  File "C:\Users\norbe\AppData\Local\Programs\Python\Python313\Lib\site-packages\rq\queue.py", line 1142, in enqueue_job
    return self._enqueue_job(job, pipeline=pipeline, at_front=at_front)
           ~~~~~~~~~~~~~~~~~^^^^^^^^^^^^^^^^^^^^^^^^^^^^^^^^^^^^^^^^^^^
  File "C:\Users\norbe\AppData\Local\Programs\Python\Python313\Lib\site-packages\rq\queue.py", line 1168, in _enqueue_job
    job.save(pipeline=pipe)
    ~~~~~~~~^^^^^^^^^^^^^^^
  File "C:\Users\norbe\AppData\Local\Programs\Python\Python313\Lib\site-packages\rq\job.py", line 1142, in save
    mapping = self.to_dict(include_meta=include_meta, include_result=include_result)
  File "C:\Users\norbe\AppData\Local\Programs\Python\Python313\Lib\site-packages\rq\job.py", line 1057, in to_dict
    'data': zlib.compress(self.data),
                          ^^^^^^^^^
  File "C:\Users\norbe\AppData\Local\Programs\Python\Python313\Lib\site-packages\rq\job.py", line 590, in data
    self._data = self.serializer.dumps(job_tuple)
                 ~~~~~~~~~~~~~~~~~~~~~^^^^^^^^^^^
AttributeError: Can't get local object 'Flask.__init__.<locals>.<lambda>'
[2025-07-24 15:48:01,403] INFO - Running job "create_app.<locals>.enqueue_sync (trigger: interval[0:01:00], next run at: 2025-07-24 15:49:01 CEST)" (scheduled at 2025-07-24 15:48:01.388555+02:00)
[2025-07-24 15:48:01,408] ERROR - Job "create_app.<locals>.enqueue_sync (trigger: interval[0:01:00], next run at: 2025-07-24 15:49:01 CEST)" raised an exception
Traceback (most recent call last):
  File "C:\Users\norbe\AppData\Local\Programs\Python\Python313\Lib\site-packages\apscheduler\executors\base.py", line 125, in run_job
    retval = job.func(*job.args, **job.kwargs)
  File "F:\kick-multibot-panel\backend\__init__.py", line 91, in enqueue_sync
    scheduler.queue.enqueue(process_unsent_events, socketio)
    ~~~~~~~~~~~~~~~~~~~~~~~^^^^^^^^^^^^^^^^^^^^^^^^^^^^^^^^^
  File "C:\Users\norbe\AppData\Local\Programs\Python\Python313\Lib\site-packages\rq\queue.py", line 1011, in enqueue
    return self.enqueue_call(
           ~~~~~~~~~~~~~~~~~^
        func=f,
        ^^^^^^^
    ...<16 lines>...
        pipeline=pipeline,
        ^^^^^^^^^^^^^^^^^^
    )
    ^
  File "C:\Users\norbe\AppData\Local\Programs\Python\Python313\Lib\site-packages\rq\queue.py", line 743, in enqueue_call
    return self.enqueue_job(job, pipeline=pipeline, at_front=at_front)
           ~~~~~~~~~~~~~~~~^^^^^^^^^^^^^^^^^^^^^^^^^^^^^^^^^^^^^^^^^^^
  File "C:\Users\norbe\AppData\Local\Programs\Python\Python313\Lib\site-packages\rq\queue.py", line 1142, in enqueue_job
    return self._enqueue_job(job, pipeline=pipeline, at_front=at_front)
           ~~~~~~~~~~~~~~~~~^^^^^^^^^^^^^^^^^^^^^^^^^^^^^^^^^^^^^^^^^^^
  File "C:\Users\norbe\AppData\Local\Programs\Python\Python313\Lib\site-packages\rq\queue.py", line 1168, in _enqueue_job
    job.save(pipeline=pipe)
    ~~~~~~~~^^^^^^^^^^^^^^^
  File "C:\Users\norbe\AppData\Local\Programs\Python\Python313\Lib\site-packages\rq\job.py", line 1142, in save
    mapping = self.to_dict(include_meta=include_meta, include_result=include_result)
  File "C:\Users\norbe\AppData\Local\Programs\Python\Python313\Lib\site-packages\rq\job.py", line 1057, in to_dict
    'data': zlib.compress(self.data),
                          ^^^^^^^^^
  File "C:\Users\norbe\AppData\Local\Programs\Python\Python313\Lib\site-packages\rq\job.py", line 590, in data
    self._data = self.serializer.dumps(job_tuple)
                 ~~~~~~~~~~~~~~~~~~~~~^^^^^^^^^^^
AttributeError: Can't get local object 'Flask.__init__.<locals>.<lambda>'
[2025-07-24 15:48:21,085] INFO - Connected to Redis
[2025-07-24 15:48:21,089] INFO - Adding job tentatively -- it will be properly scheduled when the scheduler starts
[2025-07-24 15:48:21,090] INFO - Added job "create_app.<locals>.enqueue_sync" to job store "default"
[2025-07-24 15:48:21,091] INFO - Scheduler started
[2025-07-24 15:48:21,125] INFO - [31m[1mWARNING: This is a development server. Do not use it in a production deployment. Use a production WSGI server instead.[0m
 * Running on http://127.0.0.1:5000
[2025-07-24 15:48:21,125] INFO - [33mPress CTRL+C to quit[0m
[2025-07-24 15:48:24,682] INFO - 127.0.0.1 - - [24/Jul/2025 15:48:24] "GET /dashboard HTTP/1.1" 200 -
[2025-07-24 15:48:24,861] INFO - 127.0.0.1 - - [24/Jul/2025 15:48:24] "[36mGET /static/styles.css HTTP/1.1[0m" 304 -
[2025-07-24 15:48:24,888] INFO - 127.0.0.1 - - [24/Jul/2025 15:48:24] "GET /static/main.js HTTP/1.1" 200 -
[2025-07-24 15:48:27,151] INFO - 127.0.0.1 - - [24/Jul/2025 15:48:27] "[36mGET /static/manifest.json HTTP/1.1[0m" 304 -
[2025-07-24 15:48:34,310] INFO - 127.0.0.1 - - [24/Jul/2025 15:48:34] "GET /dashboard HTTP/1.1" 200 -
[2025-07-24 15:48:34,345] INFO - 127.0.0.1 - - [24/Jul/2025 15:48:34] "[36mGET /static/styles.css HTTP/1.1[0m" 304 -
[2025-07-24 15:48:34,350] INFO - 127.0.0.1 - - [24/Jul/2025 15:48:34] "[36mGET /static/main.js HTTP/1.1[0m" 304 -
[2025-07-24 15:48:35,163] INFO - 127.0.0.1 - - [24/Jul/2025 15:48:35] "[36mGET /static/manifest.json HTTP/1.1[0m" 304 -
[2025-07-24 15:48:36,598] INFO - 127.0.0.1 - - [24/Jul/2025 15:48:36] "[32mGET /logout HTTP/1.1[0m" 302 -
[2025-07-24 15:48:36,623] INFO - 127.0.0.1 - - [24/Jul/2025 15:48:36] "GET /login HTTP/1.1" 200 -
[2025-07-24 15:48:36,672] INFO - 127.0.0.1 - - [24/Jul/2025 15:48:36] "[36mGET /static/styles.css HTTP/1.1[0m" 304 -
[2025-07-24 15:48:38,289] INFO - 127.0.0.1 - - [24/Jul/2025 15:48:38] "[36mGET /static/manifest.json HTTP/1.1[0m" 304 -
[2025-07-24 15:48:43,871] INFO - 127.0.0.1 - - [24/Jul/2025 15:48:43] "[32mPOST /login HTTP/1.1[0m" 302 -
[2025-07-24 15:48:43,879] INFO - 127.0.0.1 - - [24/Jul/2025 15:48:43] "GET /dashboard HTTP/1.1" 200 -
[2025-07-24 15:48:43,936] INFO - 127.0.0.1 - - [24/Jul/2025 15:48:43] "[36mGET /static/styles.css HTTP/1.1[0m" 304 -
[2025-07-24 15:48:43,938] INFO - 127.0.0.1 - - [24/Jul/2025 15:48:43] "[36mGET /static/main.js HTTP/1.1[0m" 304 -
[2025-07-24 15:48:45,808] INFO - 127.0.0.1 - - [24/Jul/2025 15:48:45] "[36mGET /static/manifest.json HTTP/1.1[0m" 304 -
[2025-07-24 15:48:52,078] INFO - created group 1234
[2025-07-24 15:48:52,157] INFO - 127.0.0.1 - - [24/Jul/2025 15:48:52] "[35m[1mPOST /dashboard/api/groups HTTP/1.1[0m" 201 -
[2025-07-24 15:48:52,208] INFO - 127.0.0.1 - - [24/Jul/2025 15:48:52] "[31m[1mGET /dashboard/api/groups HTTP/1.1[0m" 422 -
[2025-07-24 15:49:02,760] INFO - created group 1234642
[2025-07-24 15:49:02,846] INFO - 127.0.0.1 - - [24/Jul/2025 15:49:02] "[35m[1mPOST /dashboard/api/groups HTTP/1.1[0m" 201 -
[2025-07-24 15:49:02,854] INFO - 127.0.0.1 - - [24/Jul/2025 15:49:02] "[31m[1mGET /dashboard/api/groups HTTP/1.1[0m" 422 -
[2025-07-24 15:49:10,052] WARNING - invalid group_id 1235 for account 213513456
[2025-07-24 15:49:10,053] INFO - 127.0.0.1 - - [24/Jul/2025 15:49:10] "[31m[1mPOST /dashboard/api/accounts HTTP/1.1[0m" 400 -
[2025-07-24 15:49:10,735] WARNING - invalid group_id 1235 for account 213513456
[2025-07-24 15:49:10,736] INFO - 127.0.0.1 - - [24/Jul/2025 15:49:10] "[31m[1mPOST /dashboard/api/accounts HTTP/1.1[0m" 400 -
[2025-07-24 15:49:13,519] INFO - created account 213513456 in group 1
[2025-07-24 15:49:13,587] INFO - 127.0.0.1 - - [24/Jul/2025 15:49:13] "[35m[1mPOST /dashboard/api/accounts HTTP/1.1[0m" 201 -
[2025-07-24 15:49:13,607] INFO - 127.0.0.1 - - [24/Jul/2025 15:49:13] "[31m[1mGET /dashboard/api/accounts HTTP/1.1[0m" 422 -
[2025-07-24 15:49:13,610] INFO - 127.0.0.1 - - [24/Jul/2025 15:49:13] "[31m[1mGET /dashboard/api/bots HTTP/1.1[0m" 422 -
[2025-07-24 15:49:21,176] INFO - Running job "create_app.<locals>.enqueue_sync (trigger: interval[0:01:00], next run at: 2025-07-24 15:49:21 CEST)" (scheduled at 2025-07-24 15:49:21.089017+02:00)
[2025-07-24 15:49:21,200] ERROR - Job "create_app.<locals>.enqueue_sync (trigger: interval[0:01:00], next run at: 2025-07-24 15:50:21 CEST)" raised an exception
Traceback (most recent call last):
  File "C:\Users\norbe\AppData\Local\Programs\Python\Python313\Lib\site-packages\apscheduler\executors\base.py", line 125, in run_job
    retval = job.func(*job.args, **job.kwargs)
  File "F:\kick-multibot-panel\backend\__init__.py", line 91, in enqueue_sync
    scheduler.queue.enqueue(process_unsent_events, socketio)
    ~~~~~~~~~~~~~~~~~~~~~~~^^^^^^^^^^^^^^^^^^^^^^^^^^^^^^^^^
  File "C:\Users\norbe\AppData\Local\Programs\Python\Python313\Lib\site-packages\rq\queue.py", line 1011, in enqueue
    return self.enqueue_call(
           ~~~~~~~~~~~~~~~~~^
        func=f,
        ^^^^^^^
    ...<16 lines>...
        pipeline=pipeline,
        ^^^^^^^^^^^^^^^^^^
    )
    ^
  File "C:\Users\norbe\AppData\Local\Programs\Python\Python313\Lib\site-packages\rq\queue.py", line 743, in enqueue_call
    return self.enqueue_job(job, pipeline=pipeline, at_front=at_front)
           ~~~~~~~~~~~~~~~~^^^^^^^^^^^^^^^^^^^^^^^^^^^^^^^^^^^^^^^^^^^
  File "C:\Users\norbe\AppData\Local\Programs\Python\Python313\Lib\site-packages\rq\queue.py", line 1142, in enqueue_job
    return self._enqueue_job(job, pipeline=pipeline, at_front=at_front)
           ~~~~~~~~~~~~~~~~~^^^^^^^^^^^^^^^^^^^^^^^^^^^^^^^^^^^^^^^^^^^
  File "C:\Users\norbe\AppData\Local\Programs\Python\Python313\Lib\site-packages\rq\queue.py", line 1168, in _enqueue_job
    job.save(pipeline=pipe)
    ~~~~~~~~^^^^^^^^^^^^^^^
  File "C:\Users\norbe\AppData\Local\Programs\Python\Python313\Lib\site-packages\rq\job.py", line 1142, in save
    mapping = self.to_dict(include_meta=include_meta, include_result=include_result)
  File "C:\Users\norbe\AppData\Local\Programs\Python\Python313\Lib\site-packages\rq\job.py", line 1057, in to_dict
    'data': zlib.compress(self.data),
                          ^^^^^^^^^
  File "C:\Users\norbe\AppData\Local\Programs\Python\Python313\Lib\site-packages\rq\job.py", line 590, in data
    self._data = self.serializer.dumps(job_tuple)
                 ~~~~~~~~~~~~~~~~~~~~~^^^^^^^^^^^
AttributeError: Can't get local object 'Flask.__init__.<locals>.<lambda>'. Did you mean: '_data'?
[2025-07-24 15:50:21,110] INFO - Running job "create_app.<locals>.enqueue_sync (trigger: interval[0:01:00], next run at: 2025-07-24 15:51:21 CEST)" (scheduled at 2025-07-24 15:50:21.089017+02:00)
[2025-07-24 15:50:21,122] ERROR - Job "create_app.<locals>.enqueue_sync (trigger: interval[0:01:00], next run at: 2025-07-24 15:51:21 CEST)" raised an exception
Traceback (most recent call last):
  File "C:\Users\norbe\AppData\Local\Programs\Python\Python313\Lib\site-packages\apscheduler\executors\base.py", line 125, in run_job
    retval = job.func(*job.args, **job.kwargs)
  File "F:\kick-multibot-panel\backend\__init__.py", line 91, in enqueue_sync
    scheduler.queue.enqueue(process_unsent_events, socketio)
    ~~~~~~~~~~~~~~~~~~~~~~~^^^^^^^^^^^^^^^^^^^^^^^^^^^^^^^^^
  File "C:\Users\norbe\AppData\Local\Programs\Python\Python313\Lib\site-packages\rq\queue.py", line 1011, in enqueue
    return self.enqueue_call(
           ~~~~~~~~~~~~~~~~~^
        func=f,
        ^^^^^^^
    ...<16 lines>...
        pipeline=pipeline,
        ^^^^^^^^^^^^^^^^^^
    )
    ^
  File "C:\Users\norbe\AppData\Local\Programs\Python\Python313\Lib\site-packages\rq\queue.py", line 743, in enqueue_call
    return self.enqueue_job(job, pipeline=pipeline, at_front=at_front)
           ~~~~~~~~~~~~~~~~^^^^^^^^^^^^^^^^^^^^^^^^^^^^^^^^^^^^^^^^^^^
  File "C:\Users\norbe\AppData\Local\Programs\Python\Python313\Lib\site-packages\rq\queue.py", line 1142, in enqueue_job
    return self._enqueue_job(job, pipeline=pipeline, at_front=at_front)
           ~~~~~~~~~~~~~~~~~^^^^^^^^^^^^^^^^^^^^^^^^^^^^^^^^^^^^^^^^^^^
  File "C:\Users\norbe\AppData\Local\Programs\Python\Python313\Lib\site-packages\rq\queue.py", line 1168, in _enqueue_job
    job.save(pipeline=pipe)
    ~~~~~~~~^^^^^^^^^^^^^^^
  File "C:\Users\norbe\AppData\Local\Programs\Python\Python313\Lib\site-packages\rq\job.py", line 1142, in save
    mapping = self.to_dict(include_meta=include_meta, include_result=include_result)
  File "C:\Users\norbe\AppData\Local\Programs\Python\Python313\Lib\site-packages\rq\job.py", line 1057, in to_dict
    'data': zlib.compress(self.data),
                          ^^^^^^^^^
  File "C:\Users\norbe\AppData\Local\Programs\Python\Python313\Lib\site-packages\rq\job.py", line 590, in data
    self._data = self.serializer.dumps(job_tuple)
                 ~~~~~~~~~~~~~~~~~~~~~^^^^^^^^^^^
AttributeError: Can't get local object 'Flask.__init__.<locals>.<lambda>'
[2025-07-24 15:51:17,223] INFO - Connected to Redis
[2025-07-24 15:51:17,225] INFO - Adding job tentatively -- it will be properly scheduled when the scheduler starts
[2025-07-24 15:51:17,225] INFO - Added job "create_app.<locals>.enqueue_sync" to job store "default"
[2025-07-24 15:51:17,225] INFO - Scheduler started
[2025-07-24 15:51:17,256] INFO - [31m[1mWARNING: This is a development server. Do not use it in a production deployment. Use a production WSGI server instead.[0m
 * Running on http://127.0.0.1:5000
[2025-07-24 15:51:17,256] INFO - [33mPress CTRL+C to quit[0m
[2025-07-24 15:51:29,865] INFO - 127.0.0.1 - - [24/Jul/2025 15:51:29] "GET /dashboard HTTP/1.1" 200 -
[2025-07-24 15:51:30,133] INFO - 127.0.0.1 - - [24/Jul/2025 15:51:30] "[36mGET /static/main.js HTTP/1.1[0m" 304 -
[2025-07-24 15:51:30,140] INFO - 127.0.0.1 - - [24/Jul/2025 15:51:30] "[36mGET /static/styles.css HTTP/1.1[0m" 304 -
[2025-07-24 15:51:31,967] INFO - 127.0.0.1 - - [24/Jul/2025 15:51:31] "[36mGET /static/manifest.json HTTP/1.1[0m" 304 -
[2025-07-24 15:52:17,235] INFO - Running job "create_app.<locals>.enqueue_sync (trigger: interval[0:01:00], next run at: 2025-07-24 15:52:17 CEST)" (scheduled at 2025-07-24 15:52:17.225089+02:00)
[2025-07-24 15:52:17,244] ERROR - Job "create_app.<locals>.enqueue_sync (trigger: interval[0:01:00], next run at: 2025-07-24 15:53:17 CEST)" raised an exception
Traceback (most recent call last):
  File "C:\Users\norbe\AppData\Local\Programs\Python\Python313\Lib\site-packages\apscheduler\executors\base.py", line 125, in run_job
    retval = job.func(*job.args, **job.kwargs)
  File "F:\kick-multibot-panel\backend\__init__.py", line 91, in enqueue_sync
    scheduler.queue.enqueue(process_unsent_events, socketio)
    ~~~~~~~~~~~~~~~~~~~~~~~^^^^^^^^^^^^^^^^^^^^^^^^^^^^^^^^^
  File "C:\Users\norbe\AppData\Local\Programs\Python\Python313\Lib\site-packages\rq\queue.py", line 1011, in enqueue
    return self.enqueue_call(
           ~~~~~~~~~~~~~~~~~^
        func=f,
        ^^^^^^^
    ...<16 lines>...
        pipeline=pipeline,
        ^^^^^^^^^^^^^^^^^^
    )
    ^
  File "C:\Users\norbe\AppData\Local\Programs\Python\Python313\Lib\site-packages\rq\queue.py", line 743, in enqueue_call
    return self.enqueue_job(job, pipeline=pipeline, at_front=at_front)
           ~~~~~~~~~~~~~~~~^^^^^^^^^^^^^^^^^^^^^^^^^^^^^^^^^^^^^^^^^^^
  File "C:\Users\norbe\AppData\Local\Programs\Python\Python313\Lib\site-packages\rq\queue.py", line 1142, in enqueue_job
    return self._enqueue_job(job, pipeline=pipeline, at_front=at_front)
           ~~~~~~~~~~~~~~~~~^^^^^^^^^^^^^^^^^^^^^^^^^^^^^^^^^^^^^^^^^^^
  File "C:\Users\norbe\AppData\Local\Programs\Python\Python313\Lib\site-packages\rq\queue.py", line 1168, in _enqueue_job
    job.save(pipeline=pipe)
    ~~~~~~~~^^^^^^^^^^^^^^^
  File "C:\Users\norbe\AppData\Local\Programs\Python\Python313\Lib\site-packages\rq\job.py", line 1142, in save
    mapping = self.to_dict(include_meta=include_meta, include_result=include_result)
  File "C:\Users\norbe\AppData\Local\Programs\Python\Python313\Lib\site-packages\rq\job.py", line 1057, in to_dict
    'data': zlib.compress(self.data),
                          ^^^^^^^^^
  File "C:\Users\norbe\AppData\Local\Programs\Python\Python313\Lib\site-packages\rq\job.py", line 590, in data
    self._data = self.serializer.dumps(job_tuple)
                 ~~~~~~~~~~~~~~~~~~~~~^^^^^^^^^^^
AttributeError: Can't get local object 'Flask.__init__.<locals>.<lambda>'. Did you mean: '_data'?
[2025-07-24 15:53:17,233] INFO - Running job "create_app.<locals>.enqueue_sync (trigger: interval[0:01:00], next run at: 2025-07-24 15:54:17 CEST)" (scheduled at 2025-07-24 15:53:17.225089+02:00)
[2025-07-24 15:53:17,238] ERROR - Job "create_app.<locals>.enqueue_sync (trigger: interval[0:01:00], next run at: 2025-07-24 15:54:17 CEST)" raised an exception
Traceback (most recent call last):
  File "C:\Users\norbe\AppData\Local\Programs\Python\Python313\Lib\site-packages\apscheduler\executors\base.py", line 125, in run_job
    retval = job.func(*job.args, **job.kwargs)
  File "F:\kick-multibot-panel\backend\__init__.py", line 91, in enqueue_sync
    scheduler.queue.enqueue(process_unsent_events, socketio)
    ~~~~~~~~~~~~~~~~~~~~~~~^^^^^^^^^^^^^^^^^^^^^^^^^^^^^^^^^
  File "C:\Users\norbe\AppData\Local\Programs\Python\Python313\Lib\site-packages\rq\queue.py", line 1011, in enqueue
    return self.enqueue_call(
           ~~~~~~~~~~~~~~~~~^
        func=f,
        ^^^^^^^
    ...<16 lines>...
        pipeline=pipeline,
        ^^^^^^^^^^^^^^^^^^
    )
    ^
  File "C:\Users\norbe\AppData\Local\Programs\Python\Python313\Lib\site-packages\rq\queue.py", line 743, in enqueue_call
    return self.enqueue_job(job, pipeline=pipeline, at_front=at_front)
           ~~~~~~~~~~~~~~~~^^^^^^^^^^^^^^^^^^^^^^^^^^^^^^^^^^^^^^^^^^^
  File "C:\Users\norbe\AppData\Local\Programs\Python\Python313\Lib\site-packages\rq\queue.py", line 1142, in enqueue_job
    return self._enqueue_job(job, pipeline=pipeline, at_front=at_front)
           ~~~~~~~~~~~~~~~~~^^^^^^^^^^^^^^^^^^^^^^^^^^^^^^^^^^^^^^^^^^^
  File "C:\Users\norbe\AppData\Local\Programs\Python\Python313\Lib\site-packages\rq\queue.py", line 1168, in _enqueue_job
    job.save(pipeline=pipe)
    ~~~~~~~~^^^^^^^^^^^^^^^
  File "C:\Users\norbe\AppData\Local\Programs\Python\Python313\Lib\site-packages\rq\job.py", line 1142, in save
    mapping = self.to_dict(include_meta=include_meta, include_result=include_result)
  File "C:\Users\norbe\AppData\Local\Programs\Python\Python313\Lib\site-packages\rq\job.py", line 1057, in to_dict
    'data': zlib.compress(self.data),
                          ^^^^^^^^^
  File "C:\Users\norbe\AppData\Local\Programs\Python\Python313\Lib\site-packages\rq\job.py", line 590, in data
    self._data = self.serializer.dumps(job_tuple)
                 ~~~~~~~~~~~~~~~~~~~~~^^^^^^^^^^^
AttributeError: Can't get local object 'Flask.__init__.<locals>.<lambda>'
[2025-07-24 15:54:17,228] INFO - Running job "create_app.<locals>.enqueue_sync (trigger: interval[0:01:00], next run at: 2025-07-24 15:55:17 CEST)" (scheduled at 2025-07-24 15:54:17.225089+02:00)
[2025-07-24 15:54:17,233] ERROR - Job "create_app.<locals>.enqueue_sync (trigger: interval[0:01:00], next run at: 2025-07-24 15:55:17 CEST)" raised an exception
Traceback (most recent call last):
  File "C:\Users\norbe\AppData\Local\Programs\Python\Python313\Lib\site-packages\apscheduler\executors\base.py", line 125, in run_job
    retval = job.func(*job.args, **job.kwargs)
  File "F:\kick-multibot-panel\backend\__init__.py", line 91, in enqueue_sync
    scheduler.queue.enqueue(process_unsent_events, socketio)
    ~~~~~~~~~~~~~~~~~~~~~~~^^^^^^^^^^^^^^^^^^^^^^^^^^^^^^^^^
  File "C:\Users\norbe\AppData\Local\Programs\Python\Python313\Lib\site-packages\rq\queue.py", line 1011, in enqueue
    return self.enqueue_call(
           ~~~~~~~~~~~~~~~~~^
        func=f,
        ^^^^^^^
    ...<16 lines>...
        pipeline=pipeline,
        ^^^^^^^^^^^^^^^^^^
    )
    ^
  File "C:\Users\norbe\AppData\Local\Programs\Python\Python313\Lib\site-packages\rq\queue.py", line 743, in enqueue_call
    return self.enqueue_job(job, pipeline=pipeline, at_front=at_front)
           ~~~~~~~~~~~~~~~~^^^^^^^^^^^^^^^^^^^^^^^^^^^^^^^^^^^^^^^^^^^
  File "C:\Users\norbe\AppData\Local\Programs\Python\Python313\Lib\site-packages\rq\queue.py", line 1142, in enqueue_job
    return self._enqueue_job(job, pipeline=pipeline, at_front=at_front)
           ~~~~~~~~~~~~~~~~~^^^^^^^^^^^^^^^^^^^^^^^^^^^^^^^^^^^^^^^^^^^
  File "C:\Users\norbe\AppData\Local\Programs\Python\Python313\Lib\site-packages\rq\queue.py", line 1168, in _enqueue_job
    job.save(pipeline=pipe)
    ~~~~~~~~^^^^^^^^^^^^^^^
  File "C:\Users\norbe\AppData\Local\Programs\Python\Python313\Lib\site-packages\rq\job.py", line 1142, in save
    mapping = self.to_dict(include_meta=include_meta, include_result=include_result)
  File "C:\Users\norbe\AppData\Local\Programs\Python\Python313\Lib\site-packages\rq\job.py", line 1057, in to_dict
    'data': zlib.compress(self.data),
                          ^^^^^^^^^
  File "C:\Users\norbe\AppData\Local\Programs\Python\Python313\Lib\site-packages\rq\job.py", line 590, in data
    self._data = self.serializer.dumps(job_tuple)
                 ~~~~~~~~~~~~~~~~~~~~~^^^^^^^^^^^
AttributeError: Can't get local object 'Flask.__init__.<locals>.<lambda>'
[2025-07-24 17:21:42,877] INFO - Connected to Redis
[2025-07-24 17:21:42,881] INFO - Adding job tentatively -- it will be properly scheduled when the scheduler starts
[2025-07-24 17:21:42,882] INFO - Added job "create_app.<locals>.enqueue_sync" to job store "default"
[2025-07-24 17:21:42,884] INFO - Scheduler started
[2025-07-24 17:21:42,986] INFO - [31m[1mWARNING: This is a development server. Do not use it in a production deployment. Use a production WSGI server instead.[0m
 * Running on http://127.0.0.1:5000
[2025-07-24 17:21:42,988] INFO - [33mPress CTRL+C to quit[0m
[2025-07-24 17:21:46,521] INFO - 127.0.0.1 - - [24/Jul/2025 17:21:46] "[36mGET /static/manifest.json HTTP/1.1[0m" 304 -
[2025-07-24 17:21:47,219] INFO - 127.0.0.1 - - [24/Jul/2025 17:21:47] "[32mGET /logout HTTP/1.1[0m" 302 -
[2025-07-24 17:21:47,254] INFO - 127.0.0.1 - - [24/Jul/2025 17:21:47] "GET /login HTTP/1.1" 200 -
[2025-07-24 17:21:47,350] INFO - 127.0.0.1 - - [24/Jul/2025 17:21:47] "[36mGET /static/styles.css HTTP/1.1[0m" 304 -
[2025-07-24 17:21:48,956] INFO - 127.0.0.1 - - [24/Jul/2025 17:21:48] "[36mGET /static/manifest.json HTTP/1.1[0m" 304 -
[2025-07-24 17:21:56,620] INFO - 127.0.0.1 - - [24/Jul/2025 17:21:56] "[32mPOST /login HTTP/1.1[0m" 302 -
[2025-07-24 17:21:56,638] INFO - 127.0.0.1 - - [24/Jul/2025 17:21:56] "GET /dashboard HTTP/1.1" 200 -
[2025-07-24 17:21:56,697] INFO - 127.0.0.1 - - [24/Jul/2025 17:21:56] "[36mGET /static/styles.css HTTP/1.1[0m" 304 -
[2025-07-24 17:21:56,700] INFO - 127.0.0.1 - - [24/Jul/2025 17:21:56] "GET /static/main.js HTTP/1.1" 200 -
[2025-07-24 17:21:58,451] INFO - 127.0.0.1 - - [24/Jul/2025 17:21:58] "[36mGET /static/manifest.json HTTP/1.1[0m" 304 -
[2025-07-24 17:22:16,270] WARNING - duplicate group name 123
[2025-07-24 17:22:16,271] INFO - 127.0.0.1 - - [24/Jul/2025 17:22:16] "[31m[1mPOST /dashboard/api/groups HTTP/1.1[0m" 400 -
[2025-07-24 17:22:21,582] WARNING - invalid group_id 123 for account 123
[2025-07-24 17:22:21,583] INFO - 127.0.0.1 - - [24/Jul/2025 17:22:21] "[31m[1mPOST /dashboard/api/accounts HTTP/1.1[0m" 400 -
[2025-07-24 17:22:42,895] INFO - Running job "create_app.<locals>.enqueue_sync (trigger: interval[0:01:00], next run at: 2025-07-24 17:22:42 CEST)" (scheduled at 2025-07-24 17:22:42.881041+02:00)
[2025-07-24 17:22:42,911] ERROR - Job "create_app.<locals>.enqueue_sync (trigger: interval[0:01:00], next run at: 2025-07-24 17:23:42 CEST)" raised an exception
Traceback (most recent call last):
  File "C:\Users\norbe\AppData\Local\Programs\Python\Python313\Lib\site-packages\apscheduler\executors\base.py", line 125, in run_job
    retval = job.func(*job.args, **job.kwargs)
  File "F:\kick-multibot-panel\backend\__init__.py", line 97, in enqueue_sync
    scheduler.queue.enqueue(process_unsent_events, socketio)
    ~~~~~~~~~~~~~~~~~~~~~~~^^^^^^^^^^^^^^^^^^^^^^^^^^^^^^^^^
  File "C:\Users\norbe\AppData\Local\Programs\Python\Python313\Lib\site-packages\rq\queue.py", line 1011, in enqueue
    return self.enqueue_call(
           ~~~~~~~~~~~~~~~~~^
        func=f,
        ^^^^^^^
    ...<16 lines>...
        pipeline=pipeline,
        ^^^^^^^^^^^^^^^^^^
    )
    ^
  File "C:\Users\norbe\AppData\Local\Programs\Python\Python313\Lib\site-packages\rq\queue.py", line 743, in enqueue_call
    return self.enqueue_job(job, pipeline=pipeline, at_front=at_front)
           ~~~~~~~~~~~~~~~~^^^^^^^^^^^^^^^^^^^^^^^^^^^^^^^^^^^^^^^^^^^
  File "C:\Users\norbe\AppData\Local\Programs\Python\Python313\Lib\site-packages\rq\queue.py", line 1142, in enqueue_job
    return self._enqueue_job(job, pipeline=pipeline, at_front=at_front)
           ~~~~~~~~~~~~~~~~~^^^^^^^^^^^^^^^^^^^^^^^^^^^^^^^^^^^^^^^^^^^
  File "C:\Users\norbe\AppData\Local\Programs\Python\Python313\Lib\site-packages\rq\queue.py", line 1168, in _enqueue_job
    job.save(pipeline=pipe)
    ~~~~~~~~^^^^^^^^^^^^^^^
  File "C:\Users\norbe\AppData\Local\Programs\Python\Python313\Lib\site-packages\rq\job.py", line 1142, in save
    mapping = self.to_dict(include_meta=include_meta, include_result=include_result)
  File "C:\Users\norbe\AppData\Local\Programs\Python\Python313\Lib\site-packages\rq\job.py", line 1057, in to_dict
    'data': zlib.compress(self.data),
                          ^^^^^^^^^
  File "C:\Users\norbe\AppData\Local\Programs\Python\Python313\Lib\site-packages\rq\job.py", line 590, in data
    self._data = self.serializer.dumps(job_tuple)
                 ~~~~~~~~~~~~~~~~~~~~~^^^^^^^^^^^
AttributeError: Can't get local object 'Flask.__init__.<locals>.<lambda>'. Did you mean: '_data'?
[2025-07-24 17:23:40,972] INFO - 127.0.0.1 - - [24/Jul/2025 17:23:40] "GET /dashboard HTTP/1.1" 200 -
[2025-07-24 17:23:41,032] INFO - 127.0.0.1 - - [24/Jul/2025 17:23:41] "[36mGET /static/styles.css HTTP/1.1[0m" 304 -
[2025-07-24 17:23:41,038] INFO - 127.0.0.1 - - [24/Jul/2025 17:23:41] "[36mGET /static/main.js HTTP/1.1[0m" 304 -
[2025-07-24 17:23:42,878] INFO - 127.0.0.1 - - [24/Jul/2025 17:23:42] "[36mGET /static/manifest.json HTTP/1.1[0m" 304 -
[2025-07-24 17:23:42,883] INFO - Running job "create_app.<locals>.enqueue_sync (trigger: interval[0:01:00], next run at: 2025-07-24 17:24:42 CEST)" (scheduled at 2025-07-24 17:23:42.881041+02:00)
[2025-07-24 17:23:42,889] ERROR - Job "create_app.<locals>.enqueue_sync (trigger: interval[0:01:00], next run at: 2025-07-24 17:24:42 CEST)" raised an exception
Traceback (most recent call last):
  File "C:\Users\norbe\AppData\Local\Programs\Python\Python313\Lib\site-packages\apscheduler\executors\base.py", line 125, in run_job
    retval = job.func(*job.args, **job.kwargs)
  File "F:\kick-multibot-panel\backend\__init__.py", line 97, in enqueue_sync
    scheduler.queue.enqueue(process_unsent_events, socketio)
    ~~~~~~~~~~~~~~~~~~~~~~~^^^^^^^^^^^^^^^^^^^^^^^^^^^^^^^^^
  File "C:\Users\norbe\AppData\Local\Programs\Python\Python313\Lib\site-packages\rq\queue.py", line 1011, in enqueue
    return self.enqueue_call(
           ~~~~~~~~~~~~~~~~~^
        func=f,
        ^^^^^^^
    ...<16 lines>...
        pipeline=pipeline,
        ^^^^^^^^^^^^^^^^^^
    )
    ^
  File "C:\Users\norbe\AppData\Local\Programs\Python\Python313\Lib\site-packages\rq\queue.py", line 743, in enqueue_call
    return self.enqueue_job(job, pipeline=pipeline, at_front=at_front)
           ~~~~~~~~~~~~~~~~^^^^^^^^^^^^^^^^^^^^^^^^^^^^^^^^^^^^^^^^^^^
  File "C:\Users\norbe\AppData\Local\Programs\Python\Python313\Lib\site-packages\rq\queue.py", line 1142, in enqueue_job
    return self._enqueue_job(job, pipeline=pipeline, at_front=at_front)
           ~~~~~~~~~~~~~~~~~^^^^^^^^^^^^^^^^^^^^^^^^^^^^^^^^^^^^^^^^^^^
  File "C:\Users\norbe\AppData\Local\Programs\Python\Python313\Lib\site-packages\rq\queue.py", line 1168, in _enqueue_job
    job.save(pipeline=pipe)
    ~~~~~~~~^^^^^^^^^^^^^^^
  File "C:\Users\norbe\AppData\Local\Programs\Python\Python313\Lib\site-packages\rq\job.py", line 1142, in save
    mapping = self.to_dict(include_meta=include_meta, include_result=include_result)
  File "C:\Users\norbe\AppData\Local\Programs\Python\Python313\Lib\site-packages\rq\job.py", line 1057, in to_dict
    'data': zlib.compress(self.data),
                          ^^^^^^^^^
  File "C:\Users\norbe\AppData\Local\Programs\Python\Python313\Lib\site-packages\rq\job.py", line 590, in data
    self._data = self.serializer.dumps(job_tuple)
                 ~~~~~~~~~~~~~~~~~~~~~^^^^^^^^^^^
AttributeError: Can't get local object 'Flask.__init__.<locals>.<lambda>'
[2025-07-24 17:23:46,108] WARNING - duplicate group name 123
[2025-07-24 17:23:46,109] INFO - 127.0.0.1 - - [24/Jul/2025 17:23:46] "[31m[1mPOST /dashboard/api/groups HTTP/1.1[0m" 400 -
[2025-07-24 17:24:02,204] WARNING - duplicate group name 123
[2025-07-24 17:24:02,205] INFO - 127.0.0.1 - - [24/Jul/2025 17:24:02] "[31m[1mPOST /dashboard/api/groups HTTP/1.1[0m" 400 -
[2025-07-24 17:24:05,147] WARNING - duplicate group name 1231
[2025-07-24 17:24:05,148] INFO - 127.0.0.1 - - [24/Jul/2025 17:24:05] "[31m[1mPOST /dashboard/api/groups HTTP/1.1[0m" 400 -
[2025-07-24 17:24:09,913] INFO - created group 12311
[2025-07-24 17:24:10,025] INFO - 127.0.0.1 - - [24/Jul/2025 17:24:10] "[35m[1mPOST /dashboard/api/groups HTTP/1.1[0m" 201 -
[2025-07-24 17:24:10,046] INFO - 127.0.0.1 - - [24/Jul/2025 17:24:10] "GET /dashboard/api/groups HTTP/1.1" 200 -
[2025-07-24 17:24:21,353] WARNING - invalid group_id 12311 for account 123
[2025-07-24 17:24:21,354] INFO - 127.0.0.1 - - [24/Jul/2025 17:24:21] "[31m[1mPOST /dashboard/api/accounts HTTP/1.1[0m" 400 -
[2025-07-24 17:24:23,169] WARNING - invalid group_id 12311 for account 123
[2025-07-24 17:24:23,170] INFO - 127.0.0.1 - - [24/Jul/2025 17:24:23] "[31m[1mPOST /dashboard/api/accounts HTTP/1.1[0m" 400 -
[2025-07-24 17:24:25,469] WARNING - invalid group_id 1231111 for account 123
[2025-07-24 17:24:25,470] INFO - 127.0.0.1 - - [24/Jul/2025 17:24:25] "[31m[1mPOST /dashboard/api/accounts HTTP/1.1[0m" 400 -
[2025-07-24 17:24:25,846] WARNING - invalid group_id 1231111 for account 123
[2025-07-24 17:24:25,847] INFO - 127.0.0.1 - - [24/Jul/2025 17:24:25] "[31m[1mPOST /dashboard/api/accounts HTTP/1.1[0m" 400 -
[2025-07-24 17:24:27,608] WARNING - duplicate account username 123
[2025-07-24 17:24:27,609] INFO - 127.0.0.1 - - [24/Jul/2025 17:24:27] "[31m[1mPOST /dashboard/api/accounts HTTP/1.1[0m" 400 -
[2025-07-24 17:24:28,123] WARNING - duplicate account username 123
[2025-07-24 17:24:28,124] INFO - 127.0.0.1 - - [24/Jul/2025 17:24:28] "[31m[1mPOST /dashboard/api/accounts HTTP/1.1[0m" 400 -
[2025-07-24 17:24:29,774] WARNING - duplicate account username 123
[2025-07-24 17:24:29,775] INFO - 127.0.0.1 - - [24/Jul/2025 17:24:29] "[31m[1mPOST /dashboard/api/accounts HTTP/1.1[0m" 400 -
[2025-07-24 17:24:31,935] WARNING - invalid group_id 12 for account 123
[2025-07-24 17:24:31,936] INFO - 127.0.0.1 - - [24/Jul/2025 17:24:31] "[31m[1mPOST /dashboard/api/accounts HTTP/1.1[0m" 400 -
[2025-07-24 17:24:34,448] WARNING - invalid group_id 123 for account 123
[2025-07-24 17:24:34,449] INFO - 127.0.0.1 - - [24/Jul/2025 17:24:34] "[31m[1mPOST /dashboard/api/accounts HTTP/1.1[0m" 400 -
[2025-07-24 17:24:34,783] WARNING - invalid group_id 123 for account 123
[2025-07-24 17:24:34,783] INFO - 127.0.0.1 - - [24/Jul/2025 17:24:34] "[31m[1mPOST /dashboard/api/accounts HTTP/1.1[0m" 400 -
[2025-07-24 17:24:36,578] WARNING - invalid group_id 123 for account 123
[2025-07-24 17:24:36,579] INFO - 127.0.0.1 - - [24/Jul/2025 17:24:36] "[31m[1mPOST /dashboard/api/accounts HTTP/1.1[0m" 400 -
[2025-07-24 17:24:38,284] WARNING - invalid group_id 12 for account 123
[2025-07-24 17:24:38,285] INFO - 127.0.0.1 - - [24/Jul/2025 17:24:38] "[31m[1mPOST /dashboard/api/accounts HTTP/1.1[0m" 400 -
[2025-07-24 17:24:41,946] WARNING - duplicate account username 123
[2025-07-24 17:24:41,947] INFO - 127.0.0.1 - - [24/Jul/2025 17:24:41] "[31m[1mPOST /dashboard/api/accounts HTTP/1.1[0m" 400 -
[2025-07-24 17:24:42,892] INFO - Running job "create_app.<locals>.enqueue_sync (trigger: interval[0:01:00], next run at: 2025-07-24 17:25:42 CEST)" (scheduled at 2025-07-24 17:24:42.881041+02:00)
[2025-07-24 17:24:42,896] ERROR - Job "create_app.<locals>.enqueue_sync (trigger: interval[0:01:00], next run at: 2025-07-24 17:25:42 CEST)" raised an exception
Traceback (most recent call last):
  File "C:\Users\norbe\AppData\Local\Programs\Python\Python313\Lib\site-packages\apscheduler\executors\base.py", line 125, in run_job
    retval = job.func(*job.args, **job.kwargs)
  File "F:\kick-multibot-panel\backend\__init__.py", line 97, in enqueue_sync
    scheduler.queue.enqueue(process_unsent_events, socketio)
    ~~~~~~~~~~~~~~~~~~~~~~~^^^^^^^^^^^^^^^^^^^^^^^^^^^^^^^^^
  File "C:\Users\norbe\AppData\Local\Programs\Python\Python313\Lib\site-packages\rq\queue.py", line 1011, in enqueue
    return self.enqueue_call(
           ~~~~~~~~~~~~~~~~~^
        func=f,
        ^^^^^^^
    ...<16 lines>...
        pipeline=pipeline,
        ^^^^^^^^^^^^^^^^^^
    )
    ^
  File "C:\Users\norbe\AppData\Local\Programs\Python\Python313\Lib\site-packages\rq\queue.py", line 743, in enqueue_call
    return self.enqueue_job(job, pipeline=pipeline, at_front=at_front)
           ~~~~~~~~~~~~~~~~^^^^^^^^^^^^^^^^^^^^^^^^^^^^^^^^^^^^^^^^^^^
  File "C:\Users\norbe\AppData\Local\Programs\Python\Python313\Lib\site-packages\rq\queue.py", line 1142, in enqueue_job
    return self._enqueue_job(job, pipeline=pipeline, at_front=at_front)
           ~~~~~~~~~~~~~~~~~^^^^^^^^^^^^^^^^^^^^^^^^^^^^^^^^^^^^^^^^^^^
  File "C:\Users\norbe\AppData\Local\Programs\Python\Python313\Lib\site-packages\rq\queue.py", line 1168, in _enqueue_job
    job.save(pipeline=pipe)
    ~~~~~~~~^^^^^^^^^^^^^^^
  File "C:\Users\norbe\AppData\Local\Programs\Python\Python313\Lib\site-packages\rq\job.py", line 1142, in save
    mapping = self.to_dict(include_meta=include_meta, include_result=include_result)
  File "C:\Users\norbe\AppData\Local\Programs\Python\Python313\Lib\site-packages\rq\job.py", line 1057, in to_dict
    'data': zlib.compress(self.data),
                          ^^^^^^^^^
  File "C:\Users\norbe\AppData\Local\Programs\Python\Python313\Lib\site-packages\rq\job.py", line 590, in data
    self._data = self.serializer.dumps(job_tuple)
                 ~~~~~~~~~~~~~~~~~~~~~^^^^^^^^^^^
AttributeError: Can't get local object 'Flask.__init__.<locals>.<lambda>'
[2025-07-24 17:24:46,979] INFO - created account 12343 in group 1
[2025-07-24 17:24:47,072] INFO - 127.0.0.1 - - [24/Jul/2025 17:24:47] "[35m[1mPOST /dashboard/api/accounts HTTP/1.1[0m" 201 -
[2025-07-24 17:24:47,114] INFO - 127.0.0.1 - - [24/Jul/2025 17:24:47] "GET /dashboard/api/accounts HTTP/1.1" 200 -
[2025-07-24 17:24:47,122] INFO - 127.0.0.1 - - [24/Jul/2025 17:24:47] "GET /dashboard/api/bots HTTP/1.1" 200 -
[2025-07-24 17:25:42,883] INFO - Running job "create_app.<locals>.enqueue_sync (trigger: interval[0:01:00], next run at: 2025-07-24 17:26:42 CEST)" (scheduled at 2025-07-24 17:25:42.881041+02:00)
[2025-07-24 17:25:42,887] ERROR - Job "create_app.<locals>.enqueue_sync (trigger: interval[0:01:00], next run at: 2025-07-24 17:26:42 CEST)" raised an exception
Traceback (most recent call last):
  File "C:\Users\norbe\AppData\Local\Programs\Python\Python313\Lib\site-packages\apscheduler\executors\base.py", line 125, in run_job
    retval = job.func(*job.args, **job.kwargs)
  File "F:\kick-multibot-panel\backend\__init__.py", line 97, in enqueue_sync
    scheduler.queue.enqueue(process_unsent_events, socketio)
    ~~~~~~~~~~~~~~~~~~~~~~~^^^^^^^^^^^^^^^^^^^^^^^^^^^^^^^^^
  File "C:\Users\norbe\AppData\Local\Programs\Python\Python313\Lib\site-packages\rq\queue.py", line 1011, in enqueue
    return self.enqueue_call(
           ~~~~~~~~~~~~~~~~~^
        func=f,
        ^^^^^^^
    ...<16 lines>...
        pipeline=pipeline,
        ^^^^^^^^^^^^^^^^^^
    )
    ^
  File "C:\Users\norbe\AppData\Local\Programs\Python\Python313\Lib\site-packages\rq\queue.py", line 743, in enqueue_call
    return self.enqueue_job(job, pipeline=pipeline, at_front=at_front)
           ~~~~~~~~~~~~~~~~^^^^^^^^^^^^^^^^^^^^^^^^^^^^^^^^^^^^^^^^^^^
  File "C:\Users\norbe\AppData\Local\Programs\Python\Python313\Lib\site-packages\rq\queue.py", line 1142, in enqueue_job
    return self._enqueue_job(job, pipeline=pipeline, at_front=at_front)
           ~~~~~~~~~~~~~~~~~^^^^^^^^^^^^^^^^^^^^^^^^^^^^^^^^^^^^^^^^^^^
  File "C:\Users\norbe\AppData\Local\Programs\Python\Python313\Lib\site-packages\rq\queue.py", line 1168, in _enqueue_job
    job.save(pipeline=pipe)
    ~~~~~~~~^^^^^^^^^^^^^^^
  File "C:\Users\norbe\AppData\Local\Programs\Python\Python313\Lib\site-packages\rq\job.py", line 1142, in save
    mapping = self.to_dict(include_meta=include_meta, include_result=include_result)
  File "C:\Users\norbe\AppData\Local\Programs\Python\Python313\Lib\site-packages\rq\job.py", line 1057, in to_dict
    'data': zlib.compress(self.data),
                          ^^^^^^^^^
  File "C:\Users\norbe\AppData\Local\Programs\Python\Python313\Lib\site-packages\rq\job.py", line 590, in data
    self._data = self.serializer.dumps(job_tuple)
                 ~~~~~~~~~~~~~~~~~~~~~^^^^^^^^^^^
AttributeError: Can't get local object 'Flask.__init__.<locals>.<lambda>'
[2025-07-24 17:26:42,897] INFO - Running job "create_app.<locals>.enqueue_sync (trigger: interval[0:01:00], next run at: 2025-07-24 17:27:42 CEST)" (scheduled at 2025-07-24 17:26:42.881041+02:00)
[2025-07-24 17:26:42,901] ERROR - Job "create_app.<locals>.enqueue_sync (trigger: interval[0:01:00], next run at: 2025-07-24 17:27:42 CEST)" raised an exception
Traceback (most recent call last):
  File "C:\Users\norbe\AppData\Local\Programs\Python\Python313\Lib\site-packages\apscheduler\executors\base.py", line 125, in run_job
    retval = job.func(*job.args, **job.kwargs)
  File "F:\kick-multibot-panel\backend\__init__.py", line 97, in enqueue_sync
    scheduler.queue.enqueue(process_unsent_events, socketio)
    ~~~~~~~~~~~~~~~~~~~~~~~^^^^^^^^^^^^^^^^^^^^^^^^^^^^^^^^^
  File "C:\Users\norbe\AppData\Local\Programs\Python\Python313\Lib\site-packages\rq\queue.py", line 1011, in enqueue
    return self.enqueue_call(
           ~~~~~~~~~~~~~~~~~^
        func=f,
        ^^^^^^^
    ...<16 lines>...
        pipeline=pipeline,
        ^^^^^^^^^^^^^^^^^^
    )
    ^
  File "C:\Users\norbe\AppData\Local\Programs\Python\Python313\Lib\site-packages\rq\queue.py", line 743, in enqueue_call
    return self.enqueue_job(job, pipeline=pipeline, at_front=at_front)
           ~~~~~~~~~~~~~~~~^^^^^^^^^^^^^^^^^^^^^^^^^^^^^^^^^^^^^^^^^^^
  File "C:\Users\norbe\AppData\Local\Programs\Python\Python313\Lib\site-packages\rq\queue.py", line 1142, in enqueue_job
    return self._enqueue_job(job, pipeline=pipeline, at_front=at_front)
           ~~~~~~~~~~~~~~~~~^^^^^^^^^^^^^^^^^^^^^^^^^^^^^^^^^^^^^^^^^^^
  File "C:\Users\norbe\AppData\Local\Programs\Python\Python313\Lib\site-packages\rq\queue.py", line 1168, in _enqueue_job
    job.save(pipeline=pipe)
    ~~~~~~~~^^^^^^^^^^^^^^^
  File "C:\Users\norbe\AppData\Local\Programs\Python\Python313\Lib\site-packages\rq\job.py", line 1142, in save
    mapping = self.to_dict(include_meta=include_meta, include_result=include_result)
  File "C:\Users\norbe\AppData\Local\Programs\Python\Python313\Lib\site-packages\rq\job.py", line 1057, in to_dict
    'data': zlib.compress(self.data),
                          ^^^^^^^^^
  File "C:\Users\norbe\AppData\Local\Programs\Python\Python313\Lib\site-packages\rq\job.py", line 590, in data
    self._data = self.serializer.dumps(job_tuple)
                 ~~~~~~~~~~~~~~~~~~~~~^^^^^^^^^^^
AttributeError: Can't get local object 'Flask.__init__.<locals>.<lambda>'
[2025-07-24 17:27:42,885] INFO - Running job "create_app.<locals>.enqueue_sync (trigger: interval[0:01:00], next run at: 2025-07-24 17:28:42 CEST)" (scheduled at 2025-07-24 17:27:42.881041+02:00)
[2025-07-24 17:27:42,889] ERROR - Job "create_app.<locals>.enqueue_sync (trigger: interval[0:01:00], next run at: 2025-07-24 17:28:42 CEST)" raised an exception
Traceback (most recent call last):
  File "C:\Users\norbe\AppData\Local\Programs\Python\Python313\Lib\site-packages\apscheduler\executors\base.py", line 125, in run_job
    retval = job.func(*job.args, **job.kwargs)
  File "F:\kick-multibot-panel\backend\__init__.py", line 97, in enqueue_sync
    scheduler.queue.enqueue(process_unsent_events, socketio)
    ~~~~~~~~~~~~~~~~~~~~~~~^^^^^^^^^^^^^^^^^^^^^^^^^^^^^^^^^
  File "C:\Users\norbe\AppData\Local\Programs\Python\Python313\Lib\site-packages\rq\queue.py", line 1011, in enqueue
    return self.enqueue_call(
           ~~~~~~~~~~~~~~~~~^
        func=f,
        ^^^^^^^
    ...<16 lines>...
        pipeline=pipeline,
        ^^^^^^^^^^^^^^^^^^
    )
    ^
  File "C:\Users\norbe\AppData\Local\Programs\Python\Python313\Lib\site-packages\rq\queue.py", line 743, in enqueue_call
    return self.enqueue_job(job, pipeline=pipeline, at_front=at_front)
           ~~~~~~~~~~~~~~~~^^^^^^^^^^^^^^^^^^^^^^^^^^^^^^^^^^^^^^^^^^^
  File "C:\Users\norbe\AppData\Local\Programs\Python\Python313\Lib\site-packages\rq\queue.py", line 1142, in enqueue_job
    return self._enqueue_job(job, pipeline=pipeline, at_front=at_front)
           ~~~~~~~~~~~~~~~~~^^^^^^^^^^^^^^^^^^^^^^^^^^^^^^^^^^^^^^^^^^^
  File "C:\Users\norbe\AppData\Local\Programs\Python\Python313\Lib\site-packages\rq\queue.py", line 1168, in _enqueue_job
    job.save(pipeline=pipe)
    ~~~~~~~~^^^^^^^^^^^^^^^
  File "C:\Users\norbe\AppData\Local\Programs\Python\Python313\Lib\site-packages\rq\job.py", line 1142, in save
    mapping = self.to_dict(include_meta=include_meta, include_result=include_result)
  File "C:\Users\norbe\AppData\Local\Programs\Python\Python313\Lib\site-packages\rq\job.py", line 1057, in to_dict
    'data': zlib.compress(self.data),
                          ^^^^^^^^^
  File "C:\Users\norbe\AppData\Local\Programs\Python\Python313\Lib\site-packages\rq\job.py", line 590, in data
    self._data = self.serializer.dumps(job_tuple)
                 ~~~~~~~~~~~~~~~~~~~~~^^^^^^^^^^^
AttributeError: Can't get local object 'Flask.__init__.<locals>.<lambda>'
[2025-07-24 17:28:42,891] INFO - Running job "create_app.<locals>.enqueue_sync (trigger: interval[0:01:00], next run at: 2025-07-24 17:29:42 CEST)" (scheduled at 2025-07-24 17:28:42.881041+02:00)
[2025-07-24 17:28:42,897] ERROR - Job "create_app.<locals>.enqueue_sync (trigger: interval[0:01:00], next run at: 2025-07-24 17:29:42 CEST)" raised an exception
Traceback (most recent call last):
  File "C:\Users\norbe\AppData\Local\Programs\Python\Python313\Lib\site-packages\apscheduler\executors\base.py", line 125, in run_job
    retval = job.func(*job.args, **job.kwargs)
  File "F:\kick-multibot-panel\backend\__init__.py", line 97, in enqueue_sync
    scheduler.queue.enqueue(process_unsent_events, socketio)
    ~~~~~~~~~~~~~~~~~~~~~~~^^^^^^^^^^^^^^^^^^^^^^^^^^^^^^^^^
  File "C:\Users\norbe\AppData\Local\Programs\Python\Python313\Lib\site-packages\rq\queue.py", line 1011, in enqueue
    return self.enqueue_call(
           ~~~~~~~~~~~~~~~~~^
        func=f,
        ^^^^^^^
    ...<16 lines>...
        pipeline=pipeline,
        ^^^^^^^^^^^^^^^^^^
    )
    ^
  File "C:\Users\norbe\AppData\Local\Programs\Python\Python313\Lib\site-packages\rq\queue.py", line 743, in enqueue_call
    return self.enqueue_job(job, pipeline=pipeline, at_front=at_front)
           ~~~~~~~~~~~~~~~~^^^^^^^^^^^^^^^^^^^^^^^^^^^^^^^^^^^^^^^^^^^
  File "C:\Users\norbe\AppData\Local\Programs\Python\Python313\Lib\site-packages\rq\queue.py", line 1142, in enqueue_job
    return self._enqueue_job(job, pipeline=pipeline, at_front=at_front)
           ~~~~~~~~~~~~~~~~~^^^^^^^^^^^^^^^^^^^^^^^^^^^^^^^^^^^^^^^^^^^
  File "C:\Users\norbe\AppData\Local\Programs\Python\Python313\Lib\site-packages\rq\queue.py", line 1168, in _enqueue_job
    job.save(pipeline=pipe)
    ~~~~~~~~^^^^^^^^^^^^^^^
  File "C:\Users\norbe\AppData\Local\Programs\Python\Python313\Lib\site-packages\rq\job.py", line 1142, in save
    mapping = self.to_dict(include_meta=include_meta, include_result=include_result)
  File "C:\Users\norbe\AppData\Local\Programs\Python\Python313\Lib\site-packages\rq\job.py", line 1057, in to_dict
    'data': zlib.compress(self.data),
                          ^^^^^^^^^
  File "C:\Users\norbe\AppData\Local\Programs\Python\Python313\Lib\site-packages\rq\job.py", line 590, in data
    self._data = self.serializer.dumps(job_tuple)
                 ~~~~~~~~~~~~~~~~~~~~~^^^^^^^^^^^
AttributeError: Can't get local object 'Flask.__init__.<locals>.<lambda>'
[2025-07-24 17:29:42,893] INFO - Running job "create_app.<locals>.enqueue_sync (trigger: interval[0:01:00], next run at: 2025-07-24 17:30:42 CEST)" (scheduled at 2025-07-24 17:29:42.881041+02:00)
[2025-07-24 17:29:42,897] ERROR - Job "create_app.<locals>.enqueue_sync (trigger: interval[0:01:00], next run at: 2025-07-24 17:30:42 CEST)" raised an exception
Traceback (most recent call last):
  File "C:\Users\norbe\AppData\Local\Programs\Python\Python313\Lib\site-packages\apscheduler\executors\base.py", line 125, in run_job
    retval = job.func(*job.args, **job.kwargs)
  File "F:\kick-multibot-panel\backend\__init__.py", line 97, in enqueue_sync
    scheduler.queue.enqueue(process_unsent_events, socketio)
    ~~~~~~~~~~~~~~~~~~~~~~~^^^^^^^^^^^^^^^^^^^^^^^^^^^^^^^^^
  File "C:\Users\norbe\AppData\Local\Programs\Python\Python313\Lib\site-packages\rq\queue.py", line 1011, in enqueue
    return self.enqueue_call(
           ~~~~~~~~~~~~~~~~~^
        func=f,
        ^^^^^^^
    ...<16 lines>...
        pipeline=pipeline,
        ^^^^^^^^^^^^^^^^^^
    )
    ^
  File "C:\Users\norbe\AppData\Local\Programs\Python\Python313\Lib\site-packages\rq\queue.py", line 743, in enqueue_call
    return self.enqueue_job(job, pipeline=pipeline, at_front=at_front)
           ~~~~~~~~~~~~~~~~^^^^^^^^^^^^^^^^^^^^^^^^^^^^^^^^^^^^^^^^^^^
  File "C:\Users\norbe\AppData\Local\Programs\Python\Python313\Lib\site-packages\rq\queue.py", line 1142, in enqueue_job
    return self._enqueue_job(job, pipeline=pipeline, at_front=at_front)
           ~~~~~~~~~~~~~~~~~^^^^^^^^^^^^^^^^^^^^^^^^^^^^^^^^^^^^^^^^^^^
  File "C:\Users\norbe\AppData\Local\Programs\Python\Python313\Lib\site-packages\rq\queue.py", line 1168, in _enqueue_job
    job.save(pipeline=pipe)
    ~~~~~~~~^^^^^^^^^^^^^^^
  File "C:\Users\norbe\AppData\Local\Programs\Python\Python313\Lib\site-packages\rq\job.py", line 1142, in save
    mapping = self.to_dict(include_meta=include_meta, include_result=include_result)
  File "C:\Users\norbe\AppData\Local\Programs\Python\Python313\Lib\site-packages\rq\job.py", line 1057, in to_dict
    'data': zlib.compress(self.data),
                          ^^^^^^^^^
  File "C:\Users\norbe\AppData\Local\Programs\Python\Python313\Lib\site-packages\rq\job.py", line 590, in data
    self._data = self.serializer.dumps(job_tuple)
                 ~~~~~~~~~~~~~~~~~~~~~^^^^^^^^^^^
AttributeError: Can't get local object 'Flask.__init__.<locals>.<lambda>'
[2025-07-24 17:30:42,891] INFO - Running job "create_app.<locals>.enqueue_sync (trigger: interval[0:01:00], next run at: 2025-07-24 17:31:42 CEST)" (scheduled at 2025-07-24 17:30:42.881041+02:00)
[2025-07-24 17:30:42,897] ERROR - Job "create_app.<locals>.enqueue_sync (trigger: interval[0:01:00], next run at: 2025-07-24 17:31:42 CEST)" raised an exception
Traceback (most recent call last):
  File "C:\Users\norbe\AppData\Local\Programs\Python\Python313\Lib\site-packages\apscheduler\executors\base.py", line 125, in run_job
    retval = job.func(*job.args, **job.kwargs)
  File "F:\kick-multibot-panel\backend\__init__.py", line 97, in enqueue_sync
    scheduler.queue.enqueue(process_unsent_events, socketio)
    ~~~~~~~~~~~~~~~~~~~~~~~^^^^^^^^^^^^^^^^^^^^^^^^^^^^^^^^^
  File "C:\Users\norbe\AppData\Local\Programs\Python\Python313\Lib\site-packages\rq\queue.py", line 1011, in enqueue
    return self.enqueue_call(
           ~~~~~~~~~~~~~~~~~^
        func=f,
        ^^^^^^^
    ...<16 lines>...
        pipeline=pipeline,
        ^^^^^^^^^^^^^^^^^^
    )
    ^
  File "C:\Users\norbe\AppData\Local\Programs\Python\Python313\Lib\site-packages\rq\queue.py", line 743, in enqueue_call
    return self.enqueue_job(job, pipeline=pipeline, at_front=at_front)
           ~~~~~~~~~~~~~~~~^^^^^^^^^^^^^^^^^^^^^^^^^^^^^^^^^^^^^^^^^^^
  File "C:\Users\norbe\AppData\Local\Programs\Python\Python313\Lib\site-packages\rq\queue.py", line 1142, in enqueue_job
    return self._enqueue_job(job, pipeline=pipeline, at_front=at_front)
           ~~~~~~~~~~~~~~~~~^^^^^^^^^^^^^^^^^^^^^^^^^^^^^^^^^^^^^^^^^^^
  File "C:\Users\norbe\AppData\Local\Programs\Python\Python313\Lib\site-packages\rq\queue.py", line 1168, in _enqueue_job
    job.save(pipeline=pipe)
    ~~~~~~~~^^^^^^^^^^^^^^^
  File "C:\Users\norbe\AppData\Local\Programs\Python\Python313\Lib\site-packages\rq\job.py", line 1142, in save
    mapping = self.to_dict(include_meta=include_meta, include_result=include_result)
  File "C:\Users\norbe\AppData\Local\Programs\Python\Python313\Lib\site-packages\rq\job.py", line 1057, in to_dict
    'data': zlib.compress(self.data),
                          ^^^^^^^^^
  File "C:\Users\norbe\AppData\Local\Programs\Python\Python313\Lib\site-packages\rq\job.py", line 590, in data
    self._data = self.serializer.dumps(job_tuple)
                 ~~~~~~~~~~~~~~~~~~~~~^^^^^^^^^^^
AttributeError: Can't get local object 'Flask.__init__.<locals>.<lambda>'
[2025-07-24 17:31:42,894] INFO - Running job "create_app.<locals>.enqueue_sync (trigger: interval[0:01:00], next run at: 2025-07-24 17:32:42 CEST)" (scheduled at 2025-07-24 17:31:42.881041+02:00)
[2025-07-24 17:31:42,898] ERROR - Job "create_app.<locals>.enqueue_sync (trigger: interval[0:01:00], next run at: 2025-07-24 17:32:42 CEST)" raised an exception
Traceback (most recent call last):
  File "C:\Users\norbe\AppData\Local\Programs\Python\Python313\Lib\site-packages\apscheduler\executors\base.py", line 125, in run_job
    retval = job.func(*job.args, **job.kwargs)
  File "F:\kick-multibot-panel\backend\__init__.py", line 97, in enqueue_sync
    scheduler.queue.enqueue(process_unsent_events, socketio)
    ~~~~~~~~~~~~~~~~~~~~~~~^^^^^^^^^^^^^^^^^^^^^^^^^^^^^^^^^
  File "C:\Users\norbe\AppData\Local\Programs\Python\Python313\Lib\site-packages\rq\queue.py", line 1011, in enqueue
    return self.enqueue_call(
           ~~~~~~~~~~~~~~~~~^
        func=f,
        ^^^^^^^
    ...<16 lines>...
        pipeline=pipeline,
        ^^^^^^^^^^^^^^^^^^
    )
    ^
  File "C:\Users\norbe\AppData\Local\Programs\Python\Python313\Lib\site-packages\rq\queue.py", line 743, in enqueue_call
    return self.enqueue_job(job, pipeline=pipeline, at_front=at_front)
           ~~~~~~~~~~~~~~~~^^^^^^^^^^^^^^^^^^^^^^^^^^^^^^^^^^^^^^^^^^^
  File "C:\Users\norbe\AppData\Local\Programs\Python\Python313\Lib\site-packages\rq\queue.py", line 1142, in enqueue_job
    return self._enqueue_job(job, pipeline=pipeline, at_front=at_front)
           ~~~~~~~~~~~~~~~~~^^^^^^^^^^^^^^^^^^^^^^^^^^^^^^^^^^^^^^^^^^^
  File "C:\Users\norbe\AppData\Local\Programs\Python\Python313\Lib\site-packages\rq\queue.py", line 1168, in _enqueue_job
    job.save(pipeline=pipe)
    ~~~~~~~~^^^^^^^^^^^^^^^
  File "C:\Users\norbe\AppData\Local\Programs\Python\Python313\Lib\site-packages\rq\job.py", line 1142, in save
    mapping = self.to_dict(include_meta=include_meta, include_result=include_result)
  File "C:\Users\norbe\AppData\Local\Programs\Python\Python313\Lib\site-packages\rq\job.py", line 1057, in to_dict
    'data': zlib.compress(self.data),
                          ^^^^^^^^^
  File "C:\Users\norbe\AppData\Local\Programs\Python\Python313\Lib\site-packages\rq\job.py", line 590, in data
    self._data = self.serializer.dumps(job_tuple)
                 ~~~~~~~~~~~~~~~~~~~~~^^^^^^^^^^^
AttributeError: Can't get local object 'Flask.__init__.<locals>.<lambda>'
[2025-07-24 17:32:42,894] INFO - Running job "create_app.<locals>.enqueue_sync (trigger: interval[0:01:00], next run at: 2025-07-24 17:33:42 CEST)" (scheduled at 2025-07-24 17:32:42.881041+02:00)
[2025-07-24 17:32:42,898] ERROR - Job "create_app.<locals>.enqueue_sync (trigger: interval[0:01:00], next run at: 2025-07-24 17:33:42 CEST)" raised an exception
Traceback (most recent call last):
  File "C:\Users\norbe\AppData\Local\Programs\Python\Python313\Lib\site-packages\apscheduler\executors\base.py", line 125, in run_job
    retval = job.func(*job.args, **job.kwargs)
  File "F:\kick-multibot-panel\backend\__init__.py", line 97, in enqueue_sync
    scheduler.queue.enqueue(process_unsent_events, socketio)
    ~~~~~~~~~~~~~~~~~~~~~~~^^^^^^^^^^^^^^^^^^^^^^^^^^^^^^^^^
  File "C:\Users\norbe\AppData\Local\Programs\Python\Python313\Lib\site-packages\rq\queue.py", line 1011, in enqueue
    return self.enqueue_call(
           ~~~~~~~~~~~~~~~~~^
        func=f,
        ^^^^^^^
    ...<16 lines>...
        pipeline=pipeline,
        ^^^^^^^^^^^^^^^^^^
    )
    ^
  File "C:\Users\norbe\AppData\Local\Programs\Python\Python313\Lib\site-packages\rq\queue.py", line 743, in enqueue_call
    return self.enqueue_job(job, pipeline=pipeline, at_front=at_front)
           ~~~~~~~~~~~~~~~~^^^^^^^^^^^^^^^^^^^^^^^^^^^^^^^^^^^^^^^^^^^
  File "C:\Users\norbe\AppData\Local\Programs\Python\Python313\Lib\site-packages\rq\queue.py", line 1142, in enqueue_job
    return self._enqueue_job(job, pipeline=pipeline, at_front=at_front)
           ~~~~~~~~~~~~~~~~~^^^^^^^^^^^^^^^^^^^^^^^^^^^^^^^^^^^^^^^^^^^
  File "C:\Users\norbe\AppData\Local\Programs\Python\Python313\Lib\site-packages\rq\queue.py", line 1168, in _enqueue_job
    job.save(pipeline=pipe)
    ~~~~~~~~^^^^^^^^^^^^^^^
  File "C:\Users\norbe\AppData\Local\Programs\Python\Python313\Lib\site-packages\rq\job.py", line 1142, in save
    mapping = self.to_dict(include_meta=include_meta, include_result=include_result)
  File "C:\Users\norbe\AppData\Local\Programs\Python\Python313\Lib\site-packages\rq\job.py", line 1057, in to_dict
    'data': zlib.compress(self.data),
                          ^^^^^^^^^
  File "C:\Users\norbe\AppData\Local\Programs\Python\Python313\Lib\site-packages\rq\job.py", line 590, in data
    self._data = self.serializer.dumps(job_tuple)
                 ~~~~~~~~~~~~~~~~~~~~~^^^^^^^^^^^
AttributeError: Can't get local object 'Flask.__init__.<locals>.<lambda>'
[2025-07-24 17:33:42,886] INFO - Running job "create_app.<locals>.enqueue_sync (trigger: interval[0:01:00], next run at: 2025-07-24 17:34:42 CEST)" (scheduled at 2025-07-24 17:33:42.881041+02:00)
[2025-07-24 17:33:42,915] ERROR - Job "create_app.<locals>.enqueue_sync (trigger: interval[0:01:00], next run at: 2025-07-24 17:34:42 CEST)" raised an exception
Traceback (most recent call last):
  File "C:\Users\norbe\AppData\Local\Programs\Python\Python313\Lib\site-packages\apscheduler\executors\base.py", line 125, in run_job
    retval = job.func(*job.args, **job.kwargs)
  File "F:\kick-multibot-panel\backend\__init__.py", line 97, in enqueue_sync
    scheduler.queue.enqueue(process_unsent_events, socketio)
    ~~~~~~~~~~~~~~~~~~~~~~~^^^^^^^^^^^^^^^^^^^^^^^^^^^^^^^^^
  File "C:\Users\norbe\AppData\Local\Programs\Python\Python313\Lib\site-packages\rq\queue.py", line 1011, in enqueue
    return self.enqueue_call(
           ~~~~~~~~~~~~~~~~~^
        func=f,
        ^^^^^^^
    ...<16 lines>...
        pipeline=pipeline,
        ^^^^^^^^^^^^^^^^^^
    )
    ^
  File "C:\Users\norbe\AppData\Local\Programs\Python\Python313\Lib\site-packages\rq\queue.py", line 743, in enqueue_call
    return self.enqueue_job(job, pipeline=pipeline, at_front=at_front)
           ~~~~~~~~~~~~~~~~^^^^^^^^^^^^^^^^^^^^^^^^^^^^^^^^^^^^^^^^^^^
  File "C:\Users\norbe\AppData\Local\Programs\Python\Python313\Lib\site-packages\rq\queue.py", line 1142, in enqueue_job
    return self._enqueue_job(job, pipeline=pipeline, at_front=at_front)
           ~~~~~~~~~~~~~~~~~^^^^^^^^^^^^^^^^^^^^^^^^^^^^^^^^^^^^^^^^^^^
  File "C:\Users\norbe\AppData\Local\Programs\Python\Python313\Lib\site-packages\rq\queue.py", line 1168, in _enqueue_job
    job.save(pipeline=pipe)
    ~~~~~~~~^^^^^^^^^^^^^^^
  File "C:\Users\norbe\AppData\Local\Programs\Python\Python313\Lib\site-packages\rq\job.py", line 1142, in save
    mapping = self.to_dict(include_meta=include_meta, include_result=include_result)
  File "C:\Users\norbe\AppData\Local\Programs\Python\Python313\Lib\site-packages\rq\job.py", line 1057, in to_dict
    'data': zlib.compress(self.data),
                          ^^^^^^^^^
  File "C:\Users\norbe\AppData\Local\Programs\Python\Python313\Lib\site-packages\rq\job.py", line 590, in data
    self._data = self.serializer.dumps(job_tuple)
                 ~~~~~~~~~~~~~~~~~~~~~^^^^^^^^^^^
AttributeError: Can't get local object 'Flask.__init__.<locals>.<lambda>'
[2025-07-24 17:34:42,886] INFO - Running job "create_app.<locals>.enqueue_sync (trigger: interval[0:01:00], next run at: 2025-07-24 17:35:42 CEST)" (scheduled at 2025-07-24 17:34:42.881041+02:00)
[2025-07-24 17:34:42,914] ERROR - Job "create_app.<locals>.enqueue_sync (trigger: interval[0:01:00], next run at: 2025-07-24 17:35:42 CEST)" raised an exception
Traceback (most recent call last):
  File "C:\Users\norbe\AppData\Local\Programs\Python\Python313\Lib\site-packages\apscheduler\executors\base.py", line 125, in run_job
    retval = job.func(*job.args, **job.kwargs)
  File "F:\kick-multibot-panel\backend\__init__.py", line 97, in enqueue_sync
    scheduler.queue.enqueue(process_unsent_events, socketio)
    ~~~~~~~~~~~~~~~~~~~~~~~^^^^^^^^^^^^^^^^^^^^^^^^^^^^^^^^^
  File "C:\Users\norbe\AppData\Local\Programs\Python\Python313\Lib\site-packages\rq\queue.py", line 1011, in enqueue
    return self.enqueue_call(
           ~~~~~~~~~~~~~~~~~^
        func=f,
        ^^^^^^^
    ...<16 lines>...
        pipeline=pipeline,
        ^^^^^^^^^^^^^^^^^^
    )
    ^
  File "C:\Users\norbe\AppData\Local\Programs\Python\Python313\Lib\site-packages\rq\queue.py", line 743, in enqueue_call
    return self.enqueue_job(job, pipeline=pipeline, at_front=at_front)
           ~~~~~~~~~~~~~~~~^^^^^^^^^^^^^^^^^^^^^^^^^^^^^^^^^^^^^^^^^^^
  File "C:\Users\norbe\AppData\Local\Programs\Python\Python313\Lib\site-packages\rq\queue.py", line 1142, in enqueue_job
    return self._enqueue_job(job, pipeline=pipeline, at_front=at_front)
           ~~~~~~~~~~~~~~~~~^^^^^^^^^^^^^^^^^^^^^^^^^^^^^^^^^^^^^^^^^^^
  File "C:\Users\norbe\AppData\Local\Programs\Python\Python313\Lib\site-packages\rq\queue.py", line 1168, in _enqueue_job
    job.save(pipeline=pipe)
    ~~~~~~~~^^^^^^^^^^^^^^^
  File "C:\Users\norbe\AppData\Local\Programs\Python\Python313\Lib\site-packages\rq\job.py", line 1142, in save
    mapping = self.to_dict(include_meta=include_meta, include_result=include_result)
  File "C:\Users\norbe\AppData\Local\Programs\Python\Python313\Lib\site-packages\rq\job.py", line 1057, in to_dict
    'data': zlib.compress(self.data),
                          ^^^^^^^^^
  File "C:\Users\norbe\AppData\Local\Programs\Python\Python313\Lib\site-packages\rq\job.py", line 590, in data
    self._data = self.serializer.dumps(job_tuple)
                 ~~~~~~~~~~~~~~~~~~~~~^^^^^^^^^^^
AttributeError: Can't get local object 'Flask.__init__.<locals>.<lambda>'
[2025-07-24 17:35:42,944] INFO - Running job "create_app.<locals>.enqueue_sync (trigger: interval[0:01:00], next run at: 2025-07-24 17:36:42 CEST)" (scheduled at 2025-07-24 17:35:42.881041+02:00)
[2025-07-24 17:35:42,968] ERROR - Job "create_app.<locals>.enqueue_sync (trigger: interval[0:01:00], next run at: 2025-07-24 17:36:42 CEST)" raised an exception
Traceback (most recent call last):
  File "C:\Users\norbe\AppData\Local\Programs\Python\Python313\Lib\site-packages\apscheduler\executors\base.py", line 125, in run_job
    retval = job.func(*job.args, **job.kwargs)
  File "F:\kick-multibot-panel\backend\__init__.py", line 97, in enqueue_sync
    scheduler.queue.enqueue(process_unsent_events, socketio)
    ~~~~~~~~~~~~~~~~~~~~~~~^^^^^^^^^^^^^^^^^^^^^^^^^^^^^^^^^
  File "C:\Users\norbe\AppData\Local\Programs\Python\Python313\Lib\site-packages\rq\queue.py", line 1011, in enqueue
    return self.enqueue_call(
           ~~~~~~~~~~~~~~~~~^
        func=f,
        ^^^^^^^
    ...<16 lines>...
        pipeline=pipeline,
        ^^^^^^^^^^^^^^^^^^
    )
    ^
  File "C:\Users\norbe\AppData\Local\Programs\Python\Python313\Lib\site-packages\rq\queue.py", line 743, in enqueue_call
    return self.enqueue_job(job, pipeline=pipeline, at_front=at_front)
           ~~~~~~~~~~~~~~~~^^^^^^^^^^^^^^^^^^^^^^^^^^^^^^^^^^^^^^^^^^^
  File "C:\Users\norbe\AppData\Local\Programs\Python\Python313\Lib\site-packages\rq\queue.py", line 1142, in enqueue_job
    return self._enqueue_job(job, pipeline=pipeline, at_front=at_front)
           ~~~~~~~~~~~~~~~~~^^^^^^^^^^^^^^^^^^^^^^^^^^^^^^^^^^^^^^^^^^^
  File "C:\Users\norbe\AppData\Local\Programs\Python\Python313\Lib\site-packages\rq\queue.py", line 1168, in _enqueue_job
    job.save(pipeline=pipe)
    ~~~~~~~~^^^^^^^^^^^^^^^
  File "C:\Users\norbe\AppData\Local\Programs\Python\Python313\Lib\site-packages\rq\job.py", line 1142, in save
    mapping = self.to_dict(include_meta=include_meta, include_result=include_result)
  File "C:\Users\norbe\AppData\Local\Programs\Python\Python313\Lib\site-packages\rq\job.py", line 1057, in to_dict
    'data': zlib.compress(self.data),
                          ^^^^^^^^^
  File "C:\Users\norbe\AppData\Local\Programs\Python\Python313\Lib\site-packages\rq\job.py", line 590, in data
    self._data = self.serializer.dumps(job_tuple)
                 ~~~~~~~~~~~~~~~~~~~~~^^^^^^^^^^^
AttributeError: Can't get local object 'Flask.__init__.<locals>.<lambda>'
[2025-07-24 17:36:42,893] INFO - Running job "create_app.<locals>.enqueue_sync (trigger: interval[0:01:00], next run at: 2025-07-24 17:37:42 CEST)" (scheduled at 2025-07-24 17:36:42.881041+02:00)
[2025-07-24 17:36:42,916] ERROR - Job "create_app.<locals>.enqueue_sync (trigger: interval[0:01:00], next run at: 2025-07-24 17:37:42 CEST)" raised an exception
Traceback (most recent call last):
  File "C:\Users\norbe\AppData\Local\Programs\Python\Python313\Lib\site-packages\apscheduler\executors\base.py", line 125, in run_job
    retval = job.func(*job.args, **job.kwargs)
  File "F:\kick-multibot-panel\backend\__init__.py", line 97, in enqueue_sync
    scheduler.queue.enqueue(process_unsent_events, socketio)
    ~~~~~~~~~~~~~~~~~~~~~~~^^^^^^^^^^^^^^^^^^^^^^^^^^^^^^^^^
  File "C:\Users\norbe\AppData\Local\Programs\Python\Python313\Lib\site-packages\rq\queue.py", line 1011, in enqueue
    return self.enqueue_call(
           ~~~~~~~~~~~~~~~~~^
        func=f,
        ^^^^^^^
    ...<16 lines>...
        pipeline=pipeline,
        ^^^^^^^^^^^^^^^^^^
    )
    ^
  File "C:\Users\norbe\AppData\Local\Programs\Python\Python313\Lib\site-packages\rq\queue.py", line 743, in enqueue_call
    return self.enqueue_job(job, pipeline=pipeline, at_front=at_front)
           ~~~~~~~~~~~~~~~~^^^^^^^^^^^^^^^^^^^^^^^^^^^^^^^^^^^^^^^^^^^
  File "C:\Users\norbe\AppData\Local\Programs\Python\Python313\Lib\site-packages\rq\queue.py", line 1142, in enqueue_job
    return self._enqueue_job(job, pipeline=pipeline, at_front=at_front)
           ~~~~~~~~~~~~~~~~~^^^^^^^^^^^^^^^^^^^^^^^^^^^^^^^^^^^^^^^^^^^
  File "C:\Users\norbe\AppData\Local\Programs\Python\Python313\Lib\site-packages\rq\queue.py", line 1168, in _enqueue_job
    job.save(pipeline=pipe)
    ~~~~~~~~^^^^^^^^^^^^^^^
  File "C:\Users\norbe\AppData\Local\Programs\Python\Python313\Lib\site-packages\rq\job.py", line 1142, in save
    mapping = self.to_dict(include_meta=include_meta, include_result=include_result)
  File "C:\Users\norbe\AppData\Local\Programs\Python\Python313\Lib\site-packages\rq\job.py", line 1057, in to_dict
    'data': zlib.compress(self.data),
                          ^^^^^^^^^
  File "C:\Users\norbe\AppData\Local\Programs\Python\Python313\Lib\site-packages\rq\job.py", line 590, in data
    self._data = self.serializer.dumps(job_tuple)
                 ~~~~~~~~~~~~~~~~~~~~~^^^^^^^^^^^
AttributeError: Can't get local object 'Flask.__init__.<locals>.<lambda>'
[2025-07-24 17:37:42,940] INFO - Running job "create_app.<locals>.enqueue_sync (trigger: interval[0:01:00], next run at: 2025-07-24 17:38:42 CEST)" (scheduled at 2025-07-24 17:37:42.881041+02:00)
[2025-07-24 17:37:42,962] ERROR - Job "create_app.<locals>.enqueue_sync (trigger: interval[0:01:00], next run at: 2025-07-24 17:38:42 CEST)" raised an exception
Traceback (most recent call last):
  File "C:\Users\norbe\AppData\Local\Programs\Python\Python313\Lib\site-packages\apscheduler\executors\base.py", line 125, in run_job
    retval = job.func(*job.args, **job.kwargs)
  File "F:\kick-multibot-panel\backend\__init__.py", line 97, in enqueue_sync
    scheduler.queue.enqueue(process_unsent_events, socketio)
    ~~~~~~~~~~~~~~~~~~~~~~~^^^^^^^^^^^^^^^^^^^^^^^^^^^^^^^^^
  File "C:\Users\norbe\AppData\Local\Programs\Python\Python313\Lib\site-packages\rq\queue.py", line 1011, in enqueue
    return self.enqueue_call(
           ~~~~~~~~~~~~~~~~~^
        func=f,
        ^^^^^^^
    ...<16 lines>...
        pipeline=pipeline,
        ^^^^^^^^^^^^^^^^^^
    )
    ^
  File "C:\Users\norbe\AppData\Local\Programs\Python\Python313\Lib\site-packages\rq\queue.py", line 743, in enqueue_call
    return self.enqueue_job(job, pipeline=pipeline, at_front=at_front)
           ~~~~~~~~~~~~~~~~^^^^^^^^^^^^^^^^^^^^^^^^^^^^^^^^^^^^^^^^^^^
  File "C:\Users\norbe\AppData\Local\Programs\Python\Python313\Lib\site-packages\rq\queue.py", line 1142, in enqueue_job
    return self._enqueue_job(job, pipeline=pipeline, at_front=at_front)
           ~~~~~~~~~~~~~~~~~^^^^^^^^^^^^^^^^^^^^^^^^^^^^^^^^^^^^^^^^^^^
  File "C:\Users\norbe\AppData\Local\Programs\Python\Python313\Lib\site-packages\rq\queue.py", line 1168, in _enqueue_job
    job.save(pipeline=pipe)
    ~~~~~~~~^^^^^^^^^^^^^^^
  File "C:\Users\norbe\AppData\Local\Programs\Python\Python313\Lib\site-packages\rq\job.py", line 1142, in save
    mapping = self.to_dict(include_meta=include_meta, include_result=include_result)
  File "C:\Users\norbe\AppData\Local\Programs\Python\Python313\Lib\site-packages\rq\job.py", line 1057, in to_dict
    'data': zlib.compress(self.data),
                          ^^^^^^^^^
  File "C:\Users\norbe\AppData\Local\Programs\Python\Python313\Lib\site-packages\rq\job.py", line 590, in data
    self._data = self.serializer.dumps(job_tuple)
                 ~~~~~~~~~~~~~~~~~~~~~^^^^^^^^^^^
AttributeError: Can't get local object 'Flask.__init__.<locals>.<lambda>'
[2025-07-24 17:38:42,923] INFO - Running job "create_app.<locals>.enqueue_sync (trigger: interval[0:01:00], next run at: 2025-07-24 17:39:42 CEST)" (scheduled at 2025-07-24 17:38:42.881041+02:00)
[2025-07-24 17:38:42,969] ERROR - Job "create_app.<locals>.enqueue_sync (trigger: interval[0:01:00], next run at: 2025-07-24 17:39:42 CEST)" raised an exception
Traceback (most recent call last):
  File "C:\Users\norbe\AppData\Local\Programs\Python\Python313\Lib\site-packages\apscheduler\executors\base.py", line 125, in run_job
    retval = job.func(*job.args, **job.kwargs)
  File "F:\kick-multibot-panel\backend\__init__.py", line 97, in enqueue_sync
    scheduler.queue.enqueue(process_unsent_events, socketio)
    ~~~~~~~~~~~~~~~~~~~~~~~^^^^^^^^^^^^^^^^^^^^^^^^^^^^^^^^^
  File "C:\Users\norbe\AppData\Local\Programs\Python\Python313\Lib\site-packages\rq\queue.py", line 1011, in enqueue
    return self.enqueue_call(
           ~~~~~~~~~~~~~~~~~^
        func=f,
        ^^^^^^^
    ...<16 lines>...
        pipeline=pipeline,
        ^^^^^^^^^^^^^^^^^^
    )
    ^
  File "C:\Users\norbe\AppData\Local\Programs\Python\Python313\Lib\site-packages\rq\queue.py", line 743, in enqueue_call
    return self.enqueue_job(job, pipeline=pipeline, at_front=at_front)
           ~~~~~~~~~~~~~~~~^^^^^^^^^^^^^^^^^^^^^^^^^^^^^^^^^^^^^^^^^^^
  File "C:\Users\norbe\AppData\Local\Programs\Python\Python313\Lib\site-packages\rq\queue.py", line 1142, in enqueue_job
    return self._enqueue_job(job, pipeline=pipeline, at_front=at_front)
           ~~~~~~~~~~~~~~~~~^^^^^^^^^^^^^^^^^^^^^^^^^^^^^^^^^^^^^^^^^^^
  File "C:\Users\norbe\AppData\Local\Programs\Python\Python313\Lib\site-packages\rq\queue.py", line 1168, in _enqueue_job
    job.save(pipeline=pipe)
    ~~~~~~~~^^^^^^^^^^^^^^^
  File "C:\Users\norbe\AppData\Local\Programs\Python\Python313\Lib\site-packages\rq\job.py", line 1142, in save
    mapping = self.to_dict(include_meta=include_meta, include_result=include_result)
  File "C:\Users\norbe\AppData\Local\Programs\Python\Python313\Lib\site-packages\rq\job.py", line 1057, in to_dict
    'data': zlib.compress(self.data),
                          ^^^^^^^^^
  File "C:\Users\norbe\AppData\Local\Programs\Python\Python313\Lib\site-packages\rq\job.py", line 590, in data
    self._data = self.serializer.dumps(job_tuple)
                 ~~~~~~~~~~~~~~~~~~~~~^^^^^^^^^^^
AttributeError: Can't get local object 'Flask.__init__.<locals>.<lambda>'
[2025-07-24 17:39:42,898] INFO - Running job "create_app.<locals>.enqueue_sync (trigger: interval[0:01:00], next run at: 2025-07-24 17:40:42 CEST)" (scheduled at 2025-07-24 17:39:42.881041+02:00)
[2025-07-24 17:39:42,933] ERROR - Job "create_app.<locals>.enqueue_sync (trigger: interval[0:01:00], next run at: 2025-07-24 17:40:42 CEST)" raised an exception
Traceback (most recent call last):
  File "C:\Users\norbe\AppData\Local\Programs\Python\Python313\Lib\site-packages\apscheduler\executors\base.py", line 125, in run_job
    retval = job.func(*job.args, **job.kwargs)
  File "F:\kick-multibot-panel\backend\__init__.py", line 97, in enqueue_sync
    scheduler.queue.enqueue(process_unsent_events, socketio)
    ~~~~~~~~~~~~~~~~~~~~~~~^^^^^^^^^^^^^^^^^^^^^^^^^^^^^^^^^
  File "C:\Users\norbe\AppData\Local\Programs\Python\Python313\Lib\site-packages\rq\queue.py", line 1011, in enqueue
    return self.enqueue_call(
           ~~~~~~~~~~~~~~~~~^
        func=f,
        ^^^^^^^
    ...<16 lines>...
        pipeline=pipeline,
        ^^^^^^^^^^^^^^^^^^
    )
    ^
  File "C:\Users\norbe\AppData\Local\Programs\Python\Python313\Lib\site-packages\rq\queue.py", line 743, in enqueue_call
    return self.enqueue_job(job, pipeline=pipeline, at_front=at_front)
           ~~~~~~~~~~~~~~~~^^^^^^^^^^^^^^^^^^^^^^^^^^^^^^^^^^^^^^^^^^^
  File "C:\Users\norbe\AppData\Local\Programs\Python\Python313\Lib\site-packages\rq\queue.py", line 1142, in enqueue_job
    return self._enqueue_job(job, pipeline=pipeline, at_front=at_front)
           ~~~~~~~~~~~~~~~~~^^^^^^^^^^^^^^^^^^^^^^^^^^^^^^^^^^^^^^^^^^^
  File "C:\Users\norbe\AppData\Local\Programs\Python\Python313\Lib\site-packages\rq\queue.py", line 1168, in _enqueue_job
    job.save(pipeline=pipe)
    ~~~~~~~~^^^^^^^^^^^^^^^
  File "C:\Users\norbe\AppData\Local\Programs\Python\Python313\Lib\site-packages\rq\job.py", line 1142, in save
    mapping = self.to_dict(include_meta=include_meta, include_result=include_result)
  File "C:\Users\norbe\AppData\Local\Programs\Python\Python313\Lib\site-packages\rq\job.py", line 1057, in to_dict
    'data': zlib.compress(self.data),
                          ^^^^^^^^^
  File "C:\Users\norbe\AppData\Local\Programs\Python\Python313\Lib\site-packages\rq\job.py", line 590, in data
    self._data = self.serializer.dumps(job_tuple)
                 ~~~~~~~~~~~~~~~~~~~~~^^^^^^^^^^^
AttributeError: Can't get local object 'Flask.__init__.<locals>.<lambda>'
[2025-07-24 17:40:42,931] INFO - Running job "create_app.<locals>.enqueue_sync (trigger: interval[0:01:00], next run at: 2025-07-24 17:41:42 CEST)" (scheduled at 2025-07-24 17:40:42.881041+02:00)
[2025-07-24 17:40:42,962] ERROR - Job "create_app.<locals>.enqueue_sync (trigger: interval[0:01:00], next run at: 2025-07-24 17:41:42 CEST)" raised an exception
Traceback (most recent call last):
  File "C:\Users\norbe\AppData\Local\Programs\Python\Python313\Lib\site-packages\apscheduler\executors\base.py", line 125, in run_job
    retval = job.func(*job.args, **job.kwargs)
  File "F:\kick-multibot-panel\backend\__init__.py", line 97, in enqueue_sync
    scheduler.queue.enqueue(process_unsent_events, socketio)
    ~~~~~~~~~~~~~~~~~~~~~~~^^^^^^^^^^^^^^^^^^^^^^^^^^^^^^^^^
  File "C:\Users\norbe\AppData\Local\Programs\Python\Python313\Lib\site-packages\rq\queue.py", line 1011, in enqueue
    return self.enqueue_call(
           ~~~~~~~~~~~~~~~~~^
        func=f,
        ^^^^^^^
    ...<16 lines>...
        pipeline=pipeline,
        ^^^^^^^^^^^^^^^^^^
    )
    ^
  File "C:\Users\norbe\AppData\Local\Programs\Python\Python313\Lib\site-packages\rq\queue.py", line 743, in enqueue_call
    return self.enqueue_job(job, pipeline=pipeline, at_front=at_front)
           ~~~~~~~~~~~~~~~~^^^^^^^^^^^^^^^^^^^^^^^^^^^^^^^^^^^^^^^^^^^
  File "C:\Users\norbe\AppData\Local\Programs\Python\Python313\Lib\site-packages\rq\queue.py", line 1142, in enqueue_job
    return self._enqueue_job(job, pipeline=pipeline, at_front=at_front)
           ~~~~~~~~~~~~~~~~~^^^^^^^^^^^^^^^^^^^^^^^^^^^^^^^^^^^^^^^^^^^
  File "C:\Users\norbe\AppData\Local\Programs\Python\Python313\Lib\site-packages\rq\queue.py", line 1168, in _enqueue_job
    job.save(pipeline=pipe)
    ~~~~~~~~^^^^^^^^^^^^^^^
  File "C:\Users\norbe\AppData\Local\Programs\Python\Python313\Lib\site-packages\rq\job.py", line 1142, in save
    mapping = self.to_dict(include_meta=include_meta, include_result=include_result)
  File "C:\Users\norbe\AppData\Local\Programs\Python\Python313\Lib\site-packages\rq\job.py", line 1057, in to_dict
    'data': zlib.compress(self.data),
                          ^^^^^^^^^
  File "C:\Users\norbe\AppData\Local\Programs\Python\Python313\Lib\site-packages\rq\job.py", line 590, in data
    self._data = self.serializer.dumps(job_tuple)
                 ~~~~~~~~~~~~~~~~~~~~~^^^^^^^^^^^
AttributeError: Can't get local object 'Flask.__init__.<locals>.<lambda>'
[2025-07-24 17:41:42,904] INFO - Running job "create_app.<locals>.enqueue_sync (trigger: interval[0:01:00], next run at: 2025-07-24 17:42:42 CEST)" (scheduled at 2025-07-24 17:41:42.881041+02:00)
[2025-07-24 17:41:42,930] ERROR - Job "create_app.<locals>.enqueue_sync (trigger: interval[0:01:00], next run at: 2025-07-24 17:42:42 CEST)" raised an exception
Traceback (most recent call last):
  File "C:\Users\norbe\AppData\Local\Programs\Python\Python313\Lib\site-packages\apscheduler\executors\base.py", line 125, in run_job
    retval = job.func(*job.args, **job.kwargs)
  File "F:\kick-multibot-panel\backend\__init__.py", line 97, in enqueue_sync
    scheduler.queue.enqueue(process_unsent_events, socketio)
    ~~~~~~~~~~~~~~~~~~~~~~~^^^^^^^^^^^^^^^^^^^^^^^^^^^^^^^^^
  File "C:\Users\norbe\AppData\Local\Programs\Python\Python313\Lib\site-packages\rq\queue.py", line 1011, in enqueue
    return self.enqueue_call(
           ~~~~~~~~~~~~~~~~~^
        func=f,
        ^^^^^^^
    ...<16 lines>...
        pipeline=pipeline,
        ^^^^^^^^^^^^^^^^^^
    )
    ^
  File "C:\Users\norbe\AppData\Local\Programs\Python\Python313\Lib\site-packages\rq\queue.py", line 743, in enqueue_call
    return self.enqueue_job(job, pipeline=pipeline, at_front=at_front)
           ~~~~~~~~~~~~~~~~^^^^^^^^^^^^^^^^^^^^^^^^^^^^^^^^^^^^^^^^^^^
  File "C:\Users\norbe\AppData\Local\Programs\Python\Python313\Lib\site-packages\rq\queue.py", line 1142, in enqueue_job
    return self._enqueue_job(job, pipeline=pipeline, at_front=at_front)
           ~~~~~~~~~~~~~~~~~^^^^^^^^^^^^^^^^^^^^^^^^^^^^^^^^^^^^^^^^^^^
  File "C:\Users\norbe\AppData\Local\Programs\Python\Python313\Lib\site-packages\rq\queue.py", line 1168, in _enqueue_job
    job.save(pipeline=pipe)
    ~~~~~~~~^^^^^^^^^^^^^^^
  File "C:\Users\norbe\AppData\Local\Programs\Python\Python313\Lib\site-packages\rq\job.py", line 1142, in save
    mapping = self.to_dict(include_meta=include_meta, include_result=include_result)
  File "C:\Users\norbe\AppData\Local\Programs\Python\Python313\Lib\site-packages\rq\job.py", line 1057, in to_dict
    'data': zlib.compress(self.data),
                          ^^^^^^^^^
  File "C:\Users\norbe\AppData\Local\Programs\Python\Python313\Lib\site-packages\rq\job.py", line 590, in data
    self._data = self.serializer.dumps(job_tuple)
                 ~~~~~~~~~~~~~~~~~~~~~^^^^^^^^^^^
AttributeError: Can't get local object 'Flask.__init__.<locals>.<lambda>'
[2025-07-24 17:42:42,906] INFO - Running job "create_app.<locals>.enqueue_sync (trigger: interval[0:01:00], next run at: 2025-07-24 17:43:42 CEST)" (scheduled at 2025-07-24 17:42:42.881041+02:00)
[2025-07-24 17:42:42,957] ERROR - Job "create_app.<locals>.enqueue_sync (trigger: interval[0:01:00], next run at: 2025-07-24 17:43:42 CEST)" raised an exception
Traceback (most recent call last):
  File "C:\Users\norbe\AppData\Local\Programs\Python\Python313\Lib\site-packages\apscheduler\executors\base.py", line 125, in run_job
    retval = job.func(*job.args, **job.kwargs)
  File "F:\kick-multibot-panel\backend\__init__.py", line 97, in enqueue_sync
    scheduler.queue.enqueue(process_unsent_events, socketio)
    ~~~~~~~~~~~~~~~~~~~~~~~^^^^^^^^^^^^^^^^^^^^^^^^^^^^^^^^^
  File "C:\Users\norbe\AppData\Local\Programs\Python\Python313\Lib\site-packages\rq\queue.py", line 1011, in enqueue
    return self.enqueue_call(
           ~~~~~~~~~~~~~~~~~^
        func=f,
        ^^^^^^^
    ...<16 lines>...
        pipeline=pipeline,
        ^^^^^^^^^^^^^^^^^^
    )
    ^
  File "C:\Users\norbe\AppData\Local\Programs\Python\Python313\Lib\site-packages\rq\queue.py", line 743, in enqueue_call
    return self.enqueue_job(job, pipeline=pipeline, at_front=at_front)
           ~~~~~~~~~~~~~~~~^^^^^^^^^^^^^^^^^^^^^^^^^^^^^^^^^^^^^^^^^^^
  File "C:\Users\norbe\AppData\Local\Programs\Python\Python313\Lib\site-packages\rq\queue.py", line 1142, in enqueue_job
    return self._enqueue_job(job, pipeline=pipeline, at_front=at_front)
           ~~~~~~~~~~~~~~~~~^^^^^^^^^^^^^^^^^^^^^^^^^^^^^^^^^^^^^^^^^^^
  File "C:\Users\norbe\AppData\Local\Programs\Python\Python313\Lib\site-packages\rq\queue.py", line 1168, in _enqueue_job
    job.save(pipeline=pipe)
    ~~~~~~~~^^^^^^^^^^^^^^^
  File "C:\Users\norbe\AppData\Local\Programs\Python\Python313\Lib\site-packages\rq\job.py", line 1142, in save
    mapping = self.to_dict(include_meta=include_meta, include_result=include_result)
  File "C:\Users\norbe\AppData\Local\Programs\Python\Python313\Lib\site-packages\rq\job.py", line 1057, in to_dict
    'data': zlib.compress(self.data),
                          ^^^^^^^^^
  File "C:\Users\norbe\AppData\Local\Programs\Python\Python313\Lib\site-packages\rq\job.py", line 590, in data
    self._data = self.serializer.dumps(job_tuple)
                 ~~~~~~~~~~~~~~~~~~~~~^^^^^^^^^^^
AttributeError: Can't get local object 'Flask.__init__.<locals>.<lambda>'
[2025-07-24 17:44:14,995] INFO - Connected to Redis
[2025-07-24 17:44:15,686] INFO - Adding job tentatively -- it will be properly scheduled when the scheduler starts
[2025-07-24 17:44:15,686] INFO - Added job "create_app.<locals>.enqueue_sync" to job store "default"
[2025-07-24 17:44:15,687] INFO - Scheduler started
[2025-07-24 17:44:16,151] INFO - [31m[1mWARNING: This is a development server. Do not use it in a production deployment. Use a production WSGI server instead.[0m
 * Running on http://127.0.0.1:5000
[2025-07-24 17:44:16,153] INFO - [33mPress CTRL+C to quit[0m
[2025-07-24 17:44:21,162] INFO - 127.0.0.1 - - [24/Jul/2025 17:44:21] "GET /dashboard HTTP/1.1" 200 -
[2025-07-24 17:44:24,378] INFO - 127.0.0.1 - - [24/Jul/2025 17:44:24] "GET /static/main.js HTTP/1.1" 200 -
[2025-07-24 17:44:24,388] INFO - 127.0.0.1 - - [24/Jul/2025 17:44:24] "[36mGET /static/styles.css HTTP/1.1[0m" 304 -
[2025-07-24 17:44:29,529] INFO - 127.0.0.1 - - [24/Jul/2025 17:44:29] "[36mGET /static/manifest.json HTTP/1.1[0m" 304 -
[2025-07-24 17:44:33,446] INFO - 127.0.0.1 - - [24/Jul/2025 17:44:33] "[32mGET /logout HTTP/1.1[0m" 302 -
[2025-07-24 17:44:33,852] INFO - 127.0.0.1 - - [24/Jul/2025 17:44:33] "GET /login HTTP/1.1" 200 -
[2025-07-24 17:44:34,400] INFO - 127.0.0.1 - - [24/Jul/2025 17:44:34] "[36mGET /static/styles.css HTTP/1.1[0m" 304 -
[2025-07-24 17:44:36,801] INFO - 127.0.0.1 - - [24/Jul/2025 17:44:36] "[36mGET /static/manifest.json HTTP/1.1[0m" 304 -
[2025-07-24 17:44:42,575] INFO - 127.0.0.1 - - [24/Jul/2025 17:44:42] "[32mPOST /login HTTP/1.1[0m" 302 -
[2025-07-24 17:44:42,583] INFO - 127.0.0.1 - - [24/Jul/2025 17:44:42] "GET /dashboard HTTP/1.1" 200 -
[2025-07-24 17:44:43,207] INFO - 127.0.0.1 - - [24/Jul/2025 17:44:43] "[36mGET /static/styles.css HTTP/1.1[0m" 304 -
[2025-07-24 17:44:43,232] INFO - 127.0.0.1 - - [24/Jul/2025 17:44:43] "[36mGET /static/main.js HTTP/1.1[0m" 304 -
[2025-07-24 17:44:44,285] INFO - 127.0.0.1 - - [24/Jul/2025 17:44:44] "[36mGET /static/manifest.json HTTP/1.1[0m" 304 -
[2025-07-24 17:45:02,288] WARNING - duplicate group name 123
[2025-07-24 17:45:02,289] INFO - 127.0.0.1 - - [24/Jul/2025 17:45:02] "[31m[1mPOST /dashboard/api/groups HTTP/1.1[0m" 400 -
[2025-07-24 17:45:05,379] WARNING - duplicate group name 123
[2025-07-24 17:45:05,381] INFO - 127.0.0.1 - - [24/Jul/2025 17:45:05] "[31m[1mPOST /dashboard/api/groups HTTP/1.1[0m" 400 -
[2025-07-24 17:45:06,933] WARNING - duplicate group name 123
[2025-07-24 17:45:06,934] INFO - 127.0.0.1 - - [24/Jul/2025 17:45:06] "[31m[1mPOST /dashboard/api/groups HTTP/1.1[0m" 400 -
[2025-07-24 17:45:08,817] INFO - created group 1232346
[2025-07-24 17:45:09,203] INFO - 127.0.0.1 - - [24/Jul/2025 17:45:09] "[35m[1mPOST /dashboard/api/groups HTTP/1.1[0m" 201 -
[2025-07-24 17:45:09,226] INFO - 127.0.0.1 - - [24/Jul/2025 17:45:09] "GET /dashboard/api/groups HTTP/1.1" 200 -
[2025-07-24 17:45:15,702] INFO - Running job "create_app.<locals>.enqueue_sync (trigger: interval[0:01:00], next run at: 2025-07-24 17:45:15 CEST)" (scheduled at 2025-07-24 17:45:15.686431+02:00)
[2025-07-24 17:45:15,775] ERROR - Job "create_app.<locals>.enqueue_sync (trigger: interval[0:01:00], next run at: 2025-07-24 17:46:15 CEST)" raised an exception
Traceback (most recent call last):
  File "C:\Users\norbe\AppData\Local\Programs\Python\Python313\Lib\site-packages\apscheduler\executors\base.py", line 125, in run_job
    retval = job.func(*job.args, **job.kwargs)
  File "F:\kick-multibot-panel\backend\__init__.py", line 97, in enqueue_sync
    scheduler.queue.enqueue(process_unsent_events, socketio)
    ~~~~~~~~~~~~~~~~~~~~~~~^^^^^^^^^^^^^^^^^^^^^^^^^^^^^^^^^
  File "C:\Users\norbe\AppData\Local\Programs\Python\Python313\Lib\site-packages\rq\queue.py", line 1011, in enqueue
    return self.enqueue_call(
           ~~~~~~~~~~~~~~~~~^
        func=f,
        ^^^^^^^
    ...<16 lines>...
        pipeline=pipeline,
        ^^^^^^^^^^^^^^^^^^
    )
    ^
  File "C:\Users\norbe\AppData\Local\Programs\Python\Python313\Lib\site-packages\rq\queue.py", line 743, in enqueue_call
    return self.enqueue_job(job, pipeline=pipeline, at_front=at_front)
           ~~~~~~~~~~~~~~~~^^^^^^^^^^^^^^^^^^^^^^^^^^^^^^^^^^^^^^^^^^^
  File "C:\Users\norbe\AppData\Local\Programs\Python\Python313\Lib\site-packages\rq\queue.py", line 1142, in enqueue_job
    return self._enqueue_job(job, pipeline=pipeline, at_front=at_front)
           ~~~~~~~~~~~~~~~~~^^^^^^^^^^^^^^^^^^^^^^^^^^^^^^^^^^^^^^^^^^^
  File "C:\Users\norbe\AppData\Local\Programs\Python\Python313\Lib\site-packages\rq\queue.py", line 1168, in _enqueue_job
    job.save(pipeline=pipe)
    ~~~~~~~~^^^^^^^^^^^^^^^
  File "C:\Users\norbe\AppData\Local\Programs\Python\Python313\Lib\site-packages\rq\job.py", line 1142, in save
    mapping = self.to_dict(include_meta=include_meta, include_result=include_result)
  File "C:\Users\norbe\AppData\Local\Programs\Python\Python313\Lib\site-packages\rq\job.py", line 1057, in to_dict
    'data': zlib.compress(self.data),
                          ^^^^^^^^^
  File "C:\Users\norbe\AppData\Local\Programs\Python\Python313\Lib\site-packages\rq\job.py", line 590, in data
    self._data = self.serializer.dumps(job_tuple)
                 ~~~~~~~~~~~~~~~~~~~~~^^^^^^^^^^^
AttributeError: Can't get local object 'Flask.__init__.<locals>.<lambda>'. Did you mean: '_data'?
[2025-07-24 17:45:25,517] INFO - 127.0.0.1 - - [24/Jul/2025 17:45:25] "GET /dashboard/api/bots?search=123 HTTP/1.1" 200 -
[2025-07-24 17:46:15,691] INFO - Running job "create_app.<locals>.enqueue_sync (trigger: interval[0:01:00], next run at: 2025-07-24 17:47:15 CEST)" (scheduled at 2025-07-24 17:46:15.686431+02:00)
[2025-07-24 17:46:15,695] ERROR - Job "create_app.<locals>.enqueue_sync (trigger: interval[0:01:00], next run at: 2025-07-24 17:47:15 CEST)" raised an exception
Traceback (most recent call last):
  File "C:\Users\norbe\AppData\Local\Programs\Python\Python313\Lib\site-packages\apscheduler\executors\base.py", line 125, in run_job
    retval = job.func(*job.args, **job.kwargs)
  File "F:\kick-multibot-panel\backend\__init__.py", line 97, in enqueue_sync
    scheduler.queue.enqueue(process_unsent_events, socketio)
    ~~~~~~~~~~~~~~~~~~~~~~~^^^^^^^^^^^^^^^^^^^^^^^^^^^^^^^^^
  File "C:\Users\norbe\AppData\Local\Programs\Python\Python313\Lib\site-packages\rq\queue.py", line 1011, in enqueue
    return self.enqueue_call(
           ~~~~~~~~~~~~~~~~~^
        func=f,
        ^^^^^^^
    ...<16 lines>...
        pipeline=pipeline,
        ^^^^^^^^^^^^^^^^^^
    )
    ^
  File "C:\Users\norbe\AppData\Local\Programs\Python\Python313\Lib\site-packages\rq\queue.py", line 743, in enqueue_call
    return self.enqueue_job(job, pipeline=pipeline, at_front=at_front)
           ~~~~~~~~~~~~~~~~^^^^^^^^^^^^^^^^^^^^^^^^^^^^^^^^^^^^^^^^^^^
  File "C:\Users\norbe\AppData\Local\Programs\Python\Python313\Lib\site-packages\rq\queue.py", line 1142, in enqueue_job
    return self._enqueue_job(job, pipeline=pipeline, at_front=at_front)
           ~~~~~~~~~~~~~~~~~^^^^^^^^^^^^^^^^^^^^^^^^^^^^^^^^^^^^^^^^^^^
  File "C:\Users\norbe\AppData\Local\Programs\Python\Python313\Lib\site-packages\rq\queue.py", line 1168, in _enqueue_job
    job.save(pipeline=pipe)
    ~~~~~~~~^^^^^^^^^^^^^^^
  File "C:\Users\norbe\AppData\Local\Programs\Python\Python313\Lib\site-packages\rq\job.py", line 1142, in save
    mapping = self.to_dict(include_meta=include_meta, include_result=include_result)
  File "C:\Users\norbe\AppData\Local\Programs\Python\Python313\Lib\site-packages\rq\job.py", line 1057, in to_dict
    'data': zlib.compress(self.data),
                          ^^^^^^^^^
  File "C:\Users\norbe\AppData\Local\Programs\Python\Python313\Lib\site-packages\rq\job.py", line 590, in data
    self._data = self.serializer.dumps(job_tuple)
                 ~~~~~~~~~~~~~~~~~~~~~^^^^^^^^^^^
AttributeError: Can't get local object 'Flask.__init__.<locals>.<lambda>'
[2025-07-24 17:46:25,617] INFO - 127.0.0.1 - - [24/Jul/2025 17:46:25] "[33mGET /.well-known/appspecific/com.chrome.devtools.json HTTP/1.1[0m" 404 -
[2025-07-24 17:46:25,621] INFO - 127.0.0.1 - - [24/Jul/2025 17:46:25] "[36mGET /static/styles.css HTTP/1.1[0m" 304 -
[2025-07-24 17:46:25,623] INFO - 127.0.0.1 - - [24/Jul/2025 17:46:25] "[36mGET /static/manifest.json HTTP/1.1[0m" 304 -
[2025-07-24 17:47:15,694] INFO - Running job "create_app.<locals>.enqueue_sync (trigger: interval[0:01:00], next run at: 2025-07-24 17:48:15 CEST)" (scheduled at 2025-07-24 17:47:15.686431+02:00)
[2025-07-24 17:47:15,698] ERROR - Job "create_app.<locals>.enqueue_sync (trigger: interval[0:01:00], next run at: 2025-07-24 17:48:15 CEST)" raised an exception
Traceback (most recent call last):
  File "C:\Users\norbe\AppData\Local\Programs\Python\Python313\Lib\site-packages\apscheduler\executors\base.py", line 125, in run_job
    retval = job.func(*job.args, **job.kwargs)
  File "F:\kick-multibot-panel\backend\__init__.py", line 97, in enqueue_sync
    scheduler.queue.enqueue(process_unsent_events, socketio)
    ~~~~~~~~~~~~~~~~~~~~~~~^^^^^^^^^^^^^^^^^^^^^^^^^^^^^^^^^
  File "C:\Users\norbe\AppData\Local\Programs\Python\Python313\Lib\site-packages\rq\queue.py", line 1011, in enqueue
    return self.enqueue_call(
           ~~~~~~~~~~~~~~~~~^
        func=f,
        ^^^^^^^
    ...<16 lines>...
        pipeline=pipeline,
        ^^^^^^^^^^^^^^^^^^
    )
    ^
  File "C:\Users\norbe\AppData\Local\Programs\Python\Python313\Lib\site-packages\rq\queue.py", line 743, in enqueue_call
    return self.enqueue_job(job, pipeline=pipeline, at_front=at_front)
           ~~~~~~~~~~~~~~~~^^^^^^^^^^^^^^^^^^^^^^^^^^^^^^^^^^^^^^^^^^^
  File "C:\Users\norbe\AppData\Local\Programs\Python\Python313\Lib\site-packages\rq\queue.py", line 1142, in enqueue_job
    return self._enqueue_job(job, pipeline=pipeline, at_front=at_front)
           ~~~~~~~~~~~~~~~~~^^^^^^^^^^^^^^^^^^^^^^^^^^^^^^^^^^^^^^^^^^^
  File "C:\Users\norbe\AppData\Local\Programs\Python\Python313\Lib\site-packages\rq\queue.py", line 1168, in _enqueue_job
    job.save(pipeline=pipe)
    ~~~~~~~~^^^^^^^^^^^^^^^
  File "C:\Users\norbe\AppData\Local\Programs\Python\Python313\Lib\site-packages\rq\job.py", line 1142, in save
    mapping = self.to_dict(include_meta=include_meta, include_result=include_result)
  File "C:\Users\norbe\AppData\Local\Programs\Python\Python313\Lib\site-packages\rq\job.py", line 1057, in to_dict
    'data': zlib.compress(self.data),
                          ^^^^^^^^^
  File "C:\Users\norbe\AppData\Local\Programs\Python\Python313\Lib\site-packages\rq\job.py", line 590, in data
    self._data = self.serializer.dumps(job_tuple)
                 ~~~~~~~~~~~~~~~~~~~~~^^^^^^^^^^^
AttributeError: Can't get local object 'Flask.__init__.<locals>.<lambda>'
[2025-07-24 17:48:15,695] INFO - Running job "create_app.<locals>.enqueue_sync (trigger: interval[0:01:00], next run at: 2025-07-24 17:49:15 CEST)" (scheduled at 2025-07-24 17:48:15.686431+02:00)
[2025-07-24 17:48:15,831] ERROR - Job "create_app.<locals>.enqueue_sync (trigger: interval[0:01:00], next run at: 2025-07-24 17:49:15 CEST)" raised an exception
Traceback (most recent call last):
  File "C:\Users\norbe\AppData\Local\Programs\Python\Python313\Lib\site-packages\apscheduler\executors\base.py", line 125, in run_job
    retval = job.func(*job.args, **job.kwargs)
  File "F:\kick-multibot-panel\backend\__init__.py", line 97, in enqueue_sync
    scheduler.queue.enqueue(process_unsent_events, socketio)
    ~~~~~~~~~~~~~~~~~~~~~~~^^^^^^^^^^^^^^^^^^^^^^^^^^^^^^^^^
  File "C:\Users\norbe\AppData\Local\Programs\Python\Python313\Lib\site-packages\rq\queue.py", line 1011, in enqueue
    return self.enqueue_call(
           ~~~~~~~~~~~~~~~~~^
        func=f,
        ^^^^^^^
    ...<16 lines>...
        pipeline=pipeline,
        ^^^^^^^^^^^^^^^^^^
    )
    ^
  File "C:\Users\norbe\AppData\Local\Programs\Python\Python313\Lib\site-packages\rq\queue.py", line 743, in enqueue_call
    return self.enqueue_job(job, pipeline=pipeline, at_front=at_front)
           ~~~~~~~~~~~~~~~~^^^^^^^^^^^^^^^^^^^^^^^^^^^^^^^^^^^^^^^^^^^
  File "C:\Users\norbe\AppData\Local\Programs\Python\Python313\Lib\site-packages\rq\queue.py", line 1142, in enqueue_job
    return self._enqueue_job(job, pipeline=pipeline, at_front=at_front)
           ~~~~~~~~~~~~~~~~~^^^^^^^^^^^^^^^^^^^^^^^^^^^^^^^^^^^^^^^^^^^
  File "C:\Users\norbe\AppData\Local\Programs\Python\Python313\Lib\site-packages\rq\queue.py", line 1168, in _enqueue_job
    job.save(pipeline=pipe)
    ~~~~~~~~^^^^^^^^^^^^^^^
  File "C:\Users\norbe\AppData\Local\Programs\Python\Python313\Lib\site-packages\rq\job.py", line 1142, in save
    mapping = self.to_dict(include_meta=include_meta, include_result=include_result)
  File "C:\Users\norbe\AppData\Local\Programs\Python\Python313\Lib\site-packages\rq\job.py", line 1057, in to_dict
    'data': zlib.compress(self.data),
                          ^^^^^^^^^
  File "C:\Users\norbe\AppData\Local\Programs\Python\Python313\Lib\site-packages\rq\job.py", line 590, in data
    self._data = self.serializer.dumps(job_tuple)
                 ~~~~~~~~~~~~~~~~~~~~~^^^^^^^^^^^
AttributeError: Can't get local object 'Flask.__init__.<locals>.<lambda>'
[2025-07-24 17:49:15,698] INFO - Running job "create_app.<locals>.enqueue_sync (trigger: interval[0:01:00], next run at: 2025-07-24 17:50:15 CEST)" (scheduled at 2025-07-24 17:49:15.686431+02:00)
[2025-07-24 17:49:15,701] ERROR - Job "create_app.<locals>.enqueue_sync (trigger: interval[0:01:00], next run at: 2025-07-24 17:50:15 CEST)" raised an exception
Traceback (most recent call last):
  File "C:\Users\norbe\AppData\Local\Programs\Python\Python313\Lib\site-packages\apscheduler\executors\base.py", line 125, in run_job
    retval = job.func(*job.args, **job.kwargs)
  File "F:\kick-multibot-panel\backend\__init__.py", line 97, in enqueue_sync
    scheduler.queue.enqueue(process_unsent_events, socketio)
    ~~~~~~~~~~~~~~~~~~~~~~~^^^^^^^^^^^^^^^^^^^^^^^^^^^^^^^^^
  File "C:\Users\norbe\AppData\Local\Programs\Python\Python313\Lib\site-packages\rq\queue.py", line 1011, in enqueue
    return self.enqueue_call(
           ~~~~~~~~~~~~~~~~~^
        func=f,
        ^^^^^^^
    ...<16 lines>...
        pipeline=pipeline,
        ^^^^^^^^^^^^^^^^^^
    )
    ^
  File "C:\Users\norbe\AppData\Local\Programs\Python\Python313\Lib\site-packages\rq\queue.py", line 743, in enqueue_call
    return self.enqueue_job(job, pipeline=pipeline, at_front=at_front)
           ~~~~~~~~~~~~~~~~^^^^^^^^^^^^^^^^^^^^^^^^^^^^^^^^^^^^^^^^^^^
  File "C:\Users\norbe\AppData\Local\Programs\Python\Python313\Lib\site-packages\rq\queue.py", line 1142, in enqueue_job
    return self._enqueue_job(job, pipeline=pipeline, at_front=at_front)
           ~~~~~~~~~~~~~~~~~^^^^^^^^^^^^^^^^^^^^^^^^^^^^^^^^^^^^^^^^^^^
  File "C:\Users\norbe\AppData\Local\Programs\Python\Python313\Lib\site-packages\rq\queue.py", line 1168, in _enqueue_job
    job.save(pipeline=pipe)
    ~~~~~~~~^^^^^^^^^^^^^^^
  File "C:\Users\norbe\AppData\Local\Programs\Python\Python313\Lib\site-packages\rq\job.py", line 1142, in save
    mapping = self.to_dict(include_meta=include_meta, include_result=include_result)
  File "C:\Users\norbe\AppData\Local\Programs\Python\Python313\Lib\site-packages\rq\job.py", line 1057, in to_dict
    'data': zlib.compress(self.data),
                          ^^^^^^^^^
  File "C:\Users\norbe\AppData\Local\Programs\Python\Python313\Lib\site-packages\rq\job.py", line 590, in data
    self._data = self.serializer.dumps(job_tuple)
                 ~~~~~~~~~~~~~~~~~~~~~^^^^^^^^^^^
AttributeError: Can't get local object 'Flask.__init__.<locals>.<lambda>'
[2025-07-24 17:50:15,696] INFO - Running job "create_app.<locals>.enqueue_sync (trigger: interval[0:01:00], next run at: 2025-07-24 17:51:15 CEST)" (scheduled at 2025-07-24 17:50:15.686431+02:00)
[2025-07-24 17:50:15,703] ERROR - Job "create_app.<locals>.enqueue_sync (trigger: interval[0:01:00], next run at: 2025-07-24 17:51:15 CEST)" raised an exception
Traceback (most recent call last):
  File "C:\Users\norbe\AppData\Local\Programs\Python\Python313\Lib\site-packages\apscheduler\executors\base.py", line 125, in run_job
    retval = job.func(*job.args, **job.kwargs)
  File "F:\kick-multibot-panel\backend\__init__.py", line 97, in enqueue_sync
    scheduler.queue.enqueue(process_unsent_events, socketio)
    ~~~~~~~~~~~~~~~~~~~~~~~^^^^^^^^^^^^^^^^^^^^^^^^^^^^^^^^^
  File "C:\Users\norbe\AppData\Local\Programs\Python\Python313\Lib\site-packages\rq\queue.py", line 1011, in enqueue
    return self.enqueue_call(
           ~~~~~~~~~~~~~~~~~^
        func=f,
        ^^^^^^^
    ...<16 lines>...
        pipeline=pipeline,
        ^^^^^^^^^^^^^^^^^^
    )
    ^
  File "C:\Users\norbe\AppData\Local\Programs\Python\Python313\Lib\site-packages\rq\queue.py", line 743, in enqueue_call
    return self.enqueue_job(job, pipeline=pipeline, at_front=at_front)
           ~~~~~~~~~~~~~~~~^^^^^^^^^^^^^^^^^^^^^^^^^^^^^^^^^^^^^^^^^^^
  File "C:\Users\norbe\AppData\Local\Programs\Python\Python313\Lib\site-packages\rq\queue.py", line 1142, in enqueue_job
    return self._enqueue_job(job, pipeline=pipeline, at_front=at_front)
           ~~~~~~~~~~~~~~~~~^^^^^^^^^^^^^^^^^^^^^^^^^^^^^^^^^^^^^^^^^^^
  File "C:\Users\norbe\AppData\Local\Programs\Python\Python313\Lib\site-packages\rq\queue.py", line 1168, in _enqueue_job
    job.save(pipeline=pipe)
    ~~~~~~~~^^^^^^^^^^^^^^^
  File "C:\Users\norbe\AppData\Local\Programs\Python\Python313\Lib\site-packages\rq\job.py", line 1142, in save
    mapping = self.to_dict(include_meta=include_meta, include_result=include_result)
  File "C:\Users\norbe\AppData\Local\Programs\Python\Python313\Lib\site-packages\rq\job.py", line 1057, in to_dict
    'data': zlib.compress(self.data),
                          ^^^^^^^^^
  File "C:\Users\norbe\AppData\Local\Programs\Python\Python313\Lib\site-packages\rq\job.py", line 590, in data
    self._data = self.serializer.dumps(job_tuple)
                 ~~~~~~~~~~~~~~~~~~~~~^^^^^^^^^^^
AttributeError: Can't get local object 'Flask.__init__.<locals>.<lambda>'
[2025-07-24 17:51:15,687] INFO - Running job "create_app.<locals>.enqueue_sync (trigger: interval[0:01:00], next run at: 2025-07-24 17:52:15 CEST)" (scheduled at 2025-07-24 17:51:15.686431+02:00)
[2025-07-24 17:51:15,692] ERROR - Job "create_app.<locals>.enqueue_sync (trigger: interval[0:01:00], next run at: 2025-07-24 17:52:15 CEST)" raised an exception
Traceback (most recent call last):
  File "C:\Users\norbe\AppData\Local\Programs\Python\Python313\Lib\site-packages\apscheduler\executors\base.py", line 125, in run_job
    retval = job.func(*job.args, **job.kwargs)
  File "F:\kick-multibot-panel\backend\__init__.py", line 97, in enqueue_sync
    scheduler.queue.enqueue(process_unsent_events, socketio)
    ~~~~~~~~~~~~~~~~~~~~~~~^^^^^^^^^^^^^^^^^^^^^^^^^^^^^^^^^
  File "C:\Users\norbe\AppData\Local\Programs\Python\Python313\Lib\site-packages\rq\queue.py", line 1011, in enqueue
    return self.enqueue_call(
           ~~~~~~~~~~~~~~~~~^
        func=f,
        ^^^^^^^
    ...<16 lines>...
        pipeline=pipeline,
        ^^^^^^^^^^^^^^^^^^
    )
    ^
  File "C:\Users\norbe\AppData\Local\Programs\Python\Python313\Lib\site-packages\rq\queue.py", line 743, in enqueue_call
    return self.enqueue_job(job, pipeline=pipeline, at_front=at_front)
           ~~~~~~~~~~~~~~~~^^^^^^^^^^^^^^^^^^^^^^^^^^^^^^^^^^^^^^^^^^^
  File "C:\Users\norbe\AppData\Local\Programs\Python\Python313\Lib\site-packages\rq\queue.py", line 1142, in enqueue_job
    return self._enqueue_job(job, pipeline=pipeline, at_front=at_front)
           ~~~~~~~~~~~~~~~~~^^^^^^^^^^^^^^^^^^^^^^^^^^^^^^^^^^^^^^^^^^^
  File "C:\Users\norbe\AppData\Local\Programs\Python\Python313\Lib\site-packages\rq\queue.py", line 1168, in _enqueue_job
    job.save(pipeline=pipe)
    ~~~~~~~~^^^^^^^^^^^^^^^
  File "C:\Users\norbe\AppData\Local\Programs\Python\Python313\Lib\site-packages\rq\job.py", line 1142, in save
    mapping = self.to_dict(include_meta=include_meta, include_result=include_result)
  File "C:\Users\norbe\AppData\Local\Programs\Python\Python313\Lib\site-packages\rq\job.py", line 1057, in to_dict
    'data': zlib.compress(self.data),
                          ^^^^^^^^^
  File "C:\Users\norbe\AppData\Local\Programs\Python\Python313\Lib\site-packages\rq\job.py", line 590, in data
    self._data = self.serializer.dumps(job_tuple)
                 ~~~~~~~~~~~~~~~~~~~~~^^^^^^^^^^^
AttributeError: Can't get local object 'Flask.__init__.<locals>.<lambda>'
[2025-07-24 18:54:30,769] INFO - Connected to Redis
[2025-07-24 18:54:30,785] INFO - Adding job tentatively -- it will be properly scheduled when the scheduler starts
[2025-07-24 18:54:30,785] INFO - Added job "create_app.<locals>.enqueue_sync" to job store "default"
[2025-07-24 18:54:30,786] INFO - Scheduler started
[2025-07-24 18:54:30,839] INFO - [31m[1mWARNING: This is a development server. Do not use it in a production deployment. Use a production WSGI server instead.[0m
 * Running on http://127.0.0.1:5000
[2025-07-24 18:54:30,839] INFO - [33mPress CTRL+C to quit[0m
[2025-07-24 18:54:31,161] INFO - 127.0.0.1 - - [24/Jul/2025 18:54:31] "[32mGET /logout HTTP/1.1[0m" 302 -
[2025-07-24 18:54:31,297] INFO - 127.0.0.1 - - [24/Jul/2025 18:54:31] "GET /login HTTP/1.1" 200 -
[2025-07-24 18:54:31,506] INFO - 127.0.0.1 - - [24/Jul/2025 18:54:31] "[36mGET /static/styles.css HTTP/1.1[0m" 304 -
[2025-07-24 18:54:35,144] INFO - 127.0.0.1 - - [24/Jul/2025 18:54:35] "[36mGET /static/manifest.json HTTP/1.1[0m" 304 -
[2025-07-24 18:54:42,448] INFO - 127.0.0.1 - - [24/Jul/2025 18:54:42] "[32mPOST /login HTTP/1.1[0m" 302 -
[2025-07-24 18:54:42,468] INFO - 127.0.0.1 - - [24/Jul/2025 18:54:42] "GET /dashboard HTTP/1.1" 200 -
[2025-07-24 18:54:42,521] INFO - 127.0.0.1 - - [24/Jul/2025 18:54:42] "[36mGET /static/styles.css HTTP/1.1[0m" 304 -
[2025-07-24 18:54:42,522] INFO - 127.0.0.1 - - [24/Jul/2025 18:54:42] "[36mGET /static/main.js HTTP/1.1[0m" 304 -
[2025-07-24 18:54:43,972] INFO - 127.0.0.1 - - [24/Jul/2025 18:54:43] "[36mGET /static/manifest.json HTTP/1.1[0m" 304 -
[2025-07-24 18:54:56,004] INFO - created group 1235
[2025-07-24 18:54:56,081] INFO - 127.0.0.1 - - [24/Jul/2025 18:54:56] "[35m[1mPOST /dashboard/api/groups HTTP/1.1[0m" 201 -
[2025-07-24 18:54:56,100] INFO - 127.0.0.1 - - [24/Jul/2025 18:54:56] "GET /dashboard/api/groups HTTP/1.1" 200 -
[2025-07-24 18:55:06,074] INFO - 127.0.0.1 - - [24/Jul/2025 18:55:06] "[36mGET /static/styles.css HTTP/1.1[0m" 304 -
[2025-07-24 18:55:06,076] INFO - 127.0.0.1 - - [24/Jul/2025 18:55:06] "[36mGET /static/manifest.json HTTP/1.1[0m" 304 -
[2025-07-24 18:55:06,079] INFO - 127.0.0.1 - - [24/Jul/2025 18:55:06] "[33mGET /.well-known/appspecific/com.chrome.devtools.json HTTP/1.1[0m" 404 -
[2025-07-24 18:55:25,416] WARNING - invalid group_id 1235 for account 1234
[2025-07-24 18:55:25,417] INFO - 127.0.0.1 - - [24/Jul/2025 18:55:25] "[31m[1mPOST /dashboard/api/accounts HTTP/1.1[0m" 400 -
[2025-07-24 18:55:27,385] INFO - created account 1234 in group 1
[2025-07-24 18:55:27,470] INFO - 127.0.0.1 - - [24/Jul/2025 18:55:27] "[35m[1mPOST /dashboard/api/accounts HTTP/1.1[0m" 201 -
[2025-07-24 18:55:27,488] INFO - 127.0.0.1 - - [24/Jul/2025 18:55:27] "GET /dashboard/api/accounts HTTP/1.1" 200 -
[2025-07-24 18:55:27,499] INFO - 127.0.0.1 - - [24/Jul/2025 18:55:27] "GET /dashboard/api/bots HTTP/1.1" 200 -
[2025-07-24 18:55:30,802] INFO - Running job "create_app.<locals>.enqueue_sync (trigger: interval[0:01:00], next run at: 2025-07-24 18:55:30 CEST)" (scheduled at 2025-07-24 18:55:30.785557+02:00)
[2025-07-24 18:55:30,883] ERROR - Job "create_app.<locals>.enqueue_sync (trigger: interval[0:01:00], next run at: 2025-07-24 18:56:30 CEST)" raised an exception
Traceback (most recent call last):
  File "C:\Users\norbe\AppData\Local\Programs\Python\Python313\Lib\site-packages\apscheduler\executors\base.py", line 125, in run_job
    retval = job.func(*job.args, **job.kwargs)
  File "F:\kick-multibot-panel\backend\__init__.py", line 97, in enqueue_sync
    scheduler.queue.enqueue(process_unsent_events, socketio)
    ~~~~~~~~~~~~~~~~~~~~~~~^^^^^^^^^^^^^^^^^^^^^^^^^^^^^^^^^
  File "C:\Users\norbe\AppData\Local\Programs\Python\Python313\Lib\site-packages\rq\queue.py", line 1011, in enqueue
    return self.enqueue_call(
           ~~~~~~~~~~~~~~~~~^
        func=f,
        ^^^^^^^
    ...<16 lines>...
        pipeline=pipeline,
        ^^^^^^^^^^^^^^^^^^
    )
    ^
  File "C:\Users\norbe\AppData\Local\Programs\Python\Python313\Lib\site-packages\rq\queue.py", line 743, in enqueue_call
    return self.enqueue_job(job, pipeline=pipeline, at_front=at_front)
           ~~~~~~~~~~~~~~~~^^^^^^^^^^^^^^^^^^^^^^^^^^^^^^^^^^^^^^^^^^^
  File "C:\Users\norbe\AppData\Local\Programs\Python\Python313\Lib\site-packages\rq\queue.py", line 1142, in enqueue_job
    return self._enqueue_job(job, pipeline=pipeline, at_front=at_front)
           ~~~~~~~~~~~~~~~~~^^^^^^^^^^^^^^^^^^^^^^^^^^^^^^^^^^^^^^^^^^^
  File "C:\Users\norbe\AppData\Local\Programs\Python\Python313\Lib\site-packages\rq\queue.py", line 1168, in _enqueue_job
    job.save(pipeline=pipe)
    ~~~~~~~~^^^^^^^^^^^^^^^
  File "C:\Users\norbe\AppData\Local\Programs\Python\Python313\Lib\site-packages\rq\job.py", line 1142, in save
    mapping = self.to_dict(include_meta=include_meta, include_result=include_result)
  File "C:\Users\norbe\AppData\Local\Programs\Python\Python313\Lib\site-packages\rq\job.py", line 1057, in to_dict
    'data': zlib.compress(self.data),
                          ^^^^^^^^^
  File "C:\Users\norbe\AppData\Local\Programs\Python\Python313\Lib\site-packages\rq\job.py", line 590, in data
    self._data = self.serializer.dumps(job_tuple)
                 ~~~~~~~~~~~~~~~~~~~~~^^^^^^^^^^^
AttributeError: Can't get local object 'Flask.__init__.<locals>.<lambda>'. Did you mean: '_data'?
[2025-07-24 18:56:11,621] INFO - Connected to Redis
[2025-07-24 18:56:11,623] INFO - Adding job tentatively -- it will be properly scheduled when the scheduler starts
[2025-07-24 18:56:11,623] INFO - Added job "create_app.<locals>.enqueue_sync" to job store "default"
[2025-07-24 18:56:11,624] INFO - Scheduler started
[2025-07-24 18:56:11,659] INFO - [31m[1mWARNING: This is a development server. Do not use it in a production deployment. Use a production WSGI server instead.[0m
 * Running on http://127.0.0.1:5000
[2025-07-24 18:56:11,659] INFO - [33mPress CTRL+C to quit[0m
[2025-07-24 18:56:17,259] INFO - 127.0.0.1 - - [24/Jul/2025 18:56:17] "GET /dashboard HTTP/1.1" 200 -
[2025-07-24 18:56:17,394] INFO - 127.0.0.1 - - [24/Jul/2025 18:56:17] "[33mGET /.well-known/appspecific/com.chrome.devtools.json HTTP/1.1[0m" 404 -
[2025-07-24 18:56:17,458] INFO - 127.0.0.1 - - [24/Jul/2025 18:56:17] "[36mGET /static/styles.css HTTP/1.1[0m" 304 -
[2025-07-24 18:56:17,473] INFO - 127.0.0.1 - - [24/Jul/2025 18:56:17] "[36mGET /static/main.js HTTP/1.1[0m" 304 -
[2025-07-24 18:56:19,849] INFO - 127.0.0.1 - - [24/Jul/2025 18:56:19] "[36mGET /static/manifest.json HTTP/1.1[0m" 304 -
[2025-07-24 18:57:11,633] INFO - Running job "create_app.<locals>.enqueue_sync (trigger: interval[0:01:00], next run at: 2025-07-24 18:57:11 CEST)" (scheduled at 2025-07-24 18:57:11.623457+02:00)
[2025-07-24 18:57:11,641] ERROR - Job "create_app.<locals>.enqueue_sync (trigger: interval[0:01:00], next run at: 2025-07-24 18:58:11 CEST)" raised an exception
Traceback (most recent call last):
  File "C:\Users\norbe\AppData\Local\Programs\Python\Python313\Lib\site-packages\apscheduler\executors\base.py", line 125, in run_job
    retval = job.func(*job.args, **job.kwargs)
  File "F:\kick-multibot-panel\backend\__init__.py", line 97, in enqueue_sync
    scheduler.queue.enqueue(process_unsent_events, socketio)
    ~~~~~~~~~~~~~~~~~~~~~~~^^^^^^^^^^^^^^^^^^^^^^^^^^^^^^^^^
  File "C:\Users\norbe\AppData\Local\Programs\Python\Python313\Lib\site-packages\rq\queue.py", line 1011, in enqueue
    return self.enqueue_call(
           ~~~~~~~~~~~~~~~~~^
        func=f,
        ^^^^^^^
    ...<16 lines>...
        pipeline=pipeline,
        ^^^^^^^^^^^^^^^^^^
    )
    ^
  File "C:\Users\norbe\AppData\Local\Programs\Python\Python313\Lib\site-packages\rq\queue.py", line 743, in enqueue_call
    return self.enqueue_job(job, pipeline=pipeline, at_front=at_front)
           ~~~~~~~~~~~~~~~~^^^^^^^^^^^^^^^^^^^^^^^^^^^^^^^^^^^^^^^^^^^
  File "C:\Users\norbe\AppData\Local\Programs\Python\Python313\Lib\site-packages\rq\queue.py", line 1142, in enqueue_job
    return self._enqueue_job(job, pipeline=pipeline, at_front=at_front)
           ~~~~~~~~~~~~~~~~~^^^^^^^^^^^^^^^^^^^^^^^^^^^^^^^^^^^^^^^^^^^
  File "C:\Users\norbe\AppData\Local\Programs\Python\Python313\Lib\site-packages\rq\queue.py", line 1168, in _enqueue_job
    job.save(pipeline=pipe)
    ~~~~~~~~^^^^^^^^^^^^^^^
  File "C:\Users\norbe\AppData\Local\Programs\Python\Python313\Lib\site-packages\rq\job.py", line 1142, in save
    mapping = self.to_dict(include_meta=include_meta, include_result=include_result)
  File "C:\Users\norbe\AppData\Local\Programs\Python\Python313\Lib\site-packages\rq\job.py", line 1057, in to_dict
    'data': zlib.compress(self.data),
                          ^^^^^^^^^
  File "C:\Users\norbe\AppData\Local\Programs\Python\Python313\Lib\site-packages\rq\job.py", line 590, in data
    self._data = self.serializer.dumps(job_tuple)
                 ~~~~~~~~~~~~~~~~~~~~~^^^^^^^^^^^
AttributeError: Can't get local object 'Flask.__init__.<locals>.<lambda>'. Did you mean: '_data'?
[2025-07-24 18:58:11,631] INFO - Running job "create_app.<locals>.enqueue_sync (trigger: interval[0:01:00], next run at: 2025-07-24 18:59:11 CEST)" (scheduled at 2025-07-24 18:58:11.623457+02:00)
[2025-07-24 18:58:11,635] ERROR - Job "create_app.<locals>.enqueue_sync (trigger: interval[0:01:00], next run at: 2025-07-24 18:59:11 CEST)" raised an exception
Traceback (most recent call last):
  File "C:\Users\norbe\AppData\Local\Programs\Python\Python313\Lib\site-packages\apscheduler\executors\base.py", line 125, in run_job
    retval = job.func(*job.args, **job.kwargs)
  File "F:\kick-multibot-panel\backend\__init__.py", line 97, in enqueue_sync
    scheduler.queue.enqueue(process_unsent_events, socketio)
    ~~~~~~~~~~~~~~~~~~~~~~~^^^^^^^^^^^^^^^^^^^^^^^^^^^^^^^^^
  File "C:\Users\norbe\AppData\Local\Programs\Python\Python313\Lib\site-packages\rq\queue.py", line 1011, in enqueue
    return self.enqueue_call(
           ~~~~~~~~~~~~~~~~~^
        func=f,
        ^^^^^^^
    ...<16 lines>...
        pipeline=pipeline,
        ^^^^^^^^^^^^^^^^^^
    )
    ^
  File "C:\Users\norbe\AppData\Local\Programs\Python\Python313\Lib\site-packages\rq\queue.py", line 743, in enqueue_call
    return self.enqueue_job(job, pipeline=pipeline, at_front=at_front)
           ~~~~~~~~~~~~~~~~^^^^^^^^^^^^^^^^^^^^^^^^^^^^^^^^^^^^^^^^^^^
  File "C:\Users\norbe\AppData\Local\Programs\Python\Python313\Lib\site-packages\rq\queue.py", line 1142, in enqueue_job
    return self._enqueue_job(job, pipeline=pipeline, at_front=at_front)
           ~~~~~~~~~~~~~~~~~^^^^^^^^^^^^^^^^^^^^^^^^^^^^^^^^^^^^^^^^^^^
  File "C:\Users\norbe\AppData\Local\Programs\Python\Python313\Lib\site-packages\rq\queue.py", line 1168, in _enqueue_job
    job.save(pipeline=pipe)
    ~~~~~~~~^^^^^^^^^^^^^^^
  File "C:\Users\norbe\AppData\Local\Programs\Python\Python313\Lib\site-packages\rq\job.py", line 1142, in save
    mapping = self.to_dict(include_meta=include_meta, include_result=include_result)
  File "C:\Users\norbe\AppData\Local\Programs\Python\Python313\Lib\site-packages\rq\job.py", line 1057, in to_dict
    'data': zlib.compress(self.data),
                          ^^^^^^^^^
  File "C:\Users\norbe\AppData\Local\Programs\Python\Python313\Lib\site-packages\rq\job.py", line 590, in data
    self._data = self.serializer.dumps(job_tuple)
                 ~~~~~~~~~~~~~~~~~~~~~^^^^^^^^^^^
AttributeError: Can't get local object 'Flask.__init__.<locals>.<lambda>'
[2025-07-24 18:59:11,633] INFO - Running job "create_app.<locals>.enqueue_sync (trigger: interval[0:01:00], next run at: 2025-07-24 19:00:11 CEST)" (scheduled at 2025-07-24 18:59:11.623457+02:00)
[2025-07-24 18:59:11,637] ERROR - Job "create_app.<locals>.enqueue_sync (trigger: interval[0:01:00], next run at: 2025-07-24 19:00:11 CEST)" raised an exception
Traceback (most recent call last):
  File "C:\Users\norbe\AppData\Local\Programs\Python\Python313\Lib\site-packages\apscheduler\executors\base.py", line 125, in run_job
    retval = job.func(*job.args, **job.kwargs)
  File "F:\kick-multibot-panel\backend\__init__.py", line 97, in enqueue_sync
    scheduler.queue.enqueue(process_unsent_events, socketio)
    ~~~~~~~~~~~~~~~~~~~~~~~^^^^^^^^^^^^^^^^^^^^^^^^^^^^^^^^^
  File "C:\Users\norbe\AppData\Local\Programs\Python\Python313\Lib\site-packages\rq\queue.py", line 1011, in enqueue
    return self.enqueue_call(
           ~~~~~~~~~~~~~~~~~^
        func=f,
        ^^^^^^^
    ...<16 lines>...
        pipeline=pipeline,
        ^^^^^^^^^^^^^^^^^^
    )
    ^
  File "C:\Users\norbe\AppData\Local\Programs\Python\Python313\Lib\site-packages\rq\queue.py", line 743, in enqueue_call
    return self.enqueue_job(job, pipeline=pipeline, at_front=at_front)
           ~~~~~~~~~~~~~~~~^^^^^^^^^^^^^^^^^^^^^^^^^^^^^^^^^^^^^^^^^^^
  File "C:\Users\norbe\AppData\Local\Programs\Python\Python313\Lib\site-packages\rq\queue.py", line 1142, in enqueue_job
    return self._enqueue_job(job, pipeline=pipeline, at_front=at_front)
           ~~~~~~~~~~~~~~~~~^^^^^^^^^^^^^^^^^^^^^^^^^^^^^^^^^^^^^^^^^^^
  File "C:\Users\norbe\AppData\Local\Programs\Python\Python313\Lib\site-packages\rq\queue.py", line 1168, in _enqueue_job
    job.save(pipeline=pipe)
    ~~~~~~~~^^^^^^^^^^^^^^^
  File "C:\Users\norbe\AppData\Local\Programs\Python\Python313\Lib\site-packages\rq\job.py", line 1142, in save
    mapping = self.to_dict(include_meta=include_meta, include_result=include_result)
  File "C:\Users\norbe\AppData\Local\Programs\Python\Python313\Lib\site-packages\rq\job.py", line 1057, in to_dict
    'data': zlib.compress(self.data),
                          ^^^^^^^^^
  File "C:\Users\norbe\AppData\Local\Programs\Python\Python313\Lib\site-packages\rq\job.py", line 590, in data
    self._data = self.serializer.dumps(job_tuple)
                 ~~~~~~~~~~~~~~~~~~~~~^^^^^^^^^^^
AttributeError: Can't get local object 'Flask.__init__.<locals>.<lambda>'
[2025-07-24 18:59:37,802] INFO - Connected to Redis
[2025-07-24 18:59:37,804] INFO - Adding job tentatively -- it will be properly scheduled when the scheduler starts
[2025-07-24 18:59:37,805] INFO - Added job "create_app.<locals>.enqueue_sync" to job store "default"
[2025-07-24 18:59:37,805] INFO - Scheduler started
[2025-07-24 18:59:37,833] INFO - [31m[1mWARNING: This is a development server. Do not use it in a production deployment. Use a production WSGI server instead.[0m
 * Running on http://127.0.0.1:5000
[2025-07-24 18:59:37,834] INFO - [33mPress CTRL+C to quit[0m
[2025-07-24 18:59:58,678] INFO - 127.0.0.1 - - [24/Jul/2025 18:59:58] "GET /dashboard HTTP/1.1" 200 -
[2025-07-24 18:59:58,833] INFO - 127.0.0.1 - - [24/Jul/2025 18:59:58] "[36mGET /static/styles.css HTTP/1.1[0m" 304 -
[2025-07-24 18:59:58,847] INFO - 127.0.0.1 - - [24/Jul/2025 18:59:58] "[36mGET /static/main.js HTTP/1.1[0m" 304 -
[2025-07-24 19:00:00,643] INFO - 127.0.0.1 - - [24/Jul/2025 19:00:00] "[36mGET /static/manifest.json HTTP/1.1[0m" 304 -
[2025-07-24 19:00:06,317] WARNING - duplicate group name qwer
[2025-07-24 19:00:06,318] INFO - 127.0.0.1 - - [24/Jul/2025 19:00:06] "[31m[1mPOST /dashboard/api/groups HTTP/1.1[0m" 400 -
[2025-07-24 19:00:09,042] WARNING - duplicate group name qwer
[2025-07-24 19:00:09,043] INFO - 127.0.0.1 - - [24/Jul/2025 19:00:09] "[31m[1mPOST /dashboard/api/groups HTTP/1.1[0m" 400 -
[2025-07-24 19:00:10,740] INFO - created group qwer1325
[2025-07-24 19:00:10,824] INFO - 127.0.0.1 - - [24/Jul/2025 19:00:10] "[35m[1mPOST /dashboard/api/groups HTTP/1.1[0m" 201 -
[2025-07-24 19:00:10,844] INFO - 127.0.0.1 - - [24/Jul/2025 19:00:10] "GET /dashboard/api/groups HTTP/1.1" 200 -
[2025-07-24 19:00:25,424] WARNING - invalid group_id 1234 for account 1234
[2025-07-24 19:00:25,425] INFO - 127.0.0.1 - - [24/Jul/2025 19:00:25] "[31m[1mPOST /dashboard/api/accounts HTTP/1.1[0m" 400 -
[2025-07-24 19:00:27,384] WARNING - duplicate account username 1234
[2025-07-24 19:00:27,384] INFO - 127.0.0.1 - - [24/Jul/2025 19:00:27] "[31m[1mPOST /dashboard/api/accounts HTTP/1.1[0m" 400 -
[2025-07-24 19:00:28,144] WARNING - duplicate account username 1234
[2025-07-24 19:00:28,145] INFO - 127.0.0.1 - - [24/Jul/2025 19:00:28] "[31m[1mPOST /dashboard/api/accounts HTTP/1.1[0m" 400 -
[2025-07-24 19:00:30,320] WARNING - duplicate account username 1234
[2025-07-24 19:00:30,321] INFO - 127.0.0.1 - - [24/Jul/2025 19:00:30] "[31m[1mPOST /dashboard/api/accounts HTTP/1.1[0m" 400 -
[2025-07-24 19:00:30,847] WARNING - duplicate account username 1234
[2025-07-24 19:00:30,847] INFO - 127.0.0.1 - - [24/Jul/2025 19:00:30] "[31m[1mPOST /dashboard/api/accounts HTTP/1.1[0m" 400 -
[2025-07-24 19:00:33,654] INFO - created account 1234123 in group 12
[2025-07-24 19:00:33,714] INFO - 127.0.0.1 - - [24/Jul/2025 19:00:33] "[35m[1mPOST /dashboard/api/accounts HTTP/1.1[0m" 201 -
[2025-07-24 19:00:33,738] INFO - 127.0.0.1 - - [24/Jul/2025 19:00:33] "GET /dashboard/api/accounts HTTP/1.1" 200 -
[2025-07-24 19:00:33,746] INFO - 127.0.0.1 - - [24/Jul/2025 19:00:33] "GET /dashboard/api/bots HTTP/1.1" 200 -
[2025-07-24 19:00:37,818] INFO - Running job "create_app.<locals>.enqueue_sync (trigger: interval[0:01:00], next run at: 2025-07-24 19:00:37 CEST)" (scheduled at 2025-07-24 19:00:37.804340+02:00)
[2025-07-24 19:00:37,825] ERROR - Job "create_app.<locals>.enqueue_sync (trigger: interval[0:01:00], next run at: 2025-07-24 19:01:37 CEST)" raised an exception
Traceback (most recent call last):
  File "C:\Users\norbe\AppData\Local\Programs\Python\Python313\Lib\site-packages\apscheduler\executors\base.py", line 125, in run_job
    retval = job.func(*job.args, **job.kwargs)
  File "F:\kick-multibot-panel\backend\__init__.py", line 97, in enqueue_sync
    scheduler.queue.enqueue(process_unsent_events, socketio)
    ~~~~~~~~~~~~~~~~~~~~~~~^^^^^^^^^^^^^^^^^^^^^^^^^^^^^^^^^
  File "C:\Users\norbe\AppData\Local\Programs\Python\Python313\Lib\site-packages\rq\queue.py", line 1011, in enqueue
    return self.enqueue_call(
           ~~~~~~~~~~~~~~~~~^
        func=f,
        ^^^^^^^
    ...<16 lines>...
        pipeline=pipeline,
        ^^^^^^^^^^^^^^^^^^
    )
    ^
  File "C:\Users\norbe\AppData\Local\Programs\Python\Python313\Lib\site-packages\rq\queue.py", line 743, in enqueue_call
    return self.enqueue_job(job, pipeline=pipeline, at_front=at_front)
           ~~~~~~~~~~~~~~~~^^^^^^^^^^^^^^^^^^^^^^^^^^^^^^^^^^^^^^^^^^^
  File "C:\Users\norbe\AppData\Local\Programs\Python\Python313\Lib\site-packages\rq\queue.py", line 1142, in enqueue_job
    return self._enqueue_job(job, pipeline=pipeline, at_front=at_front)
           ~~~~~~~~~~~~~~~~~^^^^^^^^^^^^^^^^^^^^^^^^^^^^^^^^^^^^^^^^^^^
  File "C:\Users\norbe\AppData\Local\Programs\Python\Python313\Lib\site-packages\rq\queue.py", line 1168, in _enqueue_job
    job.save(pipeline=pipe)
    ~~~~~~~~^^^^^^^^^^^^^^^
  File "C:\Users\norbe\AppData\Local\Programs\Python\Python313\Lib\site-packages\rq\job.py", line 1142, in save
    mapping = self.to_dict(include_meta=include_meta, include_result=include_result)
  File "C:\Users\norbe\AppData\Local\Programs\Python\Python313\Lib\site-packages\rq\job.py", line 1057, in to_dict
    'data': zlib.compress(self.data),
                          ^^^^^^^^^
  File "C:\Users\norbe\AppData\Local\Programs\Python\Python313\Lib\site-packages\rq\job.py", line 590, in data
    self._data = self.serializer.dumps(job_tuple)
                 ~~~~~~~~~~~~~~~~~~~~~^^^^^^^^^^^
AttributeError: Can't get local object 'Flask.__init__.<locals>.<lambda>'. Did you mean: '_data'?
[2025-07-24 19:01:37,820] INFO - Running job "create_app.<locals>.enqueue_sync (trigger: interval[0:01:00], next run at: 2025-07-24 19:02:37 CEST)" (scheduled at 2025-07-24 19:01:37.804340+02:00)
[2025-07-24 19:01:37,824] ERROR - Job "create_app.<locals>.enqueue_sync (trigger: interval[0:01:00], next run at: 2025-07-24 19:02:37 CEST)" raised an exception
Traceback (most recent call last):
  File "C:\Users\norbe\AppData\Local\Programs\Python\Python313\Lib\site-packages\apscheduler\executors\base.py", line 125, in run_job
    retval = job.func(*job.args, **job.kwargs)
  File "F:\kick-multibot-panel\backend\__init__.py", line 97, in enqueue_sync
    scheduler.queue.enqueue(process_unsent_events, socketio)
    ~~~~~~~~~~~~~~~~~~~~~~~^^^^^^^^^^^^^^^^^^^^^^^^^^^^^^^^^
  File "C:\Users\norbe\AppData\Local\Programs\Python\Python313\Lib\site-packages\rq\queue.py", line 1011, in enqueue
    return self.enqueue_call(
           ~~~~~~~~~~~~~~~~~^
        func=f,
        ^^^^^^^
    ...<16 lines>...
        pipeline=pipeline,
        ^^^^^^^^^^^^^^^^^^
    )
    ^
  File "C:\Users\norbe\AppData\Local\Programs\Python\Python313\Lib\site-packages\rq\queue.py", line 743, in enqueue_call
    return self.enqueue_job(job, pipeline=pipeline, at_front=at_front)
           ~~~~~~~~~~~~~~~~^^^^^^^^^^^^^^^^^^^^^^^^^^^^^^^^^^^^^^^^^^^
  File "C:\Users\norbe\AppData\Local\Programs\Python\Python313\Lib\site-packages\rq\queue.py", line 1142, in enqueue_job
    return self._enqueue_job(job, pipeline=pipeline, at_front=at_front)
           ~~~~~~~~~~~~~~~~~^^^^^^^^^^^^^^^^^^^^^^^^^^^^^^^^^^^^^^^^^^^
  File "C:\Users\norbe\AppData\Local\Programs\Python\Python313\Lib\site-packages\rq\queue.py", line 1168, in _enqueue_job
    job.save(pipeline=pipe)
    ~~~~~~~~^^^^^^^^^^^^^^^
  File "C:\Users\norbe\AppData\Local\Programs\Python\Python313\Lib\site-packages\rq\job.py", line 1142, in save
    mapping = self.to_dict(include_meta=include_meta, include_result=include_result)
  File "C:\Users\norbe\AppData\Local\Programs\Python\Python313\Lib\site-packages\rq\job.py", line 1057, in to_dict
    'data': zlib.compress(self.data),
                          ^^^^^^^^^
  File "C:\Users\norbe\AppData\Local\Programs\Python\Python313\Lib\site-packages\rq\job.py", line 590, in data
    self._data = self.serializer.dumps(job_tuple)
                 ~~~~~~~~~~~~~~~~~~~~~^^^^^^^^^^^
AttributeError: Can't get local object 'Flask.__init__.<locals>.<lambda>'
[2025-07-24 19:02:37,819] INFO - Running job "create_app.<locals>.enqueue_sync (trigger: interval[0:01:00], next run at: 2025-07-24 19:03:37 CEST)" (scheduled at 2025-07-24 19:02:37.804340+02:00)
[2025-07-24 19:02:37,823] ERROR - Job "create_app.<locals>.enqueue_sync (trigger: interval[0:01:00], next run at: 2025-07-24 19:03:37 CEST)" raised an exception
Traceback (most recent call last):
  File "C:\Users\norbe\AppData\Local\Programs\Python\Python313\Lib\site-packages\apscheduler\executors\base.py", line 125, in run_job
    retval = job.func(*job.args, **job.kwargs)
  File "F:\kick-multibot-panel\backend\__init__.py", line 97, in enqueue_sync
    scheduler.queue.enqueue(process_unsent_events, socketio)
    ~~~~~~~~~~~~~~~~~~~~~~~^^^^^^^^^^^^^^^^^^^^^^^^^^^^^^^^^
  File "C:\Users\norbe\AppData\Local\Programs\Python\Python313\Lib\site-packages\rq\queue.py", line 1011, in enqueue
    return self.enqueue_call(
           ~~~~~~~~~~~~~~~~~^
        func=f,
        ^^^^^^^
    ...<16 lines>...
        pipeline=pipeline,
        ^^^^^^^^^^^^^^^^^^
    )
    ^
  File "C:\Users\norbe\AppData\Local\Programs\Python\Python313\Lib\site-packages\rq\queue.py", line 743, in enqueue_call
    return self.enqueue_job(job, pipeline=pipeline, at_front=at_front)
           ~~~~~~~~~~~~~~~~^^^^^^^^^^^^^^^^^^^^^^^^^^^^^^^^^^^^^^^^^^^
  File "C:\Users\norbe\AppData\Local\Programs\Python\Python313\Lib\site-packages\rq\queue.py", line 1142, in enqueue_job
    return self._enqueue_job(job, pipeline=pipeline, at_front=at_front)
           ~~~~~~~~~~~~~~~~~^^^^^^^^^^^^^^^^^^^^^^^^^^^^^^^^^^^^^^^^^^^
  File "C:\Users\norbe\AppData\Local\Programs\Python\Python313\Lib\site-packages\rq\queue.py", line 1168, in _enqueue_job
    job.save(pipeline=pipe)
    ~~~~~~~~^^^^^^^^^^^^^^^
  File "C:\Users\norbe\AppData\Local\Programs\Python\Python313\Lib\site-packages\rq\job.py", line 1142, in save
    mapping = self.to_dict(include_meta=include_meta, include_result=include_result)
  File "C:\Users\norbe\AppData\Local\Programs\Python\Python313\Lib\site-packages\rq\job.py", line 1057, in to_dict
    'data': zlib.compress(self.data),
                          ^^^^^^^^^
  File "C:\Users\norbe\AppData\Local\Programs\Python\Python313\Lib\site-packages\rq\job.py", line 590, in data
    self._data = self.serializer.dumps(job_tuple)
                 ~~~~~~~~~~~~~~~~~~~~~^^^^^^^^^^^
AttributeError: Can't get local object 'Flask.__init__.<locals>.<lambda>'
[2025-07-24 19:08:24,563] INFO - Connected to Redis
[2025-07-24 19:08:24,564] INFO - Adding job tentatively -- it will be properly scheduled when the scheduler starts
[2025-07-24 19:08:24,565] INFO - Added job "create_app.<locals>.enqueue_sync" to job store "default"
[2025-07-24 19:08:24,565] INFO - Scheduler started
[2025-07-24 19:08:24,601] INFO - [31m[1mWARNING: This is a development server. Do not use it in a production deployment. Use a production WSGI server instead.[0m
 * Running on http://127.0.0.1:5000
[2025-07-24 19:08:24,601] INFO - [33mPress CTRL+C to quit[0m
[2025-07-24 19:08:41,724] INFO - 127.0.0.1 - - [24/Jul/2025 19:08:41] "GET /dashboard HTTP/1.1" 200 -
[2025-07-24 19:08:41,899] INFO - 127.0.0.1 - - [24/Jul/2025 19:08:41] "[36mGET /static/styles.css HTTP/1.1[0m" 304 -
[2025-07-24 19:08:41,910] INFO - 127.0.0.1 - - [24/Jul/2025 19:08:41] "[36mGET /static/main.js HTTP/1.1[0m" 304 -
[2025-07-24 19:08:43,576] INFO - 127.0.0.1 - - [24/Jul/2025 19:08:43] "[36mGET /static/manifest.json HTTP/1.1[0m" 304 -
[2025-07-24 19:08:50,524] INFO - created group 13246
[2025-07-24 19:08:50,609] INFO - 127.0.0.1 - - [24/Jul/2025 19:08:50] "[35m[1mPOST /dashboard/api/groups HTTP/1.1[0m" 201 -
[2025-07-24 19:08:50,630] INFO - 127.0.0.1 - - [24/Jul/2025 19:08:50] "GET /dashboard/api/groups HTTP/1.1" 200 -
[2025-07-24 19:08:58,682] INFO - created account 1346q3ty4g5 in group 1
[2025-07-24 19:08:58,759] INFO - 127.0.0.1 - - [24/Jul/2025 19:08:58] "[35m[1mPOST /dashboard/api/accounts HTTP/1.1[0m" 201 -
[2025-07-24 19:08:58,773] INFO - 127.0.0.1 - - [24/Jul/2025 19:08:58] "GET /dashboard/api/accounts HTTP/1.1" 200 -
[2025-07-24 19:08:58,786] INFO - 127.0.0.1 - - [24/Jul/2025 19:08:58] "GET /dashboard/api/bots HTTP/1.1" 200 -
[2025-07-24 19:09:24,570] INFO - Running job "create_app.<locals>.enqueue_sync (trigger: interval[0:01:00], next run at: 2025-07-24 19:09:24 CEST)" (scheduled at 2025-07-24 19:09:24.564682+02:00)
[2025-07-24 19:09:24,580] ERROR - Job "create_app.<locals>.enqueue_sync (trigger: interval[0:01:00], next run at: 2025-07-24 19:10:24 CEST)" raised an exception
Traceback (most recent call last):
  File "C:\Users\norbe\AppData\Local\Programs\Python\Python313\Lib\site-packages\apscheduler\executors\base.py", line 125, in run_job
    retval = job.func(*job.args, **job.kwargs)
  File "F:\kick-multibot-panel\backend\__init__.py", line 97, in enqueue_sync
    scheduler.queue.enqueue(process_unsent_events, socketio)
    ~~~~~~~~~~~~~~~~~~~~~~~^^^^^^^^^^^^^^^^^^^^^^^^^^^^^^^^^
  File "C:\Users\norbe\AppData\Local\Programs\Python\Python313\Lib\site-packages\rq\queue.py", line 1011, in enqueue
    return self.enqueue_call(
           ~~~~~~~~~~~~~~~~~^
        func=f,
        ^^^^^^^
    ...<16 lines>...
        pipeline=pipeline,
        ^^^^^^^^^^^^^^^^^^
    )
    ^
  File "C:\Users\norbe\AppData\Local\Programs\Python\Python313\Lib\site-packages\rq\queue.py", line 743, in enqueue_call
    return self.enqueue_job(job, pipeline=pipeline, at_front=at_front)
           ~~~~~~~~~~~~~~~~^^^^^^^^^^^^^^^^^^^^^^^^^^^^^^^^^^^^^^^^^^^
  File "C:\Users\norbe\AppData\Local\Programs\Python\Python313\Lib\site-packages\rq\queue.py", line 1142, in enqueue_job
    return self._enqueue_job(job, pipeline=pipeline, at_front=at_front)
           ~~~~~~~~~~~~~~~~~^^^^^^^^^^^^^^^^^^^^^^^^^^^^^^^^^^^^^^^^^^^
  File "C:\Users\norbe\AppData\Local\Programs\Python\Python313\Lib\site-packages\rq\queue.py", line 1168, in _enqueue_job
    job.save(pipeline=pipe)
    ~~~~~~~~^^^^^^^^^^^^^^^
  File "C:\Users\norbe\AppData\Local\Programs\Python\Python313\Lib\site-packages\rq\job.py", line 1142, in save
    mapping = self.to_dict(include_meta=include_meta, include_result=include_result)
  File "C:\Users\norbe\AppData\Local\Programs\Python\Python313\Lib\site-packages\rq\job.py", line 1057, in to_dict
    'data': zlib.compress(self.data),
                          ^^^^^^^^^
  File "C:\Users\norbe\AppData\Local\Programs\Python\Python313\Lib\site-packages\rq\job.py", line 590, in data
    self._data = self.serializer.dumps(job_tuple)
                 ~~~~~~~~~~~~~~~~~~~~~^^^^^^^^^^^
AttributeError: Can't get local object 'Flask.__init__.<locals>.<lambda>'. Did you mean: '_data'?
[2025-07-24 19:10:24,568] INFO - Running job "create_app.<locals>.enqueue_sync (trigger: interval[0:01:00], next run at: 2025-07-24 19:11:24 CEST)" (scheduled at 2025-07-24 19:10:24.564682+02:00)
[2025-07-24 19:10:24,571] ERROR - Job "create_app.<locals>.enqueue_sync (trigger: interval[0:01:00], next run at: 2025-07-24 19:11:24 CEST)" raised an exception
Traceback (most recent call last):
  File "C:\Users\norbe\AppData\Local\Programs\Python\Python313\Lib\site-packages\apscheduler\executors\base.py", line 125, in run_job
    retval = job.func(*job.args, **job.kwargs)
  File "F:\kick-multibot-panel\backend\__init__.py", line 97, in enqueue_sync
    scheduler.queue.enqueue(process_unsent_events, socketio)
    ~~~~~~~~~~~~~~~~~~~~~~~^^^^^^^^^^^^^^^^^^^^^^^^^^^^^^^^^
  File "C:\Users\norbe\AppData\Local\Programs\Python\Python313\Lib\site-packages\rq\queue.py", line 1011, in enqueue
    return self.enqueue_call(
           ~~~~~~~~~~~~~~~~~^
        func=f,
        ^^^^^^^
    ...<16 lines>...
        pipeline=pipeline,
        ^^^^^^^^^^^^^^^^^^
    )
    ^
  File "C:\Users\norbe\AppData\Local\Programs\Python\Python313\Lib\site-packages\rq\queue.py", line 743, in enqueue_call
    return self.enqueue_job(job, pipeline=pipeline, at_front=at_front)
           ~~~~~~~~~~~~~~~~^^^^^^^^^^^^^^^^^^^^^^^^^^^^^^^^^^^^^^^^^^^
  File "C:\Users\norbe\AppData\Local\Programs\Python\Python313\Lib\site-packages\rq\queue.py", line 1142, in enqueue_job
    return self._enqueue_job(job, pipeline=pipeline, at_front=at_front)
           ~~~~~~~~~~~~~~~~~^^^^^^^^^^^^^^^^^^^^^^^^^^^^^^^^^^^^^^^^^^^
  File "C:\Users\norbe\AppData\Local\Programs\Python\Python313\Lib\site-packages\rq\queue.py", line 1168, in _enqueue_job
    job.save(pipeline=pipe)
    ~~~~~~~~^^^^^^^^^^^^^^^
  File "C:\Users\norbe\AppData\Local\Programs\Python\Python313\Lib\site-packages\rq\job.py", line 1142, in save
    mapping = self.to_dict(include_meta=include_meta, include_result=include_result)
  File "C:\Users\norbe\AppData\Local\Programs\Python\Python313\Lib\site-packages\rq\job.py", line 1057, in to_dict
    'data': zlib.compress(self.data),
                          ^^^^^^^^^
  File "C:\Users\norbe\AppData\Local\Programs\Python\Python313\Lib\site-packages\rq\job.py", line 590, in data
    self._data = self.serializer.dumps(job_tuple)
                 ~~~~~~~~~~~~~~~~~~~~~^^^^^^^^^^^
AttributeError: Can't get local object 'Flask.__init__.<locals>.<lambda>'
[2025-07-24 19:11:24,578] INFO - Running job "create_app.<locals>.enqueue_sync (trigger: interval[0:01:00], next run at: 2025-07-24 19:12:24 CEST)" (scheduled at 2025-07-24 19:11:24.564682+02:00)
[2025-07-24 19:11:24,590] ERROR - Job "create_app.<locals>.enqueue_sync (trigger: interval[0:01:00], next run at: 2025-07-24 19:12:24 CEST)" raised an exception
Traceback (most recent call last):
  File "C:\Users\norbe\AppData\Local\Programs\Python\Python313\Lib\site-packages\apscheduler\executors\base.py", line 125, in run_job
    retval = job.func(*job.args, **job.kwargs)
  File "F:\kick-multibot-panel\backend\__init__.py", line 97, in enqueue_sync
    if getattr(app, "redis_online", True):
  File "C:\Users\norbe\AppData\Local\Programs\Python\Python313\Lib\site-packages\rq\queue.py", line 1011, in enqueue
    return self.enqueue_call(
           ~~~~~~~~~~~~~~~~~^
        func=f,
        ^^^^^^^
    ...<16 lines>...
        pipeline=pipeline,
        ^^^^^^^^^^^^^^^^^^
    )
    ^
  File "C:\Users\norbe\AppData\Local\Programs\Python\Python313\Lib\site-packages\rq\queue.py", line 743, in enqueue_call
    return self.enqueue_job(job, pipeline=pipeline, at_front=at_front)
           ~~~~~~~~~~~~~~~~^^^^^^^^^^^^^^^^^^^^^^^^^^^^^^^^^^^^^^^^^^^
  File "C:\Users\norbe\AppData\Local\Programs\Python\Python313\Lib\site-packages\rq\queue.py", line 1142, in enqueue_job
    return self._enqueue_job(job, pipeline=pipeline, at_front=at_front)
           ~~~~~~~~~~~~~~~~~^^^^^^^^^^^^^^^^^^^^^^^^^^^^^^^^^^^^^^^^^^^
  File "C:\Users\norbe\AppData\Local\Programs\Python\Python313\Lib\site-packages\rq\queue.py", line 1168, in _enqueue_job
    job.save(pipeline=pipe)
    ~~~~~~~~^^^^^^^^^^^^^^^
  File "C:\Users\norbe\AppData\Local\Programs\Python\Python313\Lib\site-packages\rq\job.py", line 1142, in save
    mapping = self.to_dict(include_meta=include_meta, include_result=include_result)
  File "C:\Users\norbe\AppData\Local\Programs\Python\Python313\Lib\site-packages\rq\job.py", line 1057, in to_dict
    'data': zlib.compress(self.data),
                          ^^^^^^^^^
  File "C:\Users\norbe\AppData\Local\Programs\Python\Python313\Lib\site-packages\rq\job.py", line 590, in data
    self._data = self.serializer.dumps(job_tuple)
                 ~~~~~~~~~~~~~~~~~~~~~^^^^^^^^^^^
AttributeError: Can't get local object 'Flask.__init__.<locals>.<lambda>'
[2025-07-24 19:12:15,858] INFO - Connected to Redis
[2025-07-24 19:12:15,861] INFO - Adding job tentatively -- it will be properly scheduled when the scheduler starts
[2025-07-24 19:12:15,861] INFO - Added job "create_app.<locals>.enqueue_sync" to job store "default"
[2025-07-24 19:12:15,862] INFO - Scheduler started
[2025-07-24 19:12:15,891] INFO - [31m[1mWARNING: This is a development server. Do not use it in a production deployment. Use a production WSGI server instead.[0m
 * Running on http://127.0.0.1:5000
[2025-07-24 19:12:15,891] INFO - [33mPress CTRL+C to quit[0m
[2025-07-24 19:12:28,458] INFO - 127.0.0.1 - - [24/Jul/2025 19:12:28] "GET /dashboard HTTP/1.1" 200 -
[2025-07-24 19:12:28,607] INFO - 127.0.0.1 - - [24/Jul/2025 19:12:28] "[36mGET /static/styles.css HTTP/1.1[0m" 304 -
[2025-07-24 19:12:28,626] INFO - 127.0.0.1 - - [24/Jul/2025 19:12:28] "GET /static/main.js HTTP/1.1" 200 -
[2025-07-24 19:12:30,370] INFO - 127.0.0.1 - - [24/Jul/2025 19:12:30] "[36mGET /static/manifest.json HTTP/1.1[0m" 304 -
[2025-07-24 19:12:37,940] INFO - 127.0.0.1 - - [24/Jul/2025 19:12:37] "[31m[1mGET /dashboard/api/bots?search=1123 HTTP/1.1[0m" 422 -
[2025-07-24 19:12:41,110] INFO - 127.0.0.1 - - [24/Jul/2025 19:12:41] "[31m[1mGET /dashboard/api/bots HTTP/1.1[0m" 422 -
[2025-07-24 19:12:49,380] INFO - created account wrth in group 1
[2025-07-24 19:12:49,466] INFO - 127.0.0.1 - - [24/Jul/2025 19:12:49] "[35m[1mPOST /dashboard/api/accounts HTTP/1.1[0m" 201 -
[2025-07-24 19:12:49,474] INFO - 127.0.0.1 - - [24/Jul/2025 19:12:49] "[31m[1mGET /dashboard/api/accounts HTTP/1.1[0m" 422 -
[2025-07-24 19:12:49,475] INFO - 127.0.0.1 - - [24/Jul/2025 19:12:49] "[31m[1mGET /dashboard/api/bots HTTP/1.1[0m" 422 -
[2025-07-24 19:12:52,487] INFO - created group srth
[2025-07-24 19:12:52,563] INFO - 127.0.0.1 - - [24/Jul/2025 19:12:52] "[35m[1mPOST /dashboard/api/groups HTTP/1.1[0m" 201 -
[2025-07-24 19:12:52,570] INFO - 127.0.0.1 - - [24/Jul/2025 19:12:52] "[31m[1mGET /dashboard/api/groups HTTP/1.1[0m" 422 -
[2025-07-24 19:13:00,270] INFO - created group srthsrthsrth
[2025-07-24 19:13:00,372] INFO - 127.0.0.1 - - [24/Jul/2025 19:13:00] "[35m[1mPOST /dashboard/api/groups HTTP/1.1[0m" 201 -
[2025-07-24 19:13:00,380] INFO - 127.0.0.1 - - [24/Jul/2025 19:13:00] "[31m[1mGET /dashboard/api/groups HTTP/1.1[0m" 422 -
[2025-07-24 19:13:06,650] INFO - created group srthsrthsrth421351
[2025-07-24 19:13:06,721] INFO - 127.0.0.1 - - [24/Jul/2025 19:13:06] "[35m[1mPOST /dashboard/api/groups HTTP/1.1[0m" 201 -
[2025-07-24 19:13:06,728] INFO - 127.0.0.1 - - [24/Jul/2025 19:13:06] "[31m[1mGET /dashboard/api/groups HTTP/1.1[0m" 422 -
[2025-07-24 19:13:14,978] INFO - created group werh123
[2025-07-24 19:13:15,047] INFO - 127.0.0.1 - - [24/Jul/2025 19:13:15] "[35m[1mPOST /dashboard/api/groups HTTP/1.1[0m" 201 -
[2025-07-24 19:13:15,055] INFO - 127.0.0.1 - - [24/Jul/2025 19:13:15] "[31m[1mGET /dashboard/api/groups HTTP/1.1[0m" 422 -
[2025-07-24 19:13:15,872] INFO - Running job "create_app.<locals>.enqueue_sync (trigger: interval[0:01:00], next run at: 2025-07-24 19:13:15 CEST)" (scheduled at 2025-07-24 19:13:15.861155+02:00)
[2025-07-24 19:13:15,877] INFO - Job "create_app.<locals>.enqueue_sync (trigger: interval[0:01:00], next run at: 2025-07-24 19:14:15 CEST)" executed successfully
[2025-07-24 19:13:21,444] INFO - created account wrthergh in group 1
[2025-07-24 19:13:21,522] INFO - 127.0.0.1 - - [24/Jul/2025 19:13:21] "[35m[1mPOST /dashboard/api/accounts HTTP/1.1[0m" 201 -
[2025-07-24 19:13:21,531] INFO - 127.0.0.1 - - [24/Jul/2025 19:13:21] "[31m[1mGET /dashboard/api/accounts HTTP/1.1[0m" 422 -
[2025-07-24 19:13:21,532] INFO - 127.0.0.1 - - [24/Jul/2025 19:13:21] "[31m[1mGET /dashboard/api/bots HTTP/1.1[0m" 422 -
[2025-07-24 19:13:23,873] INFO - 127.0.0.1 - - [24/Jul/2025 19:13:23] "[31m[1mGET /dashboard/api/bots?search=1234 HTTP/1.1[0m" 422 -
[2025-07-24 19:13:28,297] INFO - 127.0.0.1 - - [24/Jul/2025 19:13:28] "[32mGET /logout HTTP/1.1[0m" 302 -
[2025-07-24 19:13:28,315] INFO - 127.0.0.1 - - [24/Jul/2025 19:13:28] "GET /login HTTP/1.1" 200 -
[2025-07-24 19:13:28,402] INFO - 127.0.0.1 - - [24/Jul/2025 19:13:28] "[36mGET /static/styles.css HTTP/1.1[0m" 304 -
[2025-07-24 19:13:30,882] INFO - 127.0.0.1 - - [24/Jul/2025 19:13:30] "[36mGET /static/manifest.json HTTP/1.1[0m" 304 -
[2025-07-24 19:13:38,239] INFO - 127.0.0.1 - - [24/Jul/2025 19:13:38] "[32mPOST /login HTTP/1.1[0m" 302 -
[2025-07-24 19:13:38,255] INFO - 127.0.0.1 - - [24/Jul/2025 19:13:38] "GET /dashboard HTTP/1.1" 200 -
[2025-07-24 19:13:38,305] INFO - 127.0.0.1 - - [24/Jul/2025 19:13:38] "[36mGET /static/styles.css HTTP/1.1[0m" 304 -
[2025-07-24 19:13:38,306] INFO - 127.0.0.1 - - [24/Jul/2025 19:13:38] "[36mGET /static/main.js HTTP/1.1[0m" 304 -
[2025-07-24 19:13:39,691] INFO - 127.0.0.1 - - [24/Jul/2025 19:13:39] "[36mGET /static/manifest.json HTTP/1.1[0m" 304 -
[2025-07-24 19:13:42,060] INFO - created group erqaghhrg
[2025-07-24 19:13:42,136] INFO - 127.0.0.1 - - [24/Jul/2025 19:13:42] "[35m[1mPOST /dashboard/api/groups HTTP/1.1[0m" 201 -
[2025-07-24 19:13:42,143] INFO - 127.0.0.1 - - [24/Jul/2025 19:13:42] "[31m[1mGET /dashboard/api/groups HTTP/1.1[0m" 422 -
[2025-07-24 19:13:50,418] INFO - created account qerhqergh in group 1
[2025-07-24 19:13:50,495] INFO - 127.0.0.1 - - [24/Jul/2025 19:13:50] "[35m[1mPOST /dashboard/api/accounts HTTP/1.1[0m" 201 -
[2025-07-24 19:13:50,512] INFO - 127.0.0.1 - - [24/Jul/2025 19:13:50] "[31m[1mGET /dashboard/api/accounts HTTP/1.1[0m" 422 -
[2025-07-24 19:13:50,513] INFO - 127.0.0.1 - - [24/Jul/2025 19:13:50] "[31m[1mGET /dashboard/api/bots HTTP/1.1[0m" 422 -
[2025-07-24 19:14:15,868] INFO - Running job "create_app.<locals>.enqueue_sync (trigger: interval[0:01:00], next run at: 2025-07-24 19:15:15 CEST)" (scheduled at 2025-07-24 19:14:15.861155+02:00)
[2025-07-24 19:14:15,870] INFO - Job "create_app.<locals>.enqueue_sync (trigger: interval[0:01:00], next run at: 2025-07-24 19:15:15 CEST)" executed successfully
[2025-07-24 19:15:15,876] INFO - Running job "create_app.<locals>.enqueue_sync (trigger: interval[0:01:00], next run at: 2025-07-24 19:16:15 CEST)" (scheduled at 2025-07-24 19:15:15.861155+02:00)
[2025-07-24 19:15:15,878] INFO - Job "create_app.<locals>.enqueue_sync (trigger: interval[0:01:00], next run at: 2025-07-24 19:16:15 CEST)" executed successfully
[2025-07-24 19:16:15,864] INFO - Running job "create_app.<locals>.enqueue_sync (trigger: interval[0:01:00], next run at: 2025-07-24 19:17:15 CEST)" (scheduled at 2025-07-24 19:16:15.861155+02:00)
[2025-07-24 19:16:15,866] INFO - Job "create_app.<locals>.enqueue_sync (trigger: interval[0:01:00], next run at: 2025-07-24 19:17:15 CEST)" executed successfully
[2025-07-24 19:17:15,887] INFO - Running job "create_app.<locals>.enqueue_sync (trigger: interval[0:01:00], next run at: 2025-07-24 19:18:15 CEST)" (scheduled at 2025-07-24 19:17:15.861155+02:00)
[2025-07-24 19:17:15,892] INFO - Job "create_app.<locals>.enqueue_sync (trigger: interval[0:01:00], next run at: 2025-07-24 19:18:15 CEST)" executed successfully
[2025-07-24 19:18:15,864] INFO - Running job "create_app.<locals>.enqueue_sync (trigger: interval[0:01:00], next run at: 2025-07-24 19:19:15 CEST)" (scheduled at 2025-07-24 19:18:15.861155+02:00)
[2025-07-24 19:18:15,986] INFO - Job "create_app.<locals>.enqueue_sync (trigger: interval[0:01:00], next run at: 2025-07-24 19:19:15 CEST)" executed successfully
[2025-07-24 19:19:15,862] INFO - Running job "create_app.<locals>.enqueue_sync (trigger: interval[0:01:00], next run at: 2025-07-24 19:20:15 CEST)" (scheduled at 2025-07-24 19:19:15.861155+02:00)
[2025-07-24 19:19:15,925] INFO - Job "create_app.<locals>.enqueue_sync (trigger: interval[0:01:00], next run at: 2025-07-24 19:20:15 CEST)" executed successfully
[2025-07-24 19:20:15,863] INFO - Running job "create_app.<locals>.enqueue_sync (trigger: interval[0:01:00], next run at: 2025-07-24 19:21:15 CEST)" (scheduled at 2025-07-24 19:20:15.861155+02:00)
[2025-07-24 19:20:15,869] INFO - Job "create_app.<locals>.enqueue_sync (trigger: interval[0:01:00], next run at: 2025-07-24 19:21:15 CEST)" executed successfully
[2025-07-24 19:21:15,885] INFO - Running job "create_app.<locals>.enqueue_sync (trigger: interval[0:01:00], next run at: 2025-07-24 19:22:15 CEST)" (scheduled at 2025-07-24 19:21:15.861155+02:00)
[2025-07-24 19:21:15,899] INFO - Job "create_app.<locals>.enqueue_sync (trigger: interval[0:01:00], next run at: 2025-07-24 19:22:15 CEST)" executed successfully
[2025-07-24 19:22:16,022] INFO - Running job "create_app.<locals>.enqueue_sync (trigger: interval[0:01:00], next run at: 2025-07-24 19:22:15 CEST)" (scheduled at 2025-07-24 19:22:15.861155+02:00)
[2025-07-24 19:22:16,183] INFO - Job "create_app.<locals>.enqueue_sync (trigger: interval[0:01:00], next run at: 2025-07-24 19:23:15 CEST)" executed successfully
[2025-07-24 19:23:15,901] INFO - Running job "create_app.<locals>.enqueue_sync (trigger: interval[0:01:00], next run at: 2025-07-24 19:24:15 CEST)" (scheduled at 2025-07-24 19:23:15.861155+02:00)
[2025-07-24 19:23:16,088] INFO - Job "create_app.<locals>.enqueue_sync (trigger: interval[0:01:00], next run at: 2025-07-24 19:24:15 CEST)" executed successfully
[2025-07-24 19:24:15,941] INFO - Running job "create_app.<locals>.enqueue_sync (trigger: interval[0:01:00], next run at: 2025-07-24 19:25:15 CEST)" (scheduled at 2025-07-24 19:24:15.861155+02:00)
[2025-07-24 19:24:16,004] INFO - Job "create_app.<locals>.enqueue_sync (trigger: interval[0:01:00], next run at: 2025-07-24 19:25:15 CEST)" executed successfully
[2025-07-24 19:27:00,674] INFO - Connected to Redis
[2025-07-24 19:27:00,677] INFO - Adding job tentatively -- it will be properly scheduled when the scheduler starts
[2025-07-24 19:27:00,678] INFO - Added job "create_app.<locals>.enqueue_sync" to job store "default"
[2025-07-24 19:27:00,678] INFO - Scheduler started
[2025-07-24 19:27:00,737] INFO - [31m[1mWARNING: This is a development server. Do not use it in a production deployment. Use a production WSGI server instead.[0m
 * Running on http://127.0.0.1:5000
[2025-07-24 19:27:00,737] INFO - [33mPress CTRL+C to quit[0m
[2025-07-24 19:27:28,225] INFO - 127.0.0.1 - - [24/Jul/2025 19:27:28] "[32mGET /logout HTTP/1.1[0m" 302 -
[2025-07-24 19:27:28,254] INFO - 127.0.0.1 - - [24/Jul/2025 19:27:28] "GET /login HTTP/1.1" 200 -
[2025-07-24 19:27:28,545] INFO - 127.0.0.1 - - [24/Jul/2025 19:27:28] "[36mGET /static/styles.css HTTP/1.1[0m" 304 -
[2025-07-24 19:27:31,302] INFO - 127.0.0.1 - - [24/Jul/2025 19:27:31] "[36mGET /static/manifest.json HTTP/1.1[0m" 304 -
[2025-07-24 19:27:37,594] INFO - 127.0.0.1 - - [24/Jul/2025 19:27:37] "[32mPOST /login HTTP/1.1[0m" 302 -
[2025-07-24 19:27:37,611] INFO - 127.0.0.1 - - [24/Jul/2025 19:27:37] "GET /dashboard HTTP/1.1" 200 -
[2025-07-24 19:27:37,668] INFO - 127.0.0.1 - - [24/Jul/2025 19:27:37] "[36mGET /static/styles.css HTTP/1.1[0m" 304 -
[2025-07-24 19:27:37,669] INFO - 127.0.0.1 - - [24/Jul/2025 19:27:37] "[36mGET /static/main.js HTTP/1.1[0m" 304 -
[2025-07-24 19:27:39,016] INFO - 127.0.0.1 - - [24/Jul/2025 19:27:39] "[36mGET /static/manifest.json HTTP/1.1[0m" 304 -
[2025-07-24 19:27:43,357] INFO - created group werty
[2025-07-24 19:27:43,535] INFO - 127.0.0.1 - - [24/Jul/2025 19:27:43] "[35m[1mPOST /dashboard/api/groups HTTP/1.1[0m" 201 -
[2025-07-24 19:27:43,543] INFO - 127.0.0.1 - - [24/Jul/2025 19:27:43] "[31m[1mGET /dashboard/api/groups HTTP/1.1[0m" 422 -
[2025-07-24 19:27:51,523] INFO - created account sdfg in group 1
[2025-07-24 19:27:51,607] INFO - 127.0.0.1 - - [24/Jul/2025 19:27:51] "[35m[1mPOST /dashboard/api/accounts HTTP/1.1[0m" 201 -
[2025-07-24 19:27:51,617] INFO - 127.0.0.1 - - [24/Jul/2025 19:27:51] "[31m[1mGET /dashboard/api/accounts HTTP/1.1[0m" 422 -
[2025-07-24 19:27:51,618] INFO - 127.0.0.1 - - [24/Jul/2025 19:27:51] "[31m[1mGET /dashboard/api/bots HTTP/1.1[0m" 422 -
[2025-07-24 19:28:00,682] INFO - Running job "create_app.<locals>.enqueue_sync (trigger: interval[0:01:00], next run at: 2025-07-24 19:28:00 CEST)" (scheduled at 2025-07-24 19:28:00.677737+02:00)
[2025-07-24 19:28:00,698] INFO - Job "create_app.<locals>.enqueue_sync (trigger: interval[0:01:00], next run at: 2025-07-24 19:29:00 CEST)" executed successfully
[2025-07-24 19:29:00,680] INFO - Running job "create_app.<locals>.enqueue_sync (trigger: interval[0:01:00], next run at: 2025-07-24 19:30:00 CEST)" (scheduled at 2025-07-24 19:29:00.677737+02:00)
[2025-07-24 19:29:00,682] INFO - Job "create_app.<locals>.enqueue_sync (trigger: interval[0:01:00], next run at: 2025-07-24 19:30:00 CEST)" executed successfully
[2025-07-24 19:30:00,682] INFO - Running job "create_app.<locals>.enqueue_sync (trigger: interval[0:01:00], next run at: 2025-07-24 19:31:00 CEST)" (scheduled at 2025-07-24 19:30:00.677737+02:00)
[2025-07-24 19:30:00,683] INFO - Job "create_app.<locals>.enqueue_sync (trigger: interval[0:01:00], next run at: 2025-07-24 19:31:00 CEST)" executed successfully
[2025-07-24 19:31:00,683] INFO - Running job "create_app.<locals>.enqueue_sync (trigger: interval[0:01:00], next run at: 2025-07-24 19:32:00 CEST)" (scheduled at 2025-07-24 19:31:00.677737+02:00)
[2025-07-24 19:31:00,684] INFO - Job "create_app.<locals>.enqueue_sync (trigger: interval[0:01:00], next run at: 2025-07-24 19:32:00 CEST)" executed successfully
